plasmid_id,plasmid_name,TGframe,orf_frame,strand,start,stop,length_aa,overlap,has_promoter,has_terminator,dist_promoter,dist_terminator,is_hidden_ORFs,is_putatively_expressible_hidden_ORFs
102540,pMi(3xP3-EGFP),RF,3,-,734,1534,267,spanning_target_gene,FALSE,FALSE,-,-,TRUE,FALSE
100798,pAAV-syn-FLEX-splitTVA-EGFP-tTA,RF,3,+,1389,2843,485,spanning_target_gene,TRUE,TRUE,783,714,TRUE,TRUE
100519,pLC242-GFP-Sestrin2,RF,2,-,1377,2759,461,spanning_target_gene,FALSE,FALSE,-,-,TRUE,FALSE
102417,pVC-Ds-E1b:eGFP-Ds,CF+2,1,+,1552,2442,297,spanning_target_gene,FALSE,TRUE,-,192,TRUE,FALSE
105239,PAX6 donor plasmid,RF,2,-,1016,2236,407,spanning_target_gene,FALSE,FALSE,-,-,TRUE,FALSE
100520,pLC242-GFP-SAMTOR,RF,2,-,1377,2510,378,spanning_target_gene,FALSE,FALSE,-,-,TRUE,FALSE
105073,Drd1a->M71-IRES-tauGFP ACNF TV,RF,3,-,7381,8379,333,spanning_target_gene,FALSE,TRUE,-,16271,TRUE,FALSE
104442,GST-BHMT-I/G,RF,1,+,433,1293,287,spanning_target_gene,FALSE,FALSE,-,-,TRUE,FALSE
101292,GFP-mROCK1-delta4,RF,2,-,1326,2489,388,spanning_target_gene,FALSE,FALSE,-,-,TRUE,FALSE
105072,Mc4r->M71-IRES-tauGFP ACNF TV,RF,3,-,9278,10276,333,spanning_target_gene,FALSE,TRUE,-,15928,TRUE,FALSE
105297,pEGFP Tensin1,RF,1,-,1338,2309,324,spanning_target_gene,FALSE,FALSE,-,-,TRUE,FALSE
105299,pEGFP Tensin3,RF,2,-,1295,2077,261,spanning_target_gene,FALSE,FALSE,-,-,TRUE,FALSE
104381,SLC30A10-GFP,CF+2,3,+,2013,2804,264,spanning_target_gene,TRUE,TRUE,1504,105,TRUE,TRUE
101920,pINDUCER dCas9-TET1CDMut,CF+2,2,+,12110,13201,364,spanning_target_gene,TRUE,TRUE,1391,839,TRUE,TRUE
102254,GFP-BICDN-CIBN,RF,2,-,607,1677,357,spanning_target_gene,FALSE,FALSE,-,-,TRUE,FALSE
102726,Ad-EphA3 KD,RF,3,-,4260,5039,260,spanning_target_gene,FALSE,FALSE,-,-,TRUE,FALSE
101921,pINDUCER dCas9-TET1CD,CF+2,1,+,12106,13197,364,spanning_target_gene,TRUE,TRUE,1387,839,TRUE,TRUE
104075,eGFP-KCC2,RF,2,-,538,2265,576,spanning_target_gene,FALSE,FALSE,-,-,TRUE,FALSE
105198,b2AR->M71-IRES-tauGFP-ACNF TV,RF,1,-,1526,2524,333,spanning_target_gene,FALSE,TRUE,-,16155,TRUE,FALSE
102725,Ad-EphA3 WT,RF,2,-,17386,18165,260,spanning_target_gene,FALSE,FALSE,-,-,TRUE,FALSE
102724,Ad-EFNA1,RF,2,-,15886,16665,260,spanning_target_gene,FALSE,FALSE,-,-,TRUE,FALSE
105549,pAAV.GFAP.eGFP.WPRE.hGH,CF+2,1,+,2314,3297,328,spanning_target_gene,FALSE,TRUE,-,629,TRUE,FALSE
105540,pENN.AAV.hSyn.HI.eGFP-Cre.WPRE.SV40,CF+2,2,+,1136,2008,291,spanning_target_gene,TRUE,FALSE,232,-,TRUE,FALSE
105545,pAAV.CMV.HI.eGFP-Cre.WPRE.SV40,CF+2,3,+,1071,1943,291,spanning_target_gene,TRUE,TRUE,269,1707,TRUE,TRUE
105962,pME GFP-DCX,CF+2,1,+,628,1473,282,spanning_target_gene,FALSE,FALSE,-,-,TRUE,FALSE
105962,pME GFP-DCX,RF,3,-,581,1462,294,spanning_target_gene,FALSE,FALSE,-,-,TRUE,FALSE
105807,pKK-RNAi-nucEGFPmiR-FLAG-TEV,RF,3,+,582,2066,495,spanning_target_gene,FALSE,TRUE,4853,512,TRUE,FALSE
105812,pKK-RNAi-nucEGFPmiR-TEV-mCherry,RF,1,+,583,2067,495,spanning_target_gene,FALSE,TRUE,5520,1179,TRUE,FALSE
105811,pKK-RNAi-nucEGFPmiR-TEV-FLAG,RF,2,+,572,2056,495,spanning_target_gene,FALSE,TRUE,4836,495,TRUE,FALSE
105551,pENN.AAV.CamKII.HI.GFP-Cre.WPRE.SV40,CF+2,3,+,1659,2531,291,spanning_target_gene,TRUE,TRUE,201,1707,TRUE,TRUE
107195,cmamxA1-GFP,CF+2,2,+,1604,2389,262,spanning_target_gene,TRUE,TRUE,1095,105,TRUE,TRUE
105946,HS-aPKC-CAAX-GFP,CF+2,1,+,1741,2688,316,spanning_target_gene,FALSE,TRUE,-,1847,TRUE,FALSE
105952,HS-Utrophin-GFP,RF,1,-,2771,3637,289,spanning_target_gene,FALSE,TRUE,-,7382,TRUE,FALSE
105808,pKK-RNAi-nucEGFPmiR-mCherry-TEV,RF,2,+,569,2053,495,spanning_target_gene,FALSE,TRUE,5534,1193,TRUE,FALSE
107194,anxA1-GFP,CF+2,2,+,1604,2389,262,spanning_target_gene,TRUE,TRUE,1095,105,TRUE,TRUE
105961,bactin:GFP-DCX,RF,3,-,6651,7469,273,spanning_target_gene,FALSE,TRUE,-,11261,TRUE,FALSE
108221,pEGFP.90 beta,RF,3,-,636,1940,435,spanning_target_gene,FALSE,FALSE,-,-,TRUE,FALSE
107551,pCW57.1 N-term GFP tTA,RF,3,-,369,1892,508,spanning_target_gene,FALSE,FALSE,-,-,TRUE,FALSE
106334,pENTR4-EGFP_opt,CF+2,3,+,60,1013,318,spanning_target_gene,FALSE,FALSE,-,-,TRUE,FALSE
106941,pEGFP-N1 Full length Importin beta,CF+2,3,+,3150,3944,265,spanning_target_gene,TRUE,TRUE,2641,105,TRUE,TRUE
105959,ath5:GFP-DCX,RF,1,-,6458,7276,273,spanning_target_gene,FALSE,TRUE,-,11069,TRUE,FALSE
108080,Vmn2r1-D-tauGFP TV,RF,2,-,3582,4679,366,spanning_target_gene,FALSE,TRUE,-,14145,TRUE,FALSE
108226,pET/LEGH,RF,1,-,222,983,254,spanning_target_gene,FALSE,FALSE,-,-,TRUE,FALSE
107505,pLenti CMV Puro DEST (w118-1) eGFP,RF,1,-,3793,4782,330,spanning_target_gene,FALSE,FALSE,-,-,TRUE,FALSE
107696,pEGFP-Zdk1-EB1C,RF,2,-,598,1395,266,spanning_target_gene,FALSE,FALSE,-,-,TRUE,FALSE
108895,pME-EGFP-P2A-APEX2-NS,CF+2,1,+,646,1401,252,spanning_target_gene,FALSE,FALSE,-,-,TRUE,FALSE
110203,pTK-enhNC1.1_M3-MCS-2A-eGFP-SV40pA,CF+2,2,+,1253,2068,272,spanning_target_gene,FALSE,TRUE,-,2911,TRUE,FALSE
11155,pUB-GFP,RF,2,+,4709,558,325,spanning_target_gene,FALSE,FALSE,-,-,TRUE,FALSE
109025,pLenti-X1-Neo-GFP-ATL3-deltaTM,RF,1,-,1229,2056,276,spanning_target_gene,FALSE,FALSE,-,-,TRUE,FALSE
109024,pLenti-X1-Neo-GFP-ATL3,RF,1,-,4514,5341,276,spanning_target_gene,FALSE,FALSE,-,-,TRUE,FALSE
110734,pHDR-CDKN2A-Ex2-CMV-EGFP,RF,1,-,4391,5434,348,spanning_target_gene,FALSE,FALSE,-,-,TRUE,FALSE
110060,FUW mCherry-GFP-LC3,RF,3,-,3174,4883,570,spanning_target_gene,FALSE,FALSE,-,-,TRUE,FALSE
110170,pEGFP-MyosinVb-Ctail,RF,1,-,598,1386,263,spanning_target_gene,FALSE,FALSE,-,-,TRUE,FALSE
110497,Yes-EGFP,CF+2,2,+,2219,2983,255,spanning_target_gene,TRUE,TRUE,1710,105,TRUE,TRUE
110498,EGFP-RILP,RF,3,-,538,1392,285,spanning_target_gene,FALSE,FALSE,-,-,TRUE,FALSE
11153,pCMV-GFP,RF,3,-,371,1300,310,spanning_target_gene,FALSE,FALSE,-,-,TRUE,FALSE
11150,pCAG-GFP,CF+2,2,+,1652,2632,327,spanning_target_gene,TRUE,TRUE,988,17,TRUE,TRUE
11150,pCAG-GFP,RF,1,-,1716,2636,307,spanning_target_gene,FALSE,FALSE,-,-,TRUE,FALSE
111191,EGFP-GEM,RF,1,-,656,1612,319,spanning_target_gene,FALSE,FALSE,-,-,TRUE,FALSE
111815,pGEMT-PT2A-Tdtomato-iRFP670-GFP,CF+2,1,+,2392,3312,307,spanning_target_gene,FALSE,FALSE,-,-,TRUE,FALSE
111815,pGEMT-PT2A-Tdtomato-iRFP670-GFP,RF,3,-,2546,3403,286,spanning_target_gene,FALSE,FALSE,-,-,TRUE,FALSE
11154,pEF-GFP,RF,3,-,1029,2126,366,spanning_target_gene,FALSE,FALSE,-,-,TRUE,FALSE
111771,pGEMT-Mef2c-tPT2A-GFP,CF+2,2,+,1520,2326,269,spanning_target_gene,FALSE,FALSE,-,-,TRUE,FALSE
111771,pGEMT-Mef2c-tPT2A-GFP,RF,3,-,1515,2360,282,spanning_target_gene,FALSE,FALSE,-,-,TRUE,FALSE
111817,pGEMT-PT2A-iRFP670-Tdtomato-GFP,CF+2,2,+,3176,3937,254,spanning_target_gene,FALSE,FALSE,-,-,TRUE,FALSE
111817,pGEMT-PT2A-iRFP670-Tdtomato-GFP,RF,1,-,3171,4028,286,spanning_target_gene,FALSE,FALSE,-,-,TRUE,FALSE
110693,pSICO-CPSF6-358-eGFP,RF,1,-,4684,5427,248,spanning_target_gene,FALSE,FALSE,-,-,TRUE,FALSE
112246,pEGFP Cited2,RF,2,-,591,1454,288,spanning_target_gene,FALSE,FALSE,-,-,TRUE,FALSE
112250,p87AAVEGFP hp47phox (S303/304/328D),RF,2,-,1186,2142,319,spanning_target_gene,FALSE,FALSE,-,-,TRUE,FALSE
112744,pLJM1 Raptor GFP,CF+2,1,+,7243,8259,339,spanning_target_gene,TRUE,TRUE,3840,1419,TRUE,TRUE
112245,pEGFPc1 hp47phox (S303/304/328D),RF,2,-,667,1566,300,spanning_target_gene,FALSE,FALSE,-,-,TRUE,FALSE
112847,pSYN-LL5BIP-GFP,RF,3,-,1233,2123,297,spanning_target_gene,FALSE,FALSE,-,-,TRUE,FALSE
112837,pcDNA3.1(+)/Puro/FA/GFP-N--Grb2-2,RF,3,-,662,1501,280,spanning_target_gene,FALSE,FALSE,-,-,TRUE,FALSE
112213,pAAV-5U6-sgRNAs-hsyn-EGFP,CF+2,1,+,2104,3387,428,spanning_target_gene,FALSE,TRUE,6136,6477,TRUE,FALSE
112843,pcDNA3.1(+)/Puro/FA/GFP-C--Catulin-3,CF+2,3,+,960,1763,268,spanning_target_gene,TRUE,TRUE,341,32,TRUE,TRUE
112666,pZ:F3-CAGGS GPHTK-F,RF,3,-,1597,3486,630,spanning_target_gene,FALSE,FALSE,-,-,TRUE,FALSE
112839,pcDNA3.1(+)/Puro/FA/GFP-N--Grb2-4,RF,2,-,661,1611,317,spanning_target_gene,FALSE,FALSE,-,-,TRUE,FALSE
112926,pKLV2-U6gRNASAM(gEmpty)-TREGFP-PGKpuroBFP-W,RF,3,-,913,1791,293,spanning_target_gene,FALSE,FALSE,-,-,TRUE,FALSE
112840,pcDNA3.1(+)/Puro/FA/GFP-N--Grb2-5,RF,1,-,676,1689,338,spanning_target_gene,FALSE,FALSE,-,-,TRUE,FALSE
112927,pKLV2-U6gRNASAM(gTetO)-TREGFP-PGKpuroBFP-W,RF,2,-,3694,4572,293,spanning_target_gene,FALSE,FALSE,-,-,TRUE,FALSE
113934,GFP-LiMETER-v2,RF,1,-,747,1682,312,spanning_target_gene,FALSE,FALSE,-,-,TRUE,FALSE
114050,pLacI-GFP-HEC1-d207,RF,1,-,1784,2572,263,spanning_target_gene,FALSE,FALSE,-,-,TRUE,FALSE
114128,pDEST-FRT/TO-eGFP-REV7,RF,2,-,349,1215,289,spanning_target_gene,FALSE,FALSE,-,-,TRUE,FALSE
113933,GFP-LiMETER-v1,RF,3,-,718,1653,312,spanning_target_gene,FALSE,FALSE,-,-,TRUE,FALSE
114051,pcDNA5-hygro-eGFP-HEC1-d207,RF,1,-,948,1736,263,spanning_target_gene,FALSE,FALSE,-,-,TRUE,FALSE
114025,pcDNA5-puro-eGFP-HEC1-d80,RF,1,-,961,1797,279,spanning_target_gene,FALSE,FALSE,-,-,TRUE,FALSE
114030,pcDNA5-hygro-eGFP-HEC1-d80,RF,1,-,885,1721,279,spanning_target_gene,FALSE,FALSE,-,-,TRUE,FALSE
114295,pCLX-M38s/TOP-dGFP,RF,2,-,7078,220,253,spanning_target_gene,FALSE,FALSE,-,-,TRUE,FALSE
114380,pAAVS1-TRE-MA4-GFP,RF,3,-,8373,9164,264,spanning_target_gene,FALSE,TRUE,-,13675,TRUE,FALSE
115918,pBS-f1(-)-GAPDH-IRES-EGFP,RF,3,-,1598,2422,275,spanning_target_gene,FALSE,FALSE,-,-,TRUE,FALSE
114723,EKARet-PSD,RF,3,-,3419,4321,301,spanning_target_gene,FALSE,TRUE,-,6182,TRUE,FALSE
114732,AKARet-PSD,RF,3,-,3215,4540,442,spanning_target_gene,FALSE,TRUE,-,5978,TRUE,FALSE
11579,pSicoR,RF,1,-,3600,4370,257,spanning_target_gene,FALSE,FALSE,-,-,TRUE,FALSE
11619,pLB,RF,1,-,4075,4845,257,spanning_target_gene,FALSE,FALSE,-,-,TRUE,FALSE
11578,pSico,RF,2,-,1794,2537,248,spanning_target_gene,FALSE,FALSE,-,-,TRUE,FALSE
117095,MtPT4-eGFP,RF,1,-,1575,2426,284,spanning_target_gene,FALSE,FALSE,-,-,TRUE,FALSE
117098,MCA2-eGFP,RF,1,-,1134,2090,319,spanning_target_gene,FALSE,FALSE,-,-,TRUE,FALSE
117097,MCA1-eGFP,RF,1,-,1149,2105,319,spanning_target_gene,FALSE,FALSE,-,-,TRUE,FALSE
117101,SLAC1-deltaN,RF,2,-,1822,2904,361,spanning_target_gene,FALSE,FALSE,-,-,TRUE,FALSE
117103,SLAC-deltaCdeltaN,RF,2,-,883,1818,312,spanning_target_gene,FALSE,FALSE,-,-,TRUE,FALSE
116879,CAG-Cremyc-2A-GFP,RF,1,-,2988,3881,298,spanning_target_gene,FALSE,FALSE,-,-,TRUE,FALSE
117100,SLAC1-FL,RF,2,-,2356,3438,361,spanning_target_gene,FALSE,FALSE,-,-,TRUE,FALSE
117104,SLAH2,RF,2,-,1549,2388,280,spanning_target_gene,FALSE,FALSE,-,-,TRUE,FALSE
117788,pPRISM-Fuse-cmlc2-eGFP,RF,3,-,3108,4085,326,spanning_target_gene,FALSE,TRUE,-,5456,TRUE,FALSE
117776,pPRISM-Stop-cmlc2-eGFP,RF,3,-,2695,3672,326,spanning_target_gene,FALSE,TRUE,-,4786,TRUE,FALSE
117105,SLAH3,RF,3,-,2836,3675,280,spanning_target_gene,FALSE,FALSE,-,-,TRUE,FALSE
117815,pGTag-eGFP-CAAX-SV40,CF+2,1,+,745,1830,362,spanning_target_gene,FALSE,FALSE,-,-,TRUE,FALSE
117785,pPRISM-Fuse-gcry-eGFP,RF,1,-,3476,4453,326,spanning_target_gene,FALSE,TRUE,-,5567,TRUE,FALSE
117794,pPRISM-Cre-cmlc2-eGFP,RF,1,-,3758,4735,326,spanning_target_gene,FALSE,TRUE,-,5849,TRUE,FALSE
117782,pPRISM-gal4-VP16-cmlc2-eGFP,RF,1,-,3383,4360,326,spanning_target_gene,FALSE,TRUE,-,5474,TRUE,FALSE
117779,pPRISM-gal4-VP16-gcry-eGFP,RF,1,-,3494,4471,326,spanning_target_gene,FALSE,TRUE,-,5585,TRUE,FALSE
117865,ZmNRAT-upGFP,RF,1,-,2621,3466,282,spanning_target_gene,FALSE,FALSE,-,-,TRUE,FALSE
117770,pPRISM-TagRFP-cmlc2-eGFP,RF,3,-,3186,4163,326,spanning_target_gene,FALSE,TRUE,-,5534,TRUE,FALSE
117417,pMXsIP GFP-VMP1,RF,3,-,1905,2768,288,spanning_target_gene,FALSE,FALSE,-,-,TRUE,FALSE
117878,CHL1 T101A-eGFP,RF,3,-,2665,3549,295,spanning_target_gene,FALSE,FALSE,-,-,TRUE,FALSE
117813,pGTag-eGFP-SV40,CF+2,2,+,746,1861,372,spanning_target_gene,FALSE,FALSE,-,-,TRUE,FALSE
117791,pPRISM-Cre-gcry-eGFP,RF,1,-,3869,4846,326,spanning_target_gene,FALSE,TRUE,-,5960,TRUE,FALSE
117773,pPRISM-Stop-gcry-eGFP,RF,3,-,2806,3783,326,spanning_target_gene,FALSE,TRUE,-,4897,TRUE,FALSE
117863,CIPK2-upGFP,RF,1,-,2333,3178,282,spanning_target_gene,FALSE,FALSE,-,-,TRUE,FALSE
117882,CHL1 P492L-eGFP,RF,3,-,2665,3549,295,spanning_target_gene,FALSE,FALSE,-,-,TRUE,FALSE
117413,pMXs GFP-LC3-RFP,CF+2,1,+,484,1596,371,spanning_target_gene,TRUE,TRUE,961,1158,TRUE,TRUE
117901,AtCOPT2 upGFP,RF,1,-,1439,2251,271,spanning_target_gene,FALSE,FALSE,-,-,TRUE,FALSE
117880,CHL1 T101D-eGFP,RF,3,-,2665,3549,295,spanning_target_gene,FALSE,FALSE,-,-,TRUE,FALSE
117721,GFP-MAPPER,CF+2,3,+,615,1421,269,spanning_target_gene,TRUE,TRUE,39,883,TRUE,TRUE
117893,TaALMT1-upGFP 3',RF,1,-,1670,2515,282,spanning_target_gene,FALSE,FALSE,-,-,TRUE,FALSE
117887,AtALMT1-upGFP 5',RF,1,-,1547,2392,282,spanning_target_gene,FALSE,FALSE,-,-,TRUE,FALSE
117895,OsPQL upGFP,RF,1,-,2225,3070,282,spanning_target_gene,FALSE,FALSE,-,-,TRUE,FALSE
117869,CBL5-upGFP,CF+2,1,+,1474,2409,312,spanning_target_gene,FALSE,FALSE,-,-,TRUE,FALSE
117869,CBL5-upGFP,RF,1,-,1574,2419,282,spanning_target_gene,FALSE,FALSE,-,-,TRUE,FALSE
117876,CHL1 wt-eGFP,RF,3,-,2665,3549,295,spanning_target_gene,FALSE,FALSE,-,-,TRUE,FALSE
117814,pGTag-eGFP-B-actin,CF+2,2,+,746,1978,411,spanning_target_gene,FALSE,FALSE,-,-,TRUE,FALSE
117871,TaALMT-upGFP,RF,1,-,2342,3187,282,spanning_target_gene,FALSE,FALSE,-,-,TRUE,FALSE
117767,pPRISM-TagRFP-gcry-eGFP,RF,3,-,3297,4274,326,spanning_target_gene,FALSE,TRUE,-,5645,TRUE,FALSE
117867,OsNRAT-upGFP,RF,1,-,2603,3448,282,spanning_target_gene,FALSE,FALSE,-,-,TRUE,FALSE
117816,pGTag-eGFP-CAAX-B-actin,CF+2,1,+,745,1830,362,spanning_target_gene,FALSE,FALSE,-,-,TRUE,FALSE
117801,Control-cx43.4-48H-pPRISM,RF,3,-,3189,4166,326,spanning_target_gene,FALSE,TRUE,-,5216,TRUE,FALSE
117897,AtPQL upGFP,RF,1,-,1829,2674,282,spanning_target_gene,FALSE,FALSE,-,-,TRUE,FALSE
117899,AtCOPT1 upGFP,RF,1,-,1475,2320,282,spanning_target_gene,FALSE,FALSE,-,-,TRUE,FALSE
117905,OsSLAC1 eGFP,CF+2,3,+,2598,3515,306,spanning_target_gene,FALSE,FALSE,-,-,TRUE,FALSE
117905,OsSLAC1 eGFP,RF,3,-,925,3525,867,spanning_target_gene,FALSE,FALSE,-,-,TRUE,FALSE
117903,AtCOPT6 upGFP,RF,1,-,1400,2245,282,spanning_target_gene,FALSE,FALSE,-,-,TRUE,FALSE
117889,AtALMT1-upGFP 3',RF,1,-,1865,2710,282,spanning_target_gene,FALSE,FALSE,-,-,TRUE,FALSE
117891,TaALMT1-upGFP 5',RF,1,-,1640,2485,282,spanning_target_gene,FALSE,FALSE,-,-,TRUE,FALSE
117929,pmGFP-ADAR2,RF,2,-,793,1947,385,spanning_target_gene,FALSE,FALSE,-,-,TRUE,FALSE
117927,pmGFP-ADAR1-p150,RF,1,-,844,1644,267,spanning_target_gene,FALSE,FALSE,-,-,TRUE,FALSE
11795,pLL3.7,RF,3,-,602,1372,257,spanning_target_gene,FALSE,FALSE,-,-,TRUE,FALSE
118089,p6-8,RF,1,+,6319,7278,320,spanning_target_gene,TRUE,FALSE,3555,-,TRUE,FALSE
118072,pLenti-EGFP-Rabin8,RF,3,-,3493,4323,277,spanning_target_gene,FALSE,FALSE,-,-,TRUE,FALSE
118910,pOCC92,CF+2,3,+,540,1370,277,spanning_target_gene,FALSE,TRUE,-,108,TRUE,FALSE
118910,pOCC92,RF,2,-,553,1341,263,spanning_target_gene,FALSE,FALSE,-,-,TRUE,FALSE
118912,pOCC94,CF+2,3,+,1713,2543,277,spanning_target_gene,FALSE,TRUE,-,108,TRUE,FALSE
118912,pOCC94,RF,2,-,1726,2514,263,spanning_target_gene,FALSE,FALSE,-,-,TRUE,FALSE
118628,SITS-EGFP-ccdb,RF,3,-,241,1125,295,spanning_target_gene,FALSE,TRUE,-,3051,TRUE,FALSE
118911,pOCC93,CF+2,3,+,534,1364,277,spanning_target_gene,FALSE,TRUE,-,108,TRUE,FALSE
118911,pOCC93,RF,2,-,547,1335,263,spanning_target_gene,FALSE,FALSE,-,-,TRUE,FALSE
118317,GFP-RanV19 E1RA2,RF,3,-,668,1573,302,spanning_target_gene,FALSE,FALSE,-,-,TRUE,FALSE
119059,pVC-Ds-Pax3a_enh5-E1b:eGFP-Ds,CF+2,1,+,1687,2577,297,spanning_target_gene,FALSE,TRUE,-,192,TRUE,FALSE
118312,GFP-Epac1 CAAX,CF+2,1,+,622,1734,371,spanning_target_gene,FALSE,TRUE,8771,2526,TRUE,FALSE
118315,GFP-RalGDS,CF+2,2,+,680,1666,329,spanning_target_gene,FALSE,TRUE,6377,258,TRUE,FALSE
118360,hSUMO1 GFP,RF,1,-,538,1296,253,spanning_target_gene,FALSE,FALSE,-,-,TRUE,FALSE
118330,GFP-Braf R188L,RF,1,-,758,1768,337,spanning_target_gene,FALSE,FALSE,-,-,TRUE,FALSE
118870,pOCC16,CF+2,3,+,528,1424,299,spanning_target_gene,FALSE,TRUE,-,22,TRUE,FALSE
118870,pOCC16,RF,1,-,541,1356,272,spanning_target_gene,FALSE,FALSE,-,-,TRUE,FALSE
118313,GFP-Epac1 SAAX,CF+2,3,+,678,1790,371,spanning_target_gene,FALSE,TRUE,8771,2526,TRUE,FALSE
120179,pCMV-GFP-CENPBpA-fixed-length-clone-1,RF,3,-,573,1625,351,spanning_target_gene,FALSE,FALSE,-,-,TRUE,FALSE
119061,pVC-Tol2-Pax3a_enh5-E1b:eGFP-Tol2,CF+2,1,+,1792,2682,297,spanning_target_gene,FALSE,TRUE,-,192,TRUE,FALSE
120184,pCMV-GFP-CENPBpA-fixed-length-clone-6,RF,3,-,597,1649,351,spanning_target_gene,FALSE,FALSE,-,-,TRUE,FALSE
120181,pCMV-GFP-CENPBpA-fixed-length-clone-3,RF,2,+,1250,2302,351,spanning_target_gene,FALSE,FALSE,-,-,TRUE,FALSE
118979,pEGFP-N1-CATULIN,CF+2,3,+,2808,3638,277,spanning_target_gene,TRUE,TRUE,2239,105,TRUE,TRUE
11928,GFP-Ub,RF,3,-,650,1702,351,spanning_target_gene,FALSE,FALSE,-,-,TRUE,FALSE
120180,pCMV-GFP-CENPBpA-fixed-length-clone-2,RF,2,-,571,1623,351,spanning_target_gene,FALSE,FALSE,-,-,TRUE,FALSE
118743,pCAG-EGFP-Snapin,CF+2,2,+,1646,2668,341,spanning_target_gene,TRUE,TRUE,988,381,TRUE,TRUE
120192,pCMV-GFP-CENPBpA-fixed-length-clone-14,RF,1,+,3418,4470,351,spanning_target_gene,FALSE,FALSE,-,-,TRUE,FALSE
120182,pCMV-GFP-CENPBpA-fixed-length-clone-4,RF,1,+,4558,670,282,spanning_target_gene,FALSE,FALSE,-,-,TRUE,FALSE
119816,pLentipuro3/TO/V5-GW/EGFP-Firefly Luciferase,RF,1,+,6793,7701,303,spanning_target_gene,FALSE,FALSE,-,-,TRUE,FALSE
120183,pCMV-GFP-CENPBpA-fixed-length-clone-5,RF,3,+,963,2015,351,spanning_target_gene,FALSE,FALSE,-,-,TRUE,FALSE
120186,pCMV-GFP-CENPBpA-fixed-length-clone-8,RF,3,-,593,1567,325,spanning_target_gene,FALSE,FALSE,-,-,TRUE,FALSE
120185,pCMV-GFP-CENPBpA-fixed-length-clone-7,RF,3,-,591,1643,351,spanning_target_gene,FALSE,FALSE,-,-,TRUE,FALSE
120187,pCMV-GFP-CENPBpA-fixed-length-clone-9,RF,3,+,780,1832,351,spanning_target_gene,FALSE,FALSE,-,-,TRUE,FALSE
120188,pCMV-GFP-CENPBpA-fixed-length-clone-10,RF,2,-,601,1653,351,spanning_target_gene,FALSE,FALSE,-,-,TRUE,FALSE
120189,pCMV-GFP-CENPBpA-fixed-length-clone-11,RF,2,-,622,1671,350,spanning_target_gene,FALSE,FALSE,-,-,TRUE,FALSE
120193,pCMV-GFP-CENPBpA-del,RF,3,-,558,1583,342,spanning_target_gene,FALSE,FALSE,-,-,TRUE,FALSE
120190,pCMV-GFP-CENPBpA-fixed-length-clone-12,RF,2,-,592,1644,351,spanning_target_gene,FALSE,FALSE,-,-,TRUE,FALSE
120162,pCMV-GFP-CENPBpA,RF,2,-,622,1674,351,spanning_target_gene,FALSE,FALSE,-,-,TRUE,FALSE
12093,pSico PGK GFP,RF,1,-,120,869,250,spanning_target_gene,FALSE,FALSE,-,-,TRUE,FALSE
120194,pCMV-GFP-RPS5pA,RF,2,-,627,1790,388,spanning_target_gene,FALSE,FALSE,-,-,TRUE,FALSE
120191,pCMV-GFP-CENPBpA-fixed-length-clone-13,RF,1,-,572,1624,351,spanning_target_gene,FALSE,FALSE,-,-,TRUE,FALSE
120725,pLV-shGrm2-2344,RF,1,-,3732,4502,257,spanning_target_gene,FALSE,FALSE,-,-,TRUE,FALSE
120721,pLV-shKcnk13,RF,2,-,3736,4506,257,spanning_target_gene,FALSE,FALSE,-,-,TRUE,FALSE
120724,pLV-shGrm2-972,RF,1,-,3732,4502,257,spanning_target_gene,FALSE,FALSE,-,-,TRUE,FALSE
120518,CAG-EGFP-Elavl2IR,RF,1,-,1666,2913,416,spanning_target_gene,FALSE,FALSE,-,-,TRUE,FALSE
120867,PB-Aka-P2A-GFP,RF,2,-,3376,4782,469,spanning_target_gene,FALSE,FALSE,-,-,TRUE,FALSE
120720,pLV-shEsr1,RF,1,-,3732,4502,257,spanning_target_gene,FALSE,FALSE,-,-,TRUE,FALSE
121479,pEGFP-N1/PD-L1_ECD,CF+2,1,+,2068,2886,273,spanning_target_gene,TRUE,TRUE,796,105,TRUE,TRUE
121511,pAAVsc.U6-sgIdua.CMV/CB-EGFP,CF+2,1,+,892,1866,325,spanning_target_gene,FALSE,TRUE,4962,136,TRUE,FALSE
12089,pSico p53,RF,1,-,3559,4302,248,spanning_target_gene,FALSE,FALSE,-,-,TRUE,FALSE
120722,pLV-shEsr2,RF,1,-,3732,4502,257,spanning_target_gene,FALSE,FALSE,-,-,TRUE,FALSE
121148,GFP-hPIKfyve,RF,3,-,1301,2176,292,spanning_target_gene,FALSE,FALSE,-,-,TRUE,FALSE
121509,pAAVsc.U6-sgFah.Intron9.CMV/CB-EGFP,CF+2,2,+,914,1888,325,spanning_target_gene,FALSE,TRUE,4962,136,TRUE,FALSE
121508,pAAVsc.U6-sgFah.CMV/CB-EGFP,CF+2,1,+,820,1794,325,spanning_target_gene,FALSE,TRUE,4962,136,TRUE,FALSE
121510,pAAVsc.U6-sgAspa.CMV/CB-EGFP,CF+2,1,+,946,1920,325,spanning_target_gene,FALSE,TRUE,4961,136,TRUE,FALSE
122246,pMB4,RF,3,-,2342,3607,422,spanning_target_gene,FALSE,FALSE,-,-,TRUE,FALSE
122247,pMB30,RF,3,-,2126,3391,422,spanning_target_gene,FALSE,FALSE,-,-,TRUE,FALSE
121974,GBSGFP in pBS-KS,RF,3,-,1254,2231,326,spanning_target_gene,FALSE,FALSE,-,-,TRUE,FALSE
12243,pLOX-gfp-iresTK,RF,1,+,2767,3549,261,spanning_target_gene,FALSE,FALSE,-,-,TRUE,FALSE
122471,pFRT/TO/GFP-SCAF4 (CRISPR_resistant),RF,1,-,8876,389,302,spanning_target_gene,FALSE,FALSE,-,-,TRUE,FALSE
122472,pFRT/TO/GFP-SCAF8 (CRISPR_resistant),RF,3,-,729,1733,335,spanning_target_gene,FALSE,FALSE,-,-,TRUE,FALSE
122500,pAAV-CAG-Flex-Rev-3xGFP,RF,2,+,1706,3184,493,spanning_target_gene,FALSE,FALSE,-,-,TRUE,FALSE
122697,pKAd5f11p-EPG,RF,3,+,29520,30497,326,spanning_target_gene,FALSE,FALSE,-,-,TRUE,FALSE
12298,pIRESneo-EGFP-alpha Tubulin,CF+2,1,+,631,1548,306,spanning_target_gene,FALSE,TRUE,7327,3173,TRUE,FALSE
123136,pCALNL-BsaI-EGFP,CF+2,1,+,979,1953,325,spanning_target_gene,FALSE,TRUE,-,17,TRUE,FALSE
123136,pCALNL-BsaI-EGFP,RF,3,-,1043,1957,305,spanning_target_gene,FALSE,FALSE,-,-,TRUE,FALSE
122699,pKAd5f11pABR-EPG,RF,1,-,1538,2515,326,spanning_target_gene,FALSE,FALSE,-,-,TRUE,FALSE
123611,nCas9-UGI-NLS-P2A-EGFP (pJUL1001),RF,1,-,8965,138,402,spanning_target_gene,FALSE,FALSE,-,-,TRUE,FALSE
123614,SECURE BE3(R33A)-P2A-EGFP (pJUL1085),RF,1,-,9697,138,402,spanning_target_gene,FALSE,FALSE,-,-,TRUE,FALSE
123613,BE3(E63Q)-P2A-EGFP (pRZ189),RF,3,-,9696,138,402,spanning_target_gene,FALSE,FALSE,-,-,TRUE,FALSE
123615,SECURE BE3(R33A/K34A)-P2A-EGFP (pJUL1410),RF,3,-,9699,138,402,spanning_target_gene,FALSE,FALSE,-,-,TRUE,FALSE
123612,BE3-P2A-EGFP (pJUL977),RF,1,-,9694,138,402,spanning_target_gene,FALSE,FALSE,-,-,TRUE,FALSE
124406,FLAG-TET1-746-951(pL72),RF,1,-,3136,4017,294,spanning_target_gene,FALSE,FALSE,-,-,TRUE,FALSE
124658,Myo1E-pEGFP,RF,2,-,1301,2059,253,spanning_target_gene,FALSE,FALSE,-,-,TRUE,FALSE
124096,pcDNA3.1-Green_CaMBI,RF,1,-,1714,2913,400,spanning_target_gene,FALSE,FALSE,-,-,TRUE,FALSE
124975,AV0-BWS-2.0-mC-G-CL3B,RF,1,-,1241,2974,578,spanning_target_gene,FALSE,FALSE,-,-,TRUE,FALSE
124974,pCDH-CMV-mC-G-LC3B-P,RF,2,-,320,2038,573,spanning_target_gene,FALSE,FALSE,-,-,TRUE,FALSE
125179,pCLXSN(GFP)-HA-Tbkbp1 1-330,RF,1,-,3135,3893,253,spanning_target_gene,FALSE,FALSE,-,-,TRUE,FALSE
125751,LeGO-iG-CSF2RB(A455D),RF,2,-,6399,7280,294,spanning_target_gene,FALSE,FALSE,-,-,TRUE,FALSE
125178,pCLXSN(GFP)-HA-Tbkbp1 1-280,RF,3,-,1780,2538,253,spanning_target_gene,FALSE,FALSE,-,-,TRUE,FALSE
125714,pJin-278,RF,1,+,856,1815,320,spanning_target_gene,TRUE,FALSE,4170,-,TRUE,FALSE
125177,pCLXSN(GFP)-HA-Tbkbp1,RF,2,-,3502,4260,253,spanning_target_gene,FALSE,FALSE,-,-,TRUE,FALSE
125750,LeGO-iG-CSF2RB,RF,1,-,6398,7279,294,spanning_target_gene,FALSE,FALSE,-,-,TRUE,FALSE
12599,pcDNA3-EGFP-Cdc42(wt),CF+2,1,-,3101,3964,288,spanning_target_gene,FALSE,TRUE,6629,633,TRUE,FALSE
12600,pcDNA3-EGFP-Cdc42(Q61L),CF+2,1,-,3101,3964,288,spanning_target_gene,FALSE,TRUE,6629,633,TRUE,FALSE
126542,GFP-FBXL10,RF,1,-,1377,2177,267,spanning_target_gene,FALSE,FALSE,-,-,TRUE,FALSE
12601,pcDNA3-EGFP-Cdc42(T17N),CF+2,3,+,540,1403,288,spanning_target_gene,FALSE,TRUE,6629,633,TRUE,FALSE
127504,INCTbiosyn-pEF-GFP(rc)2,CF+2,2,-,1034,2107,358,spanning_target_gene,FALSE,FALSE,-,-,TRUE,FALSE
126546,GFP-RNF51,RF,1,-,1377,2126,250,spanning_target_gene,FALSE,FALSE,-,-,TRUE,FALSE
126552,pHR-H13LTat-CD8a/d2eGFP-IRES-Nef,RF,2,-,4760,5620,287,spanning_target_gene,FALSE,FALSE,-,-,TRUE,FALSE
126547,GFP-RNF110,RF,1,-,1377,2648,424,spanning_target_gene,FALSE,FALSE,-,-,TRUE,FALSE
127191,PB-GFP-Gal8,CF+2,3,+,2013,2906,298,spanning_target_gene,TRUE,TRUE,988,1189,TRUE,TRUE
126493,pLenti-LmoCascade-IL1RNcrRNA,RF,2,+,5741,7219,493,spanning_target_gene,FALSE,FALSE,-,-,TRUE,FALSE
127505,INCTbiosyn-pEF-GFP(rc)4,RF,3,+,1362,2144,261,spanning_target_gene,TRUE,TRUE,111,157,TRUE,TRUE
126581,pMGS36 (GFP-ARF16-PB1),RF,1,-,1301,2356,352,spanning_target_gene,FALSE,FALSE,-,-,TRUE,FALSE
126494,pLenti-LmoCascade-HBE1crRNA,RF,2,+,5741,7219,493,spanning_target_gene,FALSE,FALSE,-,-,TRUE,FALSE
127510,INCTbiosyn-pEF-GFP(rc)phiC31,CF+2,2,-,1458,2474,339,spanning_target_gene,FALSE,FALSE,-,-,TRUE,FALSE
127507,INCTbiosyn-pEF-GFP(rc)7,CF+2,1,-,1198,2121,308,spanning_target_gene,FALSE,FALSE,-,-,TRUE,FALSE
127190,PB-FLuc+GFPd2,RF,3,-,3722,4567,282,spanning_target_gene,FALSE,FALSE,-,-,TRUE,FALSE
127695,pTSin EGFP,RF,3,+,10383,525,270,spanning_target_gene,FALSE,FALSE,-,-,TRUE,FALSE
128069,pREVtre GFP,CF+2,2,+,3329,4066,246,spanning_target_gene,TRUE,TRUE,140,37,TRUE,TRUE
127638,SV40-eGFP-Z1,RF,1,-,298,1143,282,spanning_target_gene,FALSE,TRUE,-,1659,TRUE,FALSE
127633,Tom70 (1-70)-GFP,CF+2,1,+,703,1548,282,spanning_target_gene,TRUE,TRUE,194,105,TRUE,TRUE
128231,pCMS-dsRed2-C1824U LMNA-GFP minigene,CF+2,1,+,2569,3390,274,spanning_target_gene,TRUE,TRUE,1177,2201,TRUE,TRUE
128231,pCMS-dsRed2-C1824U LMNA-GFP minigene,RF,1,-,2567,3394,276,spanning_target_gene,FALSE,TRUE,-,6158,TRUE,FALSE
128257,pCW57-CMV-ssRFP-GFP-KDEL,RF,1,-,2365,4383,673,spanning_target_gene,FALSE,FALSE,-,-,TRUE,FALSE
128230,pCMS-dsRed2-WT LMNA-GFP minigene,CF+2,1,+,2569,3390,274,spanning_target_gene,TRUE,TRUE,1177,2201,TRUE,TRUE
128230,pCMS-dsRed2-WT LMNA-GFP minigene,RF,1,-,2567,3394,276,spanning_target_gene,FALSE,TRUE,-,6158,TRUE,FALSE
128328,pCIneoGFP-BMI1,RF,2,-,575,1348,258,spanning_target_gene,FALSE,TRUE,-,5266,TRUE,FALSE
128272,pMTG03-AmpFRT,CF+2,1,+,1351,2619,423,spanning_target_gene,TRUE,TRUE,771,2468,TRUE,TRUE
128273,pMTG04-AmpFRT,CF+2,1,+,1351,2619,423,spanning_target_gene,TRUE,TRUE,771,2432,TRUE,TRUE
128327,pLL3.7 FLAG-YAP1-TEAD-P-H2B-mCherry,RF,2,-,3213,4073,287,spanning_target_gene,FALSE,TRUE,-,2722,TRUE,FALSE
128819,pEF Doc2alpha WT GFP,RF,3,-,2517,3383,289,spanning_target_gene,FALSE,FALSE,-,-,TRUE,FALSE
128820,pEF Doc2beta WT GFP,RF,2,-,2482,3348,289,spanning_target_gene,FALSE,FALSE,-,-,TRUE,FALSE
128822,pEF Doc2beta D303N mutant GFP,RF,2,-,2465,3355,297,spanning_target_gene,FALSE,FALSE,-,-,TRUE,FALSE
128821,pEF Doc2alpha D291N mutant GFP,RF,2,-,1273,2139,289,spanning_target_gene,FALSE,FALSE,-,-,TRUE,FALSE
128823,pEF Doc2beta 6X mutant GFP,RF,3,-,2493,3359,289,spanning_target_gene,FALSE,FALSE,-,-,TRUE,FALSE
129092,HR180-LGR5-GFP,RF,2,-,1891,2886,332,spanning_target_gene,FALSE,TRUE,-,8722,TRUE,FALSE
129441,pGEX-4T1 NLS-GFP,CF+2,3,+,675,1523,283,spanning_target_gene,FALSE,FALSE,-,-,TRUE,FALSE
129441,pGEX-4T1 NLS-GFP,RF,3,-,601,1518,306,spanning_target_gene,FALSE,FALSE,-,-,TRUE,FALSE
129274,GFP-APEX2-NIK3x,CF+2,1,+,9142,663,288,spanning_target_gene,TRUE,TRUE,1163,1617,TRUE,TRUE
129767,K560GFP_17NL,RF,1,-,1772,2536,255,spanning_target_gene,FALSE,FALSE,-,-,TRUE,FALSE
129773,Unc104_K560GFP,RF,1,-,1766,2530,255,spanning_target_gene,FALSE,FALSE,-,-,TRUE,FALSE
129761,K560GFP,RF,2,+,3686,4450,255,spanning_target_gene,FALSE,FALSE,-,-,TRUE,FALSE
12965,pcDNA3-EGFP-RhoA-wt,CF+2,2,+,5468,6355,296,spanning_target_gene,FALSE,TRUE,6635,615,TRUE,FALSE
12967,pcDNA3-EGFP-RhoA-T19N,CF+2,2,+,662,1549,296,spanning_target_gene,FALSE,TRUE,6635,615,TRUE,FALSE
129668,pMGS56 (GFP-ARF16-PB1-P2A-OsTIR1),RF,1,-,1541,3376,612,spanning_target_gene,FALSE,FALSE,-,-,TRUE,FALSE
12980,pcDNA3-EGFP-Rac1-wt,CF+2,3,+,540,1436,299,spanning_target_gene,FALSE,TRUE,6632,603,TRUE,FALSE
12982,pcDNA3-EGFP-Rac1-T17N,CF+2,3,+,774,1670,299,spanning_target_gene,FALSE,TRUE,6632,603,TRUE,FALSE
129770,KSP_K560GFP,RF,1,-,1778,2542,255,spanning_target_gene,FALSE,FALSE,-,-,TRUE,FALSE
12981,pcDNA3-EGFP-Rac1-Q61L,CF+2,1,+,772,1668,299,spanning_target_gene,FALSE,TRUE,6632,603,TRUE,FALSE
12968,pcDNA3-EGFP-RhoA-Q63L,CF+2,3,+,1524,2411,296,spanning_target_gene,FALSE,TRUE,6635,615,TRUE,FALSE
129769,KIF3A560GFP,RF,2,-,1755,2519,255,spanning_target_gene,FALSE,FALSE,-,-,TRUE,FALSE
12986,pcDNA3-EGFP-Cdc42-Q61L,CF+2,2,+,4526,5389,288,spanning_target_gene,FALSE,TRUE,6629,633,TRUE,FALSE
129751,pKI-cjPLP1e1-EGFP,CF+2,1,+,2599,4119,507,spanning_target_gene,FALSE,TRUE,-,8991,TRUE,FALSE
12976,pcDNA3-EGFP-Cdc42-T17N,CF+2,3,+,798,1661,288,spanning_target_gene,FALSE,TRUE,6629,633,TRUE,FALSE
129667,pMGS55 (GFP-ARF16-PB1-MCS-P2A-OsTIR1),RF,1,-,1541,2740,400,spanning_target_gene,FALSE,FALSE,-,-,TRUE,FALSE
12975,pcDNA3-EGFP-Cdc42-wt,CF+2,3,+,774,1637,288,spanning_target_gene,FALSE,TRUE,6629,633,TRUE,FALSE
130934,pB-TAG-NICD,RF,3,-,3950,4831,294,spanning_target_gene,FALSE,FALSE,-,-,TRUE,FALSE
131703,Thy1.1-GFP,RF,3,-,871,1896,342,spanning_target_gene,FALSE,FALSE,-,-,TRUE,FALSE
130935,pB-TAG-HES7,RF,3,-,2847,3728,294,spanning_target_gene,FALSE,FALSE,-,-,TRUE,FALSE
131299,nCas9-UGI control for Target-AID (pRZ1047),RF,1,-,5995,6930,312,spanning_target_gene,FALSE,FALSE,-,-,TRUE,FALSE
131389,pDA083,CF+2,3,+,540,1400,287,spanning_target_gene,FALSE,TRUE,10643,8586,TRUE,FALSE
131389,pDA083,RF,2,-,634,1563,310,spanning_target_gene,FALSE,TRUE,-,9775,TRUE,FALSE
131315,eA3A-BE3 (pRZ206),RF,2,-,8021,9226,402,spanning_target_gene,FALSE,FALSE,-,-,TRUE,FALSE
132364,pJH2255,CF+2,3,+,3708,4952,415,spanning_target_gene,FALSE,FALSE,-,-,TRUE,FALSE
131316,hAID-BE3 (pRZ352),RF,1,-,8019,9224,402,spanning_target_gene,FALSE,FALSE,-,-,TRUE,FALSE
132365,pJH2256,CF+2,1,+,853,2055,401,spanning_target_gene,FALSE,FALSE,-,-,TRUE,FALSE
132407,pHAGE-IRES-puro-NLS-dLwaCas13a-EGFP-NLS-3xFlag,RF,2,-,6933,7688,252,spanning_target_gene,FALSE,FALSE,-,-,TRUE,FALSE
132398,pHAGE-IRES-puro-NLS-dPspCas13b-3xEGFP-NLS-3xFlag,RF,1,-,6737,8941,735,spanning_target_gene,FALSE,FALSE,-,-,TRUE,FALSE
131314,hA3A-BE3 (pRZ215),RF,1,-,7973,9178,402,spanning_target_gene,FALSE,FALSE,-,-,TRUE,FALSE
131499,pORANGE GFP-RAB11a KI,CF+2,1,+,487,1332,282,spanning_target_gene,FALSE,TRUE,-,5017,TRUE,FALSE
131300,Target-AID (pRZ762),RF,1,-,8621,9556,312,spanning_target_gene,FALSE,FALSE,-,-,TRUE,FALSE
132397,pHAGE-IRES-puro-NLS-dPspCas13b-EGFP-NLS-3xFlag,RF,1,-,6737,7492,252,spanning_target_gene,FALSE,FALSE,-,-,TRUE,FALSE
132410,pHAGE-IRES-puro-NLS-dEsCas13d-EGFP-NLS-3xFlag,RF,2,-,6342,7097,252,spanning_target_gene,FALSE,FALSE,-,-,TRUE,FALSE
132411,pHAGE-IRES-puro-NLS-dRfxCas13d-EGFP-NLS-3xFlag,RF,2,-,6378,7133,252,spanning_target_gene,FALSE,FALSE,-,-,TRUE,FALSE
132409,pHAGE-IRES-puro-NLS-dRanCas13b-EGFP-NLS-3xFlag,RF,1,-,6752,7507,252,spanning_target_gene,FALSE,FALSE,-,-,TRUE,FALSE
132399,pHAGE-IRES-puro-NLS-dPguCas13b-3xEGFP-NLS-3xFlag,RF,2,-,6986,9190,735,spanning_target_gene,FALSE,FALSE,-,-,TRUE,FALSE
132400,pHAGE-IRES-puro-NLS-dPguCas13b-EGFP-NLS-3xFlag,RF,1,-,6986,7741,252,spanning_target_gene,FALSE,FALSE,-,-,TRUE,FALSE
132408,pHAGE-IRES-puro-NLS-dLbaCas13a-EGFP-NLS-3xFlag,RF,3,-,7791,8546,252,spanning_target_gene,FALSE,FALSE,-,-,TRUE,FALSE
132412,pHAGE-IRES-puro-NLS-dAdmCas13d-EGFP-NLS-3xFlag,RF,2,-,6318,7073,252,spanning_target_gene,FALSE,FALSE,-,-,TRUE,FALSE
132974,pTone-gata2aECE-EGFP,RF,3,-,1026,1856,277,spanning_target_gene,FALSE,TRUE,-,3499,TRUE,FALSE
133046,miR290-SE-RGM-eGFP targeting vector,RF,1,-,1156,2043,296,spanning_target_gene,FALSE,FALSE,-,-,TRUE,FALSE
133045,Sox2-SE-RGM-eGFP targeting vector,RF,2,-,899,1786,296,spanning_target_gene,FALSE,FALSE,-,-,TRUE,FALSE
134129,pIW090,RF,3,-,536,1462,309,spanning_target_gene,FALSE,FALSE,-,-,TRUE,FALSE
133858,pCD86-EGFP,CF+2,3,+,1641,2447,269,spanning_target_gene,TRUE,TRUE,1072,105,TRUE,TRUE
134128,pIW087,RF,2,-,339,1265,309,spanning_target_gene,FALSE,FALSE,-,-,TRUE,FALSE
133983,pcDNA3-eGFP-NLS-RNF168 delta RING,CF+2,3,+,7035,354,328,spanning_target_gene,FALSE,TRUE,7619,1503,TRUE,FALSE
133983,pcDNA3-eGFP-NLS-RNF168 delta RING,RF,2,-,7123,277,273,spanning_target_gene,FALSE,FALSE,-,-,TRUE,FALSE
134135,pIW088,RF,1,-,582,1496,305,spanning_target_gene,FALSE,FALSE,-,-,TRUE,FALSE
134131,pIW095,RF,1,-,1342,2268,309,spanning_target_gene,FALSE,FALSE,-,-,TRUE,FALSE
134142,pJS183,RF,3,-,149,1075,309,spanning_target_gene,FALSE,FALSE,-,-,TRUE,FALSE
134130,pIW084,RF,3,-,503,1429,309,spanning_target_gene,FALSE,FALSE,-,-,TRUE,FALSE
134136,pIW082,RF,3,-,553,1467,305,spanning_target_gene,FALSE,FALSE,-,-,TRUE,FALSE
134133,pIW069,RF,2,-,995,1909,305,spanning_target_gene,FALSE,FALSE,-,-,TRUE,FALSE
133977,pcDNA3-eGFP-NLS-RNF168,CF+2,2,+,635,1615,327,spanning_target_gene,FALSE,TRUE,7793,1680,TRUE,FALSE
134137,pIW093,RF,1,-,942,1856,305,spanning_target_gene,FALSE,FALSE,-,-,TRUE,FALSE
134138,pIW070,RF,1,-,486,1400,305,spanning_target_gene,FALSE,FALSE,-,-,TRUE,FALSE
134166,pJM143,RF,2,-,510,1646,379,spanning_target_gene,FALSE,FALSE,-,-,TRUE,FALSE
134134,pIW085,RF,1,-,552,1466,305,spanning_target_gene,FALSE,FALSE,-,-,TRUE,FALSE
134167,pJM147,RF,1,-,496,1632,379,spanning_target_gene,FALSE,FALSE,-,-,TRUE,FALSE
133927,pCMV-EB3mCherry_cmv-LifeActGFP,RF,3,-,2932,3765,278,spanning_target_gene,FALSE,FALSE,-,-,TRUE,FALSE
134160,pJM108,RF,3,-,1043,2179,379,spanning_target_gene,FALSE,FALSE,-,-,TRUE,FALSE
134159,pJM107,RF,1,-,538,1674,379,spanning_target_gene,FALSE,FALSE,-,-,TRUE,FALSE
134168,pJM149,RF,1,-,529,1665,379,spanning_target_gene,FALSE,FALSE,-,-,TRUE,FALSE
134197,pDK480,RF,2,-,2091,2948,286,spanning_target_gene,FALSE,FALSE,-,-,TRUE,FALSE
134603,GFP-IP3KC,RF,1,-,539,1657,373,spanning_target_gene,FALSE,FALSE,-,-,TRUE,FALSE
134702,p21-WT-MEFV,CF+2,2,+,8096,9187,364,spanning_target_gene,TRUE,TRUE,1391,839,TRUE,TRUE
134703,p21-M694V-MEFV,CF+2,3,+,8097,9188,364,spanning_target_gene,TRUE,TRUE,1392,839,TRUE,TRUE
134709,p21-S208C/M694V-MEFV,CF+2,2,+,8096,9187,364,spanning_target_gene,TRUE,TRUE,1391,839,TRUE,TRUE
134711,p21-M680I-MEFV,CF+2,2,+,8096,9187,364,spanning_target_gene,TRUE,TRUE,1391,839,TRUE,TRUE
134712,p21-P369S-MEFV,CF+2,1,+,8095,9186,364,spanning_target_gene,TRUE,TRUE,1390,839,TRUE,TRUE
134710,p21-M694I-MEFV,CF+2,2,+,8096,9187,364,spanning_target_gene,TRUE,TRUE,1391,839,TRUE,TRUE
134706,p21-S208C/S242R/M694V-MEFV,CF+2,2,+,8096,9187,364,spanning_target_gene,TRUE,TRUE,1391,839,TRUE,TRUE
134997,pMP472,RF,2,-,2350,3162,271,spanning_target_gene,FALSE,FALSE,-,-,TRUE,FALSE
134998,pMP498,RF,3,-,3641,4453,271,spanning_target_gene,FALSE,FALSE,-,-,TRUE,FALSE
134905,GFP-Myo 1e,RF,2,-,598,1389,264,spanning_target_gene,FALSE,FALSE,-,-,TRUE,FALSE
135049,CMV-eGFP-Z1,RF,1,-,628,1446,273,spanning_target_gene,FALSE,TRUE,-,1983,TRUE,FALSE
135339,"mLama1 AAV sgRNA 1, 2, 5",CF+2,3,+,693,1595,301,spanning_target_gene,FALSE,TRUE,5555,5543,TRUE,FALSE
134906,GFP-Myo 1d,RF,1,-,598,1578,327,spanning_target_gene,FALSE,FALSE,-,-,TRUE,FALSE
134910,pREP-8xARE-GFP-SV40-BFP,RF,3,-,180,1013,278,spanning_target_gene,FALSE,TRUE,-,2551,TRUE,FALSE
135612,EF1α-eGFP-Z1,RF,1,-,456,1367,304,spanning_target_gene,FALSE,TRUE,-,1813,TRUE,FALSE
135046,CAG-eGFP-Z1,CF+2,1,+,1624,2487,288,spanning_target_gene,FALSE,FALSE,-,-,TRUE,FALSE
135046,CAG-eGFP-Z1,RF,1,-,1688,2497,270,spanning_target_gene,FALSE,TRUE,-,3041,TRUE,FALSE
135463,Syn:eGFP-CaM-uTEV1Δ(220-242),CF+2,1,+,76,1287,404,spanning_target_gene,FALSE,TRUE,5811,1843,TRUE,FALSE
135601,pSP64-Lifeact-GFP,RF,3,-,925,1698,258,spanning_target_gene,FALSE,FALSE,-,-,TRUE,FALSE
135766,Tol2-pA-GI-wt1bDNNterm-E1b-5xUAS-E1b-eGFP-GI-pA-Tol2; gcryst:CFP,RF,2,+,1130,2065,312,spanning_target_gene,FALSE,TRUE,-,4252,TRUE,FALSE
135672,cEF1a-LSL-GFP,CF+2,2,+,3038,3814,259,spanning_target_gene,FALSE,TRUE,1477,4288,TRUE,FALSE
135461,CMV:eGFP-CaM-uTEV1Δ(220-242),CF+2,3,+,363,1259,299,spanning_target_gene,FALSE,TRUE,5702,1213,TRUE,FALSE
135682,pLenti-EF1a-GFP-miRE_shRen-Blast,RF,1,-,4353,5183,277,spanning_target_gene,FALSE,FALSE,-,-,TRUE,FALSE
135459,CMV:eGFP-p2A-HA-β2Ar-uTEV1Δ(220-242),CF+2,1,+,160,963,268,spanning_target_gene,TRUE,TRUE,2131,2737,TRUE,TRUE
135691,pLenti-CMV-GFP-miRE_shTHUMPD3-Puro,RF,3,-,4738,5568,277,spanning_target_gene,FALSE,FALSE,-,-,TRUE,FALSE
135683,pLenti-EF1a-GFP-miRE_shRen-Puro,RF,2,+,8258,528,277,spanning_target_gene,FALSE,FALSE,-,-,TRUE,FALSE
135935,pWXLd-RIEP-GpNLuc,RF,1,-,3537,4538,334,spanning_target_gene,FALSE,FALSE,-,-,TRUE,FALSE
135685,pLenti-CMV-GFP-miRE_shRen-Puro,RF,2,-,4738,5568,277,spanning_target_gene,FALSE,FALSE,-,-,TRUE,FALSE
135998,pEGFP-C1-G3BP1-S149A,RF,2,-,661,1533,291,spanning_target_gene,FALSE,FALSE,-,-,TRUE,FALSE
135997,pEGFP-C1-G3BP1-WT,RF,2,+,5762,518,291,spanning_target_gene,FALSE,FALSE,-,-,TRUE,FALSE
135684,pLenti-CMV-GFP-miRE_shRen-Blast,RF,2,-,4735,5565,277,spanning_target_gene,FALSE,FALSE,-,-,TRUE,FALSE
135812,Tol2-pA-GI-TagRFP-E1b-5xUAS-E1b-eGFP-GI-pA-Tol2; gcryst:CFP,RF,3,+,3798,4733,312,spanning_target_gene,FALSE,TRUE,-,4252,TRUE,FALSE
135688,pLenti-CMV-GFP-miRE_shSCR-Blast,RF,1,-,4735,5565,277,spanning_target_gene,FALSE,FALSE,-,-,TRUE,FALSE
135689,pLenti-CMV-GFP-miRE_shSCR-Puro,RF,2,-,4738,5568,277,spanning_target_gene,FALSE,FALSE,-,-,TRUE,FALSE
135690,pLenti-CMV-GFP-miRE_shTHUMPD3-Blast,RF,3,-,4735,5565,277,spanning_target_gene,FALSE,FALSE,-,-,TRUE,FALSE
136325,EGFP-Mm_MyoGEF(WT),RF,2,-,896,1768,291,spanning_target_gene,FALSE,FALSE,-,-,TRUE,FALSE
136004,pcDNA5 FRT TO-EGFP-G3BP1-S149A,RF,1,-,904,1776,291,spanning_target_gene,FALSE,FALSE,-,-,TRUE,FALSE
135999,pEGFP-C1-G3BP1-DeltaRBP,RF,1,-,609,1481,291,spanning_target_gene,FALSE,FALSE,-,-,TRUE,FALSE
136003,pcDNA5 FRT TO-EGFP-G3BP1-WT,RF,3,-,914,1786,291,spanning_target_gene,FALSE,FALSE,-,-,TRUE,FALSE
136005,pcDNA5 FRT TO-EGFP-G3BP1-DeltaRBP,RF,3,-,912,1784,291,spanning_target_gene,FALSE,FALSE,-,-,TRUE,FALSE
136337,pDEST-EGFP_Hu_p115-RhoGEF(WT),CF+2,3,+,774,1640,289,spanning_target_gene,FALSE,TRUE,8956,2957,TRUE,FALSE
136318,EGFP-Mm_Plk5(D168A),RF,2,-,896,2029,378,spanning_target_gene,FALSE,FALSE,-,-,TRUE,FALSE
136457,pRetroX-TRE3G-PLOD2_PGK-GpNLuc,RF,1,-,5795,6859,355,spanning_target_gene,FALSE,FALSE,-,-,TRUE,FALSE
137063,pGL2316,RF,1,-,758,1828,357,spanning_target_gene,FALSE,FALSE,-,-,TRUE,FALSE
137055,pGL2315,RF,1,-,758,1678,307,spanning_target_gene,FALSE,FALSE,-,-,TRUE,FALSE
137188,pAAV FLEX Synaptophysin GFP,RF,2,+,1370,2440,357,spanning_target_gene,FALSE,TRUE,-,1460,TRUE,FALSE
137188,pAAV FLEX Synaptophysin GFP,CF+2,3,-,1410,2528,373,spanning_target_gene,FALSE,FALSE,-,-,TRUE,FALSE
136936,AAVS1-Puro Xlone-eGFP,RF,1,-,4179,5033,285,spanning_target_gene,FALSE,TRUE,9565,2010,TRUE,FALSE
13721,pcDNA3-EGFP-Rac1(T17N),CF+2,2,-,1591,2487,299,spanning_target_gene,FALSE,TRUE,6632,603,TRUE,FALSE
13720,pcDNA3-EGFP-Rac1(Q61L),CF+2,2,+,4427,5323,299,spanning_target_gene,FALSE,TRUE,6632,603,TRUE,FALSE
137724,pLS-SV40-mP-EGFP,RF,3,-,2991,3914,308,spanning_target_gene,FALSE,FALSE,-,-,TRUE,FALSE
137725,pLS-SceI,RF,2,-,2816,3589,258,spanning_target_gene,FALSE,FALSE,-,-,TRUE,FALSE
13776,pCAG-Cre:GFP,RF,2,-,2653,3642,330,spanning_target_gene,FALSE,FALSE,-,-,TRUE,FALSE
137734,pEGFP-C1-SopF,RF,2,-,564,1367,268,spanning_target_gene,FALSE,FALSE,-,-,TRUE,FALSE
137813,pPGK-T7/2-CD44v3 (-cyt),CF+2,2,+,2153,3019,289,spanning_target_gene,FALSE,TRUE,-,5311,TRUE,FALSE
137815,pPGK-T7/2-CD44s (-cyt),CF+2,1,+,2020,2886,289,spanning_target_gene,FALSE,TRUE,-,5185,TRUE,FALSE
137817,pPGK-T7/2-CD44v6 (-cyt),CF+2,1,+,2149,3015,289,spanning_target_gene,FALSE,TRUE,-,5314,TRUE,FALSE
137819,pPGK-T7/2-CD44v9 (-cyt),CF+2,1,+,2110,2976,289,spanning_target_gene,FALSE,TRUE,-,5275,TRUE,FALSE
137822,pPGK-T7/2-CD44v8-10 (-cyt),CF+2,1,+,2416,3282,289,spanning_target_gene,FALSE,TRUE,-,5581,TRUE,FALSE
137821,pPGK-T7/2-CD44v6-10 (-cyt),CF+2,1,+,2677,3543,289,spanning_target_gene,FALSE,TRUE,-,5842,TRUE,FALSE
138152,pLentiEGFPdestablized - EFS-EGFPd2PEST-2A-MCS-Hygro,RF,1,-,4477,5277,267,spanning_target_gene,FALSE,FALSE,-,-,TRUE,FALSE
137929,pAAV-EFS-CjCas9-eGFP-HIF1a,RF,3,-,3746,4516,257,spanning_target_gene,FALSE,FALSE,-,-,TRUE,FALSE
138363,pME-nEGFP,CF+2,2,+,632,1435,268,spanning_target_gene,FALSE,FALSE,-,-,TRUE,FALSE
137825,pPGK-T7/2-CD44v2-10 (-cyt),CF+2,1,+,3034,3900,289,spanning_target_gene,FALSE,TRUE,-,6199,TRUE,FALSE
138584,pLVX ALIX-GFP S718/721/E,RF,3,-,5099,6076,326,spanning_target_gene,FALSE,FALSE,-,-,TRUE,FALSE
139648,pLL3.7-K122-TEAD-p-H2B-mCherry,RF,1,-,1159,2019,287,spanning_target_gene,FALSE,TRUE,-,1189,TRUE,FALSE
138334,pRP.ExTri-CMV-5'UTR-ApoB48-Linker-eGFP,RF,1,-,6958,7872,305,spanning_target_gene,FALSE,TRUE,-,10286,TRUE,FALSE
139871,TetOn-CLIMP63-mCherry-eGFP,RF,3,-,5928,8060,711,spanning_target_gene,FALSE,FALSE,-,-,TRUE,FALSE
140027,XLone-Puro eGFP,RF,3,+,5268,6122,285,spanning_target_gene,FALSE,TRUE,5022,2049,TRUE,FALSE
139999,pCAG-CBE4max-SpRY-P2A-EGFP (RTW5133),RF,3,-,7269,8255,329,spanning_target_gene,FALSE,FALSE,-,-,TRUE,FALSE
140001,pCAG-CBE4max-SpCas9-NG-P2A-EGFP (RTW4554),RF,3,-,6779,7765,329,spanning_target_gene,FALSE,FALSE,-,-,TRUE,FALSE
140025,pLARRY-EGFP,RF,2,+,1982,3202,407,spanning_target_gene,TRUE,TRUE,1573,1708,TRUE,TRUE
139870,TetOn-REEP5-mCherry-eGFP,RF,3,-,4914,7007,698,spanning_target_gene,FALSE,FALSE,-,-,TRUE,FALSE
139998,pCAG-CBE4max-SpG-P2A-EGFP (RTW4552),RF,1,-,6771,7757,329,spanning_target_gene,FALSE,FALSE,-,-,TRUE,FALSE
139649,pLL3.7-K122-FH-TAZ-TEAD-p-H2B-mCherry,RF,3,-,2397,3257,287,spanning_target_gene,FALSE,TRUE,-,2427,TRUE,FALSE
140083,pCAG-BE4max-P2A-EGFP (pRZ33),RF,3,-,7280,8266,329,spanning_target_gene,FALSE,FALSE,-,-,TRUE,FALSE
140000,pCAG-CBE4max-xCas9(3.7)-P2A-EGFP (RTW4637),RF,1,-,6189,7175,329,spanning_target_gene,FALSE,FALSE,-,-,TRUE,FALSE
140032,XLone-eGFP NLS (no drug resistant gene),RF,3,+,5421,6275,285,spanning_target_gene,FALSE,TRUE,5175,2202,TRUE,FALSE
140534,pAY15 (OsTIR1(F74G) mAID-EGFP-NLS),RF,1,+,2944,3834,297,spanning_target_gene,FALSE,FALSE,-,-,TRUE,FALSE
140658,pMK427 (OsTIR1(WT) mAID-EGFP-Nluc),RF,3,-,4157,5521,455,spanning_target_gene,FALSE,FALSE,-,-,TRUE,FALSE
140532,pAY5 (mAID-EGFP-NLS piggyBac),RF,3,-,2553,3428,292,spanning_target_gene,FALSE,FALSE,-,-,TRUE,FALSE
140535,pAY19 (OsTIR1(F74A) mAID-EGFP-NLS),RF,1,+,2944,3834,297,spanning_target_gene,FALSE,FALSE,-,-,TRUE,FALSE
140533,pAY7 (OsTIR1 mAID-EGFP-NLS TOL2),RF,1,+,2944,3834,297,spanning_target_gene,FALSE,FALSE,-,-,TRUE,FALSE
140730,pAAV-hSyn-OsTIR1(F74G),RF,3,-,2601,3497,299,spanning_target_gene,FALSE,FALSE,-,-,TRUE,FALSE
140729,pAAV-hSyn-OsTIR1(WT),RF,2,-,2609,3505,299,spanning_target_gene,FALSE,FALSE,-,-,TRUE,FALSE
140731,pAAV-hSyn-OsTIR1(F74A),RF,3,-,2601,3497,299,spanning_target_gene,FALSE,FALSE,-,-,TRUE,FALSE
140659,pMK411 (OsTIR1(F74G) mAID-EGFP-Nluc),RF,2,-,4183,5547,455,spanning_target_gene,FALSE,FALSE,-,-,TRUE,FALSE
140883,EGFP-Rab40b in pCSDEST2,RF,3,-,1072,1899,276,spanning_target_gene,FALSE,TRUE,-,3874,TRUE,FALSE
140887,EGFP-Rab38a,RF,3,-,1063,2025,321,spanning_target_gene,FALSE,TRUE,-,3874,TRUE,FALSE
141024,pENTR2-L3-SfoI-IRES-EGFP-PBL-R1,RF,3,-,2045,2824,260,spanning_target_gene,FALSE,FALSE,-,-,TRUE,FALSE
14324,pAG426GPD-EGFP-ccdB,RF,1,-,4210,5043,278,spanning_target_gene,FALSE,FALSE,-,-,TRUE,FALSE
141191,pcDNA4/TO/GFP-ZNF598,RF,2,-,963,2231,423,spanning_target_gene,FALSE,FALSE,-,-,TRUE,FALSE
141091,pHLuc Control,RF,2,-,7634,8719,362,spanning_target_gene,FALSE,FALSE,-,-,TRUE,FALSE
145811,pAID5.2-C,RF,2,+,2945,3748,268,spanning_target_gene,FALSE,FALSE,-,-,TRUE,FALSE
141192,pcDNA4/TO/GFPZNF598-9P-9A,RF,2,-,963,2231,423,spanning_target_gene,FALSE,FALSE,-,-,TRUE,FALSE
145814,pAID5.4-N,RF,3,+,3396,4259,288,spanning_target_gene,FALSE,FALSE,-,-,TRUE,FALSE
145810,pAID5.2-N,RF,1,+,2944,3807,288,spanning_target_gene,FALSE,FALSE,-,-,TRUE,FALSE
145874,pAc5.1B-EGFP-DmXRN1_A,RF,1,-,2419,3423,335,spanning_target_gene,FALSE,TRUE,-,4892,TRUE,FALSE
14106,pAdEasy Flag GCN5,RF,1,-,6342,7121,260,spanning_target_gene,FALSE,FALSE,-,-,TRUE,FALSE
145924,pAc5.1B-EGFP-DmPenguin_B,RF,3,-,2513,3415,301,spanning_target_gene,FALSE,TRUE,-,4892,TRUE,FALSE
145920,pAc5.1B-EGFP-DmFMR1_B,RF,3,-,2474,3880,469,spanning_target_gene,FALSE,TRUE,-,4892,TRUE,FALSE
145815,pAID5.4-C,RF,3,+,3396,4199,268,spanning_target_gene,FALSE,FALSE,-,-,TRUE,FALSE
145926,pAc5.1B-EGFP-DmSquash_B,RF,3,-,2419,3441,341,spanning_target_gene,FALSE,TRUE,-,4892,TRUE,FALSE
146349,pAc5.1B-EGFP-DmG3BP_G,RF,1,-,2415,3374,320,spanning_target_gene,FALSE,TRUE,-,4888,TRUE,FALSE
146318,pT7-EGFP-C1-MBP_F,RF,2,-,590,1462,291,spanning_target_gene,FALSE,FALSE,-,-,TRUE,FALSE
146143,pT7-EGFP-C1-tubgenomic_D,RF,2,-,598,1398,267,spanning_target_gene,FALSE,FALSE,-,-,TRUE,FALSE
146041,pAc5.1B-EGFP-DmCup_C,RF,2,-,2474,3457,328,spanning_target_gene,FALSE,TRUE,-,4892,TRUE,FALSE
146144,pT7-EGFP-C1-tubgenomic-PTC33_D,RF,2,-,598,1398,267,spanning_target_gene,FALSE,FALSE,-,-,TRUE,FALSE
146890,pT7-EGFP-C1-HsNot7-D40AE42A_L,RF,3,-,650,1420,257,spanning_target_gene,FALSE,FALSE,-,-,TRUE,FALSE
146740,pT7-EGFP-C1-HsNXF-1_K,RF,2,-,650,1705,352,spanning_target_gene,FALSE,FALSE,-,-,TRUE,FALSE
146761,pT7-EGFP-C1-HsC2orf68-EBMmut_K,RF,1,-,650,1717,356,spanning_target_gene,FALSE,FALSE,-,-,TRUE,FALSE
146681,pT7-EGFP-C1-HsPatL1_70-770_J,RF,2,-,650,1441,264,spanning_target_gene,FALSE,FALSE,-,-,TRUE,FALSE
146855,pAc5.1B-EGFP-HsTNRC6C_L,RF,1,-,2419,3597,393,spanning_target_gene,FALSE,TRUE,-,4892,TRUE,FALSE
147103,pAc5.1B-EGFP-DmCup-Y342AL347A_O,RF,2,-,2474,3457,328,spanning_target_gene,FALSE,TRUE,-,4892,TRUE,FALSE
146788,pT7-EGFP-C1-HsXRN1_1174-1706_K,RF,2,-,650,1504,285,spanning_target_gene,FALSE,FALSE,-,-,TRUE,FALSE
147091,pT7-EGFP-C1-HseIF4G_O,RF,2,-,684,1694,337,spanning_target_gene,FALSE,FALSE,-,-,TRUE,FALSE
146775,pT7-EGFP-C1-HsNot10_K,RF,2,-,590,1381,264,spanning_target_gene,FALSE,FALSE,-,-,TRUE,FALSE
147235,pAc5.1B-EGFP-CeAIN2-W366AW390A_P,RF,3,-,2474,3469,332,spanning_target_gene,FALSE,TRUE,-,4892,TRUE,FALSE
14715,Lentiviral-TOP-dGFP-reporter,RF,1,-,3134,3928,265,spanning_target_gene,FALSE,FALSE,-,-,TRUE,FALSE
147331,pT7-lambdaN-EGFP-C1_Q,CF+2,1,+,655,1482,276,spanning_target_gene,TRUE,TRUE,146,112,TRUE,TRUE
147331,pT7-lambdaN-EGFP-C1_Q,RF,2,-,590,1504,305,spanning_target_gene,FALSE,FALSE,-,-,TRUE,FALSE
14747,GFP-ERK1,RF,2,-,598,1773,392,spanning_target_gene,FALSE,FALSE,-,-,TRUE,FALSE
147501,pT7-EGFP-C1-HsNot2-F502A_S,RF,3,-,650,1429,260,spanning_target_gene,FALSE,FALSE,-,-,TRUE,FALSE
147540,pT7-EGFP-C1-HsNot1iso1_1386-1535_S,RF,3,-,650,1465,272,spanning_target_gene,FALSE,FALSE,-,-,TRUE,FALSE
14760,pCAG-GFPd2,CF+2,2,+,1628,2479,284,spanning_target_gene,FALSE,TRUE,-,271,TRUE,FALSE
14760,pCAG-GFPd2,RF,2,-,1692,2483,264,spanning_target_gene,FALSE,FALSE,-,-,TRUE,FALSE
147808,pT7-EGFP-C1-HsDCP2_1-395_V,RF,2,-,590,1465,292,spanning_target_gene,FALSE,FALSE,-,-,TRUE,FALSE
147813,pT7-EGFP-C1-HsDCP2-F404AF407AF409A_V,RF,2,-,590,1465,292,spanning_target_gene,FALSE,FALSE,-,-,TRUE,FALSE
147650,pT7-EGFP-C1-HsDCP2-E148Q_U,RF,2,-,590,1465,292,spanning_target_gene,FALSE,FALSE,-,-,TRUE,FALSE
148201,pAc5.1B-EGFP-DmeIF4A-dsRNAres_AA,RF,1,-,2441,3673,411,spanning_target_gene,FALSE,TRUE,-,4892,TRUE,FALSE
14885,Lentiviral-FOP-dGFP-reporter,RF,3,+,4008,4802,265,spanning_target_gene,FALSE,FALSE,-,-,TRUE,FALSE
148309,pT7-EGFP-C1-HsYTHDF1_365-559_AB,RF,3,-,650,1645,332,spanning_target_gene,FALSE,FALSE,-,-,TRUE,FALSE
148046,pAc5.1B-EGFP-DmPAN2-K1124EY1127EK1131E-dsRNAres_Y,RF,2,-,2419,3939,507,spanning_target_gene,FALSE,TRUE,-,4892,TRUE,FALSE
148384,pAc5.1B-EGFP-DmYTHDFa_546-700_AC,RF,1,-,2419,3282,288,spanning_target_gene,FALSE,TRUE,-,4892,TRUE,FALSE
148883,pAc5.1B-EGFP-DmHelz_1213-2103_AH,RF,1,-,2419,3327,303,spanning_target_gene,FALSE,TRUE,-,4892,TRUE,FALSE
148311,pT7-EGFP-C1-HsYTHDF2_1-385_AB,RF,3,-,590,1414,275,spanning_target_gene,FALSE,FALSE,-,-,TRUE,FALSE
148136,pT7-EGFP-C1-HseIF4E-F47AI79A_Z,RF,2,-,650,1531,294,spanning_target_gene,FALSE,FALSE,-,-,TRUE,FALSE
148687,pT7-EGFP-C1-Hs4E-T_AF,RF,1,-,590,1480,297,spanning_target_gene,FALSE,FALSE,-,-,TRUE,FALSE
148312,pT7-EGFP-C1-HsYTHDF2_386-579_AB,RF,3,-,590,1498,303,spanning_target_gene,FALSE,FALSE,-,-,TRUE,FALSE
148804,pT7-EGFP-HsHelz_1051-1942_AG,RF,2,-,650,1504,285,spanning_target_gene,FALSE,FALSE,-,-,TRUE,FALSE
148310,pT7-EGFP-C1-HsYTHDF2_AB,RF,3,-,650,1474,275,spanning_target_gene,FALSE,FALSE,-,-,TRUE,FALSE
148903,pT7-EGFP-C1-HsXRN1_1174-1649_AH,RF,2,-,590,1444,285,spanning_target_gene,FALSE,FALSE,-,-,TRUE,FALSE
15233,Paxillin-pEGFP,CF+2,2,+,1985,3013,343,spanning_target_gene,TRUE,TRUE,1461,105,TRUE,TRUE
153203,pAAV-phSyn-flex-SypEGFP,CF+2,3,-,555,1667,371,spanning_target_gene,FALSE,FALSE,-,-,TRUE,FALSE
153197,pAM-AAV-mCamk2a-EGFP,CF+2,2,+,1442,2338,299,spanning_target_gene,FALSE,TRUE,6423,655,TRUE,FALSE
153010,pCDNA3 CMV sTurboID (C)-Arrestin-GFP,RF,1,-,2922,3671,250,spanning_target_gene,FALSE,FALSE,-,-,TRUE,FALSE
153966,pEGFP-IREShygro2,RF,1,-,941,1756,272,spanning_target_gene,FALSE,FALSE,-,-,TRUE,FALSE
154067,EC71174,RF,1,-,3329,4078,250,spanning_target_gene,FALSE,FALSE,-,-,TRUE,FALSE
154089,pINDUCER-21-RUNX1-P2A-ERG-IMPROVED,CF+2,2,+,8456,9547,364,spanning_target_gene,TRUE,TRUE,1376,839,TRUE,TRUE
154088,pINDUCER-21-LCOR-P2A-HOXA9-T2A-HOXA5-IMPROVED,CF+2,1,+,8452,9543,364,spanning_target_gene,TRUE,TRUE,1270,839,TRUE,TRUE
154066,EC71167,RF,2,-,3333,4082,250,spanning_target_gene,FALSE,FALSE,-,-,TRUE,FALSE
154265,pRetroX-TRE3G_FLAG-CRTC1/MAML2_PGK-GpNLuc,RF,1,-,5647,6711,355,spanning_target_gene,FALSE,FALSE,-,-,TRUE,FALSE
155115,pME-QUAS5x:GFPNLS-SV40pA,RF,3,-,759,1667,303,spanning_target_gene,FALSE,TRUE,-,2684,TRUE,FALSE
155116,pME-QUASM1:GFPNLS-SV40pA,RF,3,-,285,1193,303,spanning_target_gene,FALSE,TRUE,-,2684,TRUE,FALSE
155123,pTol2CG2-QUASM1:GFPNLS-SV40pA,RF,3,-,1459,2367,303,spanning_target_gene,FALSE,TRUE,-,4252,TRUE,FALSE
156403,JDW 742 (pDONR221-EGFP-KRAS4B-G12V),CF+2,3,+,333,1130,266,spanning_target_gene,FALSE,FALSE,-,-,TRUE,FALSE
157735,pcDNA5-FRT-TO-eGFP-HF,RF,3,-,963,1754,264,spanning_target_gene,FALSE,FALSE,-,-,TRUE,FALSE
156417,JDW 249 (pTol2-Dll4-F2-ETS#2-WT-8X-E1b-EGFP),CF+2,3,+,2565,3470,302,spanning_target_gene,FALSE,FALSE,-,-,TRUE,FALSE
156435,pEN716 - pCAGGS-eGFP-3Xnls-bpA,CF+2,2,+,1640,2704,355,spanning_target_gene,FALSE,TRUE,-,27,TRUE,FALSE
155308,pcDNA-GFP-AMA1-Flag(K546M/I547P/I548Y/I549Y),RF,1,-,896,3304,803,spanning_target_gene,FALSE,FALSE,-,-,TRUE,FALSE
158123,pHR SFFV GLP1R(S301A)-EGFP,CF+2,2,+,9731,10552,274,spanning_target_gene,TRUE,TRUE,3550,741,TRUE,TRUE
158432,pMH-02,CF+2,3,+,1230,2183,318,spanning_target_gene,FALSE,FALSE,-,-,TRUE,FALSE
158432,pMH-02,RF,1,-,1024,2019,332,spanning_target_gene,FALSE,FALSE,-,-,TRUE,FALSE
158091,pRT043-CLYBL-DDdcas9-VPH,RF,3,-,8395,9297,301,spanning_target_gene,FALSE,FALSE,-,-,TRUE,FALSE
158221,pLenti-PalmGRET,RF,3,-,3142,4230,363,spanning_target_gene,FALSE,FALSE,-,-,TRUE,FALSE
157926,pLL3.7-Casp2-shRNA,RF,3,-,1114,1884,257,spanning_target_gene,FALSE,FALSE,-,-,TRUE,FALSE
158749,EGFP-UTRN-mini,CF+2,3,-,819,1793,325,spanning_target_gene,FALSE,TRUE,6278,2067,TRUE,FALSE
158750,LifeAct-14 (LA-14),RF,2,-,83,1084,334,spanning_target_gene,FALSE,FALSE,-,-,TRUE,FALSE
159097,p35S::SP-mCherry-GFP-HDEL,CF+2,2,+,2837,3682,282,spanning_target_gene,FALSE,FALSE,-,-,TRUE,FALSE
159097,p35S::SP-mCherry-GFP-HDEL,RF,2,-,12874,14352,493,spanning_target_gene,FALSE,FALSE,-,-,TRUE,FALSE
159097,p35S::SP-mCherry-GFP-HDEL,RF,3,-,1350,2828,493,spanning_target_gene,FALSE,FALSE,-,-,TRUE,FALSE
158222,pLenti-GRET,RF,3,-,3142,4170,343,spanning_target_gene,FALSE,FALSE,-,-,TRUE,FALSE
159436,pcDNA3-P1-N-EGFP-C,RF,1,-,680,1744,355,spanning_target_gene,FALSE,FALSE,-,-,TRUE,FALSE
15949,pLOVE-GFP,CF+2,2,+,464,1417,318,spanning_target_gene,TRUE,FALSE,2074,-,TRUE,FALSE
15925,pMSCVgfp::AID,RF,3,-,2544,3350,269,spanning_target_gene,FALSE,FALSE,-,-,TRUE,FALSE
159754,AAVS1-Blasticidin XLone-eGFP,RF,1,+,10486,526,285,spanning_target_gene,FALSE,TRUE,9434,1974,TRUE,FALSE
160458,pHX_HDR_hPAX7_IRES-EGFP-PGK-Neo,RF,2,-,1165,2166,334,spanning_target_gene,FALSE,FALSE,-,-,TRUE,FALSE
16071,pEGFP-C1 beta-catenin WT,RF,1,+,5722,6534,271,spanning_target_gene,FALSE,FALSE,-,-,TRUE,FALSE
16073,pEGFP-C1 beta-catenin Y654E,RF,3,+,7068,518,271,spanning_target_gene,FALSE,FALSE,-,-,TRUE,FALSE
16072,pEGFP-C1 beta-catenin Y654F,RF,2,+,3698,4510,271,spanning_target_gene,FALSE,FALSE,-,-,TRUE,FALSE
161795,pCMV-monSTIM1,RF,1,-,2594,3661,356,spanning_target_gene,FALSE,FALSE,-,-,TRUE,FALSE
160928,pBS31-cCARLIN,CF+2,3,+,8337,9344,336,spanning_target_gene,TRUE,TRUE,828,211,TRUE,TRUE
161796,pLenti-CamKIIa-monSTIM1,RF,1,-,3702,4817,372,spanning_target_gene,FALSE,FALSE,-,-,TRUE,FALSE
161797,pLenti-gfaABC1D-monSTIM1,RF,1,-,6533,7546,338,spanning_target_gene,FALSE,FALSE,-,-,TRUE,FALSE
161030,Zhou-pLOV-GFP-Luc,RF,2,-,4444,5418,325,spanning_target_gene,FALSE,FALSE,-,-,TRUE,FALSE
162080,pEpicVector3G_Puro-T2A-EGFP-VSVg-StrepTagII-HA,CF+2,3,+,1839,2750,304,spanning_target_gene,TRUE,TRUE,659,674,TRUE,TRUE
162079,pEpicVector3G_Puro-T2A-EGFP-VSVg-StrepTagII-ProtC,CF+2,3,+,1839,2690,284,spanning_target_gene,TRUE,TRUE,659,743,TRUE,TRUE
162032,pLEX303-GFP,RF,2,-,593,1423,277,spanning_target_gene,FALSE,FALSE,-,-,TRUE,FALSE
162082,pEpicVector3G_Puro-T2A-EGFP-VSVg-StrepTagII-AU1,CF+2,3,+,1839,2741,301,spanning_target_gene,TRUE,TRUE,659,674,TRUE,TRUE
162033,pLEX304-GFP,RF,3,-,2428,3258,277,spanning_target_gene,FALSE,FALSE,-,-,TRUE,FALSE
162095,pEpicVector3G_Puro-T2A-EGFP-ProtC-HA-FLAG,CF+2,3,+,1839,2630,264,spanning_target_gene,TRUE,TRUE,659,794,TRUE,TRUE
162096,pEpicVector3G_Puro-T2A-EGFP-ProtC-HA-AU1,CF+2,3,+,1839,2630,264,spanning_target_gene,TRUE,TRUE,659,788,TRUE,TRUE
162084,pEpicVector3G_Puro-T2A-EGFP-VSVg-ProtC-FLAG,CF+2,3,+,1839,2663,275,spanning_target_gene,TRUE,TRUE,659,767,TRUE,TRUE
162087,pEpicVector3G_Puro-T2A-EGFP-VSVg-HA-AU1,CF+2,3,+,1839,2741,301,spanning_target_gene,TRUE,TRUE,659,674,TRUE,TRUE
162086,pEpicVector3G_Puro-T2A-EGFP-VSVg-HA-FLAG,CF+2,3,+,1839,2693,285,spanning_target_gene,TRUE,TRUE,659,728,TRUE,TRUE
162085,pEpicVector3G_Puro-T2A-EGFP-VSVg-ProtC-AU1,CF+2,3,+,1839,2663,275,spanning_target_gene,TRUE,TRUE,659,761,TRUE,TRUE
162088,pEpicVector3G_Puro-T2A-EGFP-VSVg-FLAG-AU1,CF+2,3,+,1839,2666,276,spanning_target_gene,TRUE,TRUE,659,746,TRUE,TRUE
162092,pEpicVector3G_Puro-T2A-EGFP-StrepTagII-HA-FLAG,CF+2,3,+,1839,2687,283,spanning_target_gene,TRUE,TRUE,659,728,TRUE,TRUE
162094,pEpicVector3G_Puro-T2A-EGFP-StrepTagII-FLAG-AU1,CF+2,3,+,1839,2660,274,spanning_target_gene,TRUE,TRUE,659,746,TRUE,TRUE
162081,pEpicVector3G_Puro-T2A-EGFP-VSVg-StrepTagII-FLAG,CF+2,3,+,1839,2693,285,spanning_target_gene,TRUE,TRUE,659,728,TRUE,TRUE
162091,pEpicVector3G_Puro-T2A-EGFP-StrepTagII-ProtC-AU1,CF+2,3,+,1839,2657,273,spanning_target_gene,TRUE,TRUE,659,761,TRUE,TRUE
162093,pEpicVector3G_Puro-T2A-EGFP-StrepTagII-HA-AU1,CF+2,3,+,1839,2735,299,spanning_target_gene,TRUE,TRUE,659,674,TRUE,TRUE
162089,pEpicVector3G_Puro-T2A-EGFP-StrepTagII-ProtC-HA,CF+2,3,+,1839,2657,273,spanning_target_gene,TRUE,TRUE,659,770,TRUE,TRUE
162083,pEpicVector3G_Puro-T2A-EGFP-VSVg-ProtC-HA,CF+2,3,+,1839,2663,275,spanning_target_gene,TRUE,TRUE,659,770,TRUE,TRUE
162097,pEpicVector3G_Puro-T2A-EGFP-ProtC-FLAG-AU1,CF+2,3,+,1839,2630,264,spanning_target_gene,TRUE,TRUE,659,785,TRUE,TRUE
162098,pEpicVector3G_Puro-T2A-EGFP-HA-FLAG-AU1,CF+2,3,+,1839,2660,274,spanning_target_gene,TRUE,TRUE,659,746,TRUE,TRUE
162490,GFP-Tac-STC,RF,2,-,609,1634,342,spanning_target_gene,FALSE,FALSE,-,-,TRUE,FALSE
162090,pEpicVector3G_Puro-T2A-EGFP-StrepTagII-ProtC-FLAG,CF+2,3,+,1839,2657,273,spanning_target_gene,TRUE,TRUE,659,767,TRUE,TRUE
162492,GFP-Tac-TC,RF,2,-,609,1553,315,spanning_target_gene,FALSE,FALSE,-,-,TRUE,FALSE
162494,Tac-GFP,RF,2,-,1083,2210,376,spanning_target_gene,FALSE,FALSE,-,-,TRUE,FALSE
162491,GFP-Tac-STC(5A),RF,2,-,609,1634,342,spanning_target_gene,FALSE,FALSE,-,-,TRUE,FALSE
162495,Tac(5A)-GFP,RF,2,-,1083,2210,376,spanning_target_gene,FALSE,FALSE,-,-,TRUE,FALSE
162336,pLV_mU6-sgNGN3_hU6-sgRNA_hUbC-PuroR-P2A-GFP,RF,1,-,6248,7726,493,spanning_target_gene,FALSE,FALSE,-,-,TRUE,FALSE
162337,pLV_mU6-sgASCL1_hU6-sgRNA_hUbC-PuroR-P2A-GFP,RF,1,-,6248,7726,493,spanning_target_gene,FALSE,FALSE,-,-,TRUE,FALSE
162335,pLV_hU6-sgRNA_hUbC-GFP-P2A-PuroR,RF,1,-,5777,7255,493,spanning_target_gene,FALSE,FALSE,-,-,TRUE,FALSE
162513,AAV-mPGK-eGFP (beta-globin intron),CF+2,2,+,1112,1981,290,spanning_target_gene,FALSE,TRUE,-,43,TRUE,FALSE
162513,AAV-mPGK-eGFP (beta-globin intron),RF,2,-,1125,2033,303,spanning_target_gene,FALSE,FALSE,-,-,TRUE,FALSE
16275,pHB9-EGFP (Hb9 promoter) [TJ#96],CF+2,1,+,8677,9513,279,spanning_target_gene,FALSE,TRUE,-,10,TRUE,FALSE
162893,C122-E11: eGFP,CF+2,1,+,628,1479,284,spanning_target_gene,FALSE,FALSE,-,-,TRUE,FALSE
162880,pEGFP-C1 PA-PLA1 (EGFP-PA-PLA1),RF,1,-,234,1022,263,spanning_target_gene,FALSE,FALSE,-,-,TRUE,FALSE
163028,CMV-GFP-CaM-uTEVp,CF+2,3,-,1569,2465,299,spanning_target_gene,FALSE,TRUE,5702,1213,TRUE,FALSE
163032,GFP-CaM-uTEVp,CF+2,2,+,206,1417,404,spanning_target_gene,FALSE,TRUE,5811,1843,TRUE,FALSE
163036,TRE:GFP,CF+2,1,+,67,1803,579,spanning_target_gene,FALSE,TRUE,4841,4976,TRUE,FALSE
163350,pMY-MCS-GSG-eGFP,CF+2,2,+,1976,2728,251,spanning_target_gene,TRUE,TRUE,1360,206,TRUE,TRUE
163356,pMY-MCS-P2A-eGFP,CF+2,2,+,1976,2863,296,spanning_target_gene,TRUE,TRUE,1360,133,TRUE,TRUE
163523,eGFP-luciferase-C1,RF,1,-,598,1509,304,spanning_target_gene,FALSE,FALSE,-,-,TRUE,FALSE
163609,pCAFNF-EGFP,RF,3,-,2993,3907,305,spanning_target_gene,FALSE,FALSE,-,-,TRUE,FALSE
163623,pGEX4T3-NL2CT,CF+2,2,+,1691,2671,327,spanning_target_gene,TRUE,TRUE,988,17,TRUE,TRUE
163623,pGEX4T3-NL2CT,RF,3,-,1755,2675,307,spanning_target_gene,FALSE,FALSE,-,-,TRUE,FALSE
163622,pDEST-eGFP-C1-VPS35,CF+2,1,+,3067,3825,253,spanning_target_gene,TRUE,TRUE,2474,105,TRUE,TRUE
16404,pAdTrack,RF,2,+,704,1483,260,spanning_target_gene,FALSE,FALSE,-,-,TRUE,FALSE
164092,pCAG-MCS-EGFP,RF,3,-,1712,2689,326,spanning_target_gene,FALSE,FALSE,-,-,TRUE,FALSE
164242,pLENTI CMV GFP-TREX1 309* BLAST,RF,1,-,2520,3563,348,spanning_target_gene,FALSE,FALSE,-,-,TRUE,FALSE
164851,p274 EF1a_EGFP_hH11,RF,2,-,4694,5623,310,spanning_target_gene,FALSE,FALSE,-,-,TRUE,FALSE
164519,"pB-Halo,IRES-eGFP",RF,1,-,4784,5665,294,spanning_target_gene,FALSE,FALSE,-,-,TRUE,FALSE
16405,pAdTrack-CMV,RF,3,-,749,1528,260,spanning_target_gene,FALSE,FALSE,-,-,TRUE,FALSE
164644,3XHalo_GFP_TRF1#1,RF,2,-,4019,7837,1273,spanning_target_gene,FALSE,FALSE,-,-,TRUE,FALSE
165115,Nsp10-EGFP,CF+2,2,+,587,1459,291,spanning_target_gene,TRUE,TRUE,382,105,TRUE,TRUE
165120,EGFP-Nsp15,RF,2,-,234,1289,352,spanning_target_gene,FALSE,FALSE,-,-,TRUE,FALSE
165122,EGFP-ORF9b,RF,2,-,234,1334,367,spanning_target_gene,FALSE,FALSE,-,-,TRUE,FALSE
165129,EGFP-Orf9b L52D,RF,2,-,234,1334,367,spanning_target_gene,FALSE,FALSE,-,-,TRUE,FALSE
16610,pTRE-FDXR wt,RF,1,-,1818,2831,338,spanning_target_gene,FALSE,TRUE,-,4317,TRUE,FALSE
16529,pAdTrack-PPARdelta,RF,2,-,6279,7058,260,spanning_target_gene,FALSE,FALSE,-,-,TRUE,FALSE
166950,pLV-EF1a-GFP-SFPQ-IRES-mCherry,RF,1,-,3368,4390,341,spanning_target_gene,FALSE,FALSE,-,-,TRUE,FALSE
166951,pLV-EF1a-GFP-SFPQY527A-IRES-mCherry,RF,2,-,3368,4390,341,spanning_target_gene,FALSE,FALSE,-,-,TRUE,FALSE
167019,pInducer21-3xFlag-S208C-MEFV,CF+2,2,+,8096,9187,364,spanning_target_gene,TRUE,TRUE,1391,839,TRUE,TRUE
167585,pSICO-CPSF6-eGFP,RF,2,-,4545,5288,248,spanning_target_gene,FALSE,FALSE,-,-,TRUE,FALSE
167969,SOX2 KO (T2A-H2B-EGFP),RF,1,-,1458,2756,433,spanning_target_gene,FALSE,FALSE,-,-,TRUE,FALSE
167590,pSICO-eGFP-TNPO3,RF,1,-,3322,4248,309,spanning_target_gene,FALSE,FALSE,-,-,TRUE,FALSE
167940,pcDNA-LoxP-mKate-LoxP-EGFP,RF,2,-,1582,2367,262,spanning_target_gene,FALSE,FALSE,-,-,TRUE,FALSE
168109,pMB204: UbC-GFP-Tg_SAP30L-WPRE,RF,3,-,3892,5082,397,spanning_target_gene,FALSE,FALSE,-,-,TRUE,FALSE
168506,pCAG-SRGAP3FBAR-EGFP,CF+2,2,+,3179,4078,300,spanning_target_gene,FALSE,TRUE,-,67,TRUE,FALSE
169096,FLX1.8NFATGFPpd2HS4,RF,2,-,1689,2429,247,spanning_target_gene,FALSE,FALSE,-,-,TRUE,FALSE
168997,pcDNA3-GFP-LC3-RFP-LC3ΔG,CF+2,2,-,2646,3557,304,spanning_target_gene,FALSE,TRUE,7602,1558,TRUE,FALSE
169367,Equalizer-H plasmid,RF,2,-,2288,3148,287,spanning_target_gene,FALSE,FALSE,-,-,TRUE,FALSE
169731,Equalizer-M plasmid,RF,2,-,2288,3148,287,spanning_target_gene,FALSE,FALSE,-,-,TRUE,FALSE
169304,SIN40C.SFFV.GFP.miR-99a,RF,2,-,6125,6997,291,spanning_target_gene,FALSE,FALSE,-,-,TRUE,FALSE
169732,Equalizer-L plasmid,RF,3,-,2310,3170,287,spanning_target_gene,FALSE,FALSE,-,-,TRUE,FALSE
169734,Equalizer-M plasmid with onboard mCherry cassette,RF,2,-,2288,3148,287,spanning_target_gene,FALSE,FALSE,-,-,TRUE,FALSE
169738,Equalizer-L episome,RF,1,-,4291,5151,287,spanning_target_gene,FALSE,TRUE,-,13722,TRUE,FALSE
169745,PGK+ plasmid with onboard mCherry cassette,CF+2,3,+,6930,8192,421,spanning_target_gene,FALSE,TRUE,4626,1658,TRUE,FALSE
169735,Equalizer-L plasmid with onboard mCherry cassette,RF,3,-,2310,3170,287,spanning_target_gene,FALSE,FALSE,-,-,TRUE,FALSE
169451,pHR-TRE3G-dCas9-EGFP-HaloTag,RF,3,-,2595,8156,1854,spanning_target_gene,FALSE,FALSE,-,-,TRUE,FALSE
169733,Equalizer-H plasmid with onboard mCherry cassette,RF,2,-,2288,3148,287,spanning_target_gene,FALSE,FALSE,-,-,TRUE,FALSE
169742,CMV+ episome,CF+2,2,+,5075,5872,266,spanning_target_gene,TRUE,TRUE,771,2625,TRUE,TRUE
169742,CMV+ episome,RF,3,-,5079,6011,311,spanning_target_gene,FALSE,TRUE,-,12997,TRUE,FALSE
169740,CMV+ plasmid,CF+2,1,+,1585,2847,421,spanning_target_gene,TRUE,TRUE,771,1658,TRUE,TRUE
169741,CMV+ plasmid with onboard mCherry cassette,CF+2,1,+,1132,2394,421,spanning_target_gene,TRUE,TRUE,771,1658,TRUE,TRUE
169748,Incoherent feedforward (IFF) plasmid,RF,3,-,1635,2429,265,spanning_target_gene,FALSE,FALSE,-,-,TRUE,FALSE
170041,PGK+ episome,CF+2,1,+,4822,5619,266,spanning_target_gene,FALSE,TRUE,11154,2625,TRUE,FALSE
170041,PGK+ episome,RF,2,-,4826,5758,311,spanning_target_gene,FALSE,TRUE,-,12750,TRUE,FALSE
170164,EF1a-EGFP-KANL,RF,3,-,1332,2153,274,spanning_target_gene,FALSE,FALSE,-,-,TRUE,FALSE
170159,XLone-Cas9-2A-GFP,RF,2,-,4545,5363,273,spanning_target_gene,FALSE,TRUE,4911,6174,TRUE,FALSE
170167,EF1a-EGFP (no signal control),RF,1,-,3398,4207,270,spanning_target_gene,FALSE,FALSE,-,-,TRUE,FALSE
170210,pGBK CUP1 EGFP,RF,2,-,795,1568,258,spanning_target_gene,FALSE,TRUE,-,5303,TRUE,FALSE
170356,PIP2-GFP(ST) sensor,CF+2,2,+,2540,3472,311,spanning_target_gene,FALSE,TRUE,6547,566,TRUE,FALSE
170453,pSynapsin_NLS_GFP_P2A_His6_GluA2,RF,3,-,2788,3732,315,spanning_target_gene,FALSE,FALSE,-,-,TRUE,FALSE
170457,pSynapsin_NLS_GFP_P2A_His6_NR1.,RF,3,-,2788,3858,357,spanning_target_gene,FALSE,FALSE,-,-,TRUE,FALSE
170446,pCDH-EF1a-mCherry-EGFP-LC3B,RF,2,-,2450,4213,588,spanning_target_gene,FALSE,FALSE,-,-,TRUE,FALSE
170454,pSynapsin_NLS_GFP_P2A_Halo_GluA2,RF,3,-,2788,3732,315,spanning_target_gene,FALSE,FALSE,-,-,TRUE,FALSE
170455,pSynapsin_NLS_GFP-P2A_SNAP_GluA2,RF,3,-,2788,3732,315,spanning_target_gene,FALSE,FALSE,-,-,TRUE,FALSE
170458,pSynapsin_NLS_GFP_P2A_SNAP_NR1,RF,3,-,2788,4056,423,spanning_target_gene,FALSE,FALSE,-,-,TRUE,FALSE
170746,pEGFP GLTP,RF,3,-,600,1823,408,spanning_target_gene,FALSE,FALSE,-,-,TRUE,FALSE
17114,M38 TOP-dGFP,RF,1,-,223,1170,316,spanning_target_gene,FALSE,TRUE,-,3086,TRUE,FALSE
170976,pDONRp5-p2 GFP-NShroom3-iLID,RF,2,-,67,1020,318,spanning_target_gene,FALSE,FALSE,-,-,TRUE,FALSE
171653,QUAS-5-T7-GFP_ColE1,CF+2,2,+,992,1840,283,spanning_target_gene,FALSE,FALSE,-,-,TRUE,FALSE
171123,pLVX-TetOne-Puro-GFP,RF,3,+,2439,3302,288,spanning_target_gene,FALSE,TRUE,1804,3356,TRUE,FALSE
171656,T7-5-QUAS-GFP_ColE1,CF+2,2,+,1016,1840,275,spanning_target_gene,FALSE,FALSE,-,-,TRUE,FALSE
171657,T7-10-QUAS-GFP_ColE1,CF+2,2,+,1034,1858,275,spanning_target_gene,FALSE,FALSE,-,-,TRUE,FALSE
171662,QUAS-0-T7-TetO-GFP_ColE1,CF+2,1,+,982,1827,282,spanning_target_gene,FALSE,FALSE,-,-,TRUE,FALSE
171658,T7-15-QUAS-GFP_ColE1,CF+2,1,+,1027,1851,275,spanning_target_gene,FALSE,FALSE,-,-,TRUE,FALSE
171585,pLenti-TRS-Leader-SARS-CoV-2-EGFP,RF,3,+,1356,2168,271,spanning_target_gene,FALSE,FALSE,-,-,TRUE,FALSE
171944,EGFP-INPP4A,RF,2,-,597,1394,266,spanning_target_gene,FALSE,FALSE,-,-,TRUE,FALSE
172334,pLV-REPORT(PGK)-12xHRE,RF,3,-,6670,8502,611,spanning_target_gene,FALSE,FALSE,-,-,TRUE,FALSE
172326,pLV-REPORT(EF1a),RF,3,+,9582,869,676,spanning_target_gene,FALSE,FALSE,-,-,TRUE,FALSE
172327,pLV-REPORT(EF1a)-TTN,RF,2,-,6417,8444,676,spanning_target_gene,FALSE,FALSE,-,-,TRUE,FALSE
172336,pLV-REPORT(PGK/CMV)-GRE,RF,1,-,6776,8548,591,spanning_target_gene,FALSE,FALSE,-,-,TRUE,FALSE
172373,CVS-N2c-EGFP-FlpO,RF,2,-,3291,4109,273,spanning_target_gene,FALSE,FALSE,-,-,TRUE,FALSE
172371,CVS-N2c-EGFP-ChIEF,RF,3,-,3291,4055,255,spanning_target_gene,FALSE,FALSE,-,-,TRUE,FALSE
172330,pLV-REPORT(PGK/CMV),RF,1,-,6647,8419,591,spanning_target_gene,FALSE,FALSE,-,-,TRUE,FALSE
172352,pLV-REPORT(EF1a)TetR,RF,1,-,4274,6301,676,spanning_target_gene,FALSE,FALSE,-,-,TRUE,FALSE
172328,pLV-REPORT(PGK),RF,3,-,5698,7530,611,spanning_target_gene,FALSE,FALSE,-,-,TRUE,FALSE
172372,CVS-N2c-EGFP-iCre,RF,3,-,3291,4055,255,spanning_target_gene,FALSE,FALSE,-,-,TRUE,FALSE
172335,pLV-REPORT(PGK/CMV)-12xHRE,RF,3,-,7651,9423,591,spanning_target_gene,FALSE,FALSE,-,-,TRUE,FALSE
172382,CVS-N2c-nl.EGFP-tdTomato,RF,2,-,3301,4152,284,spanning_target_gene,FALSE,FALSE,-,-,TRUE,FALSE
172386,CVS-N2c-nl.EGFP-jRGECO1a,RF,2,-,3301,4152,284,spanning_target_gene,FALSE,FALSE,-,-,TRUE,FALSE
172379,CVS-N2c-nl.EGFP-FlpO,RF,1,-,3301,4152,284,spanning_target_gene,FALSE,FALSE,-,-,TRUE,FALSE
172380,CVS-N2c-nl.EGFP-SypGFP,CF+2,2,+,4778,5887,370,spanning_target_gene,TRUE,FALSE,4906,-,TRUE,FALSE
172380,CVS-N2c-nl.EGFP-SypGFP,RF,2,-,3301,4152,284,spanning_target_gene,FALSE,FALSE,-,-,TRUE,FALSE
172460,pIRES-EGFP-TPD52,RF,1,-,1841,3322,494,spanning_target_gene,FALSE,FALSE,-,-,TRUE,FALSE
172461,pIRES-EGFP-TPD53,RF,2,-,1779,3260,494,spanning_target_gene,FALSE,FALSE,-,-,TRUE,FALSE
172530,pcryGFP-acta1-dmdGFP,RF,3,-,17473,18378,302,spanning_target_gene,FALSE,TRUE,-,16270,TRUE,FALSE
172597,pCEP4-myc-PDGFRA-K627R_EGFP-PEST_reporter,RF,1,-,12171,12998,276,spanning_target_gene,FALSE,TRUE,-,8072,TRUE,FALSE
172596,pCEP4-myc-PDGFRA-R914W_EGFP-PEST_reporter,RF,3,-,12174,13001,276,spanning_target_gene,FALSE,TRUE,-,8075,TRUE,FALSE
172598,pCEP4-myc-PDGFRA-D842V_EGFP-PEST_reporter,RF,2,-,11974,12801,276,spanning_target_gene,FALSE,TRUE,-,7875,TRUE,FALSE
172599,pCEP4-myc-PDGFRA-D842V+R914W_EGFP-PEST_reporter,RF,3,-,12025,12852,276,spanning_target_gene,FALSE,TRUE,-,7926,TRUE,FALSE
172600,pCEP4-myc-PDGFRA-K627R+R914W_EGFP-PEST_reporter,RF,2,-,12172,12999,276,spanning_target_gene,FALSE,TRUE,-,8073,TRUE,FALSE
173181,pBI121-GFP-RmMYB108,RF,2,-,13426,14394,323,spanning_target_gene,FALSE,FALSE,-,-,TRUE,FALSE
174189,EGFP-PIK3CG,RF,2,-,2734,3795,354,spanning_target_gene,FALSE,FALSE,-,-,TRUE,FALSE
174194,Dok1-EGFP,CF+2,2,+,2120,2878,253,spanning_target_gene,TRUE,TRUE,1532,105,TRUE,TRUE
174307,pSin-GFP-Fg,RF,2,-,7208,8041,278,spanning_target_gene,FALSE,FALSE,-,-,TRUE,FALSE
174445,pIVT-EGFP-ratCENP-C,CF+2,1,+,2218,3132,305,spanning_target_gene,FALSE,FALSE,-,-,TRUE,FALSE
174445,pIVT-EGFP-ratCENP-C,RF,1,-,2384,3172,263,spanning_target_gene,FALSE,FALSE,-,-,TRUE,FALSE
174335,pEGFPC1-ORAI1-EC-HA,RF,3,-,598,1836,413,spanning_target_gene,FALSE,FALSE,-,-,TRUE,FALSE
174446,pIVT-EGFP-pumilioCENP-C,CF+2,1,+,2218,3132,305,spanning_target_gene,FALSE,FALSE,-,-,TRUE,FALSE
174446,pIVT-EGFP-pumilioCENP-C,RF,2,-,2384,3172,263,spanning_target_gene,FALSE,FALSE,-,-,TRUE,FALSE
174444,pIVT-EGFP-mouseCENP-C,CF+2,1,+,2218,3132,305,spanning_target_gene,FALSE,FALSE,-,-,TRUE,FALSE
174444,pIVT-EGFP-mouseCENP-C,RF,1,-,2384,3172,263,spanning_target_gene,FALSE,FALSE,-,-,TRUE,FALSE
174457,pFX-EGFP-Rab7,RF,2,-,447,2042,532,spanning_target_gene,FALSE,FALSE,-,-,TRUE,FALSE
174609,pMP71-tCD19-mGFP,CF+2,3,+,1566,2441,292,spanning_target_gene,TRUE,TRUE,4611,1054,TRUE,TRUE
174609,pMP71-tCD19-mGFP,RF,3,-,1588,2454,289,spanning_target_gene,FALSE,FALSE,-,-,TRUE,FALSE
174708,3xEGFP-mMeikin,RF,1,-,61,2901,947,spanning_target_gene,FALSE,TRUE,-,3873,TRUE,FALSE
174519,pCDNA3-mitoT,CF+2,3,+,774,2144,457,spanning_target_gene,FALSE,TRUE,6557,54,TRUE,FALSE
174705,TetO::EGFP-hMeikin,RF,3,-,4229,6421,731,spanning_target_gene,FALSE,TRUE,5636,1554,TRUE,FALSE
174706,TetO::EGFP-C-Meikin,RF,3,-,242,1972,577,spanning_target_gene,FALSE,TRUE,5636,1554,TRUE,FALSE
174712,"3xEGFP-mMeikin(1-391, E156R, R159E) - hRad21(142-275) - mMeikin(387-434)",RF,3,-,61,2901,947,spanning_target_gene,FALSE,TRUE,-,3874,TRUE,FALSE
174737,pCLXSN(GFP)-myc-BioID-C,RF,3,-,3085,3843,253,spanning_target_gene,FALSE,FALSE,-,-,TRUE,FALSE
174707,TetO::EGFP-hMeikin(8A mut),RF,3,-,4229,6421,731,spanning_target_gene,FALSE,TRUE,5636,1554,TRUE,FALSE
174713,"3xEGFP-mMeikin(1-391) - hRad21(142-275, E169R, R172E) - mMeikin(387-434)",RF,1,-,61,2901,947,spanning_target_gene,FALSE,TRUE,-,3873,TRUE,FALSE
174710,"3xEGFP-mMeikin (E156R, R159E)",RF,1,-,61,2901,947,spanning_target_gene,FALSE,TRUE,-,3873,TRUE,FALSE
174738,pCLXSN(GFP)-myc-BioID-hp100,RF,3,-,6101,6859,253,spanning_target_gene,FALSE,FALSE,-,-,TRUE,FALSE
174734,pCLXSN(GFP)-hp100,RF,2,-,5169,5927,253,spanning_target_gene,FALSE,FALSE,-,-,TRUE,FALSE
175164,pLV CDHblast Rev-EGFP-V5,RF,1,-,2621,3448,276,spanning_target_gene,FALSE,FALSE,-,-,TRUE,FALSE
174736,pCLXSN(GFP)-mTRAF2,RF,1,-,35,793,253,spanning_target_gene,FALSE,FALSE,-,-,TRUE,FALSE
175439,pAAV-VTKS2-TVA-eGFP-N2cG,RF,3,+,2241,3683,481,spanning_target_gene,TRUE,TRUE,1600,714,TRUE,TRUE
174893,pAS_4xMmaPylT_EF1_mCherry_TAG_EGFP,CF+2,2,+,4001,4903,301,spanning_target_gene,TRUE,TRUE,776,1012,TRUE,TRUE
175440,pAAV-VTKS5-TVA-eGFP-N2cG,RF,3,+,5007,6467,487,spanning_target_gene,TRUE,TRUE,1656,769,TRUE,TRUE
175165,pLV CDHblast Rev(V16D)-EGFP-V5,RF,1,-,2621,3448,276,spanning_target_gene,FALSE,FALSE,-,-,TRUE,FALSE
175763,pHAGE-eGFP-OPTN S473A 513A,CF+2,2,+,2690,3607,306,spanning_target_gene,TRUE,TRUE,2055,2706,TRUE,TRUE
175763,pHAGE-eGFP-OPTN S473A 513A,RF,2,-,2613,3584,324,spanning_target_gene,FALSE,FALSE,-,-,TRUE,FALSE
175764,pHAGE-eGFP-OPTN S513A,CF+2,2,+,2690,3607,306,spanning_target_gene,TRUE,TRUE,2055,2706,TRUE,TRUE
175764,pHAGE-eGFP-OPTN S513A,RF,2,-,2613,3584,324,spanning_target_gene,FALSE,FALSE,-,-,TRUE,FALSE
175762,pHAGE-eGFP-OPTN D474N,CF+2,2,+,2690,3607,306,spanning_target_gene,TRUE,TRUE,2055,2706,TRUE,TRUE
175762,pHAGE-eGFP-OPTN D474N,RF,2,-,2613,3584,324,spanning_target_gene,FALSE,FALSE,-,-,TRUE,FALSE
175749,pHAGE-eGFP-NDP52,CF+2,2,+,2690,3652,321,spanning_target_gene,TRUE,TRUE,2055,2268,TRUE,TRUE
175750,pHAGE-eGFP-OPTN,RF,1,+,2374,3345,324,spanning_target_gene,FALSE,FALSE,-,-,TRUE,FALSE
175750,pHAGE-eGFP-OPTN,CF+2,3,-,2351,3268,306,spanning_target_gene,TRUE,TRUE,2055,2706,TRUE,TRUE
175767,pHAGE-eGFP-TAX1BP1 A114Q,RF,2,+,2897,3964,356,spanning_target_gene,FALSE,FALSE,-,-,TRUE,FALSE
175767,pHAGE-eGFP-TAX1BP1 A114Q,CF+2,2,-,2916,3887,324,spanning_target_gene,TRUE,TRUE,2055,3288,TRUE,TRUE
175769,pHAGE-eGFP-TAX1BP1 V192S,CF+2,2,+,464,1435,324,spanning_target_gene,TRUE,TRUE,2055,3288,TRUE,TRUE
175769,pHAGE-eGFP-TAX1BP1 V192S,RF,2,-,387,1454,356,spanning_target_gene,FALSE,FALSE,-,-,TRUE,FALSE
175766,pHAGE-eGFP-TAX1BP1,CF+2,2,+,464,1435,324,spanning_target_gene,TRUE,TRUE,2055,3288,TRUE,TRUE
175766,pHAGE-eGFP-TAX1BP1,RF,2,-,387,1454,356,spanning_target_gene,FALSE,FALSE,-,-,TRUE,FALSE
175768,pHAGE-eGFP-TAX1BP1 SKICH (1-140D),CF+2,3,-,2345,3268,308,spanning_target_gene,TRUE,TRUE,2055,2922,TRUE,TRUE
175765,pHAGE-eGFP-OPTN E50K,CF+2,2,+,2690,3607,306,spanning_target_gene,TRUE,TRUE,2055,2694,TRUE,TRUE
175765,pHAGE-eGFP-OPTN E50K,RF,2,-,2613,3584,324,spanning_target_gene,FALSE,FALSE,-,-,TRUE,FALSE
175770,pHAGE-eGFP-TAX1BP1 Q770A E774K,CF+2,2,+,464,1435,324,spanning_target_gene,TRUE,TRUE,2055,3477,TRUE,TRUE
175770,pHAGE-eGFP-TAX1BP1 Q770A E774K,RF,2,-,387,1454,356,spanning_target_gene,FALSE,FALSE,-,-,TRUE,FALSE
175771,pHAGE-eGFP-TAX1BP1 632-639D,CF+2,3,+,756,1727,324,spanning_target_gene,TRUE,TRUE,2055,3264,TRUE,TRUE
175771,pHAGE-eGFP-TAX1BP1 632-639D,RF,1,-,679,1746,356,spanning_target_gene,FALSE,FALSE,-,-,TRUE,FALSE
175773,pHAGE-eGFP-TAX1BP1 N637A,CF+2,2,+,719,1690,324,spanning_target_gene,TRUE,TRUE,2055,3288,TRUE,TRUE
175773,pHAGE-eGFP-TAX1BP1 N637A,RF,2,-,642,1709,356,spanning_target_gene,FALSE,FALSE,-,-,TRUE,FALSE
175772,pHAGE-eGFP-TAX1BP1 Y635A,CF+2,2,+,464,1435,324,spanning_target_gene,TRUE,TRUE,2055,3288,TRUE,TRUE
175772,pHAGE-eGFP-TAX1BP1 Y635A,RF,2,-,387,1454,356,spanning_target_gene,FALSE,FALSE,-,-,TRUE,FALSE
175774,pHAGE-eGFP-TAX1BP1 CC1D,CF+2,3,+,672,1643,324,spanning_target_gene,TRUE,TRUE,2055,2784,TRUE,TRUE
175774,pHAGE-eGFP-TAX1BP1 CC1D,RF,1,-,595,1662,356,spanning_target_gene,FALSE,FALSE,-,-,TRUE,FALSE
175775,pHAGE-eGFP-TAX1BP1 CC2D,CF+2,1,+,7195,8166,324,spanning_target_gene,TRUE,TRUE,2055,2919,TRUE,TRUE
175775,pHAGE-eGFP-TAX1BP1 CC2D,RF,3,-,7118,8185,356,spanning_target_gene,FALSE,FALSE,-,-,TRUE,FALSE
175776,pHAGE-eGFP-TAX1BP1 CC3D,RF,1,+,2506,3573,356,spanning_target_gene,FALSE,FALSE,-,-,TRUE,FALSE
175776,pHAGE-eGFP-TAX1BP1 CC3D,CF+2,3,-,2525,3496,324,spanning_target_gene,TRUE,TRUE,2055,3090,TRUE,TRUE
175778,pAC150-RFP-EGFP-LGALS3,RF,2,+,1436,2911,492,spanning_target_gene,FALSE,FALSE,-,-,TRUE,FALSE
17578,GFP-NPM WT,RF,1,+,2023,2859,279,spanning_target_gene,FALSE,FALSE,-,-,TRUE,FALSE
175783,pET29b-eGFP-dspB(E184Q)-6xHis,RF,1,-,4343,5821,493,spanning_target_gene,FALSE,FALSE,-,-,TRUE,FALSE
176065,pLV-Hygro-EF1A-FHA-Linker-eGFP,CF+2,2,+,3230,4036,269,spanning_target_gene,TRUE,TRUE,92,2274,TRUE,TRUE
176206,CAG.3xHalo-GFP-SPC25,RF,1,-,492,4052,1187,spanning_target_gene,FALSE,FALSE,-,-,TRUE,FALSE
176205,CAG.CenpB(FL)-GFP-Halo,RF,1,-,4821,6131,437,spanning_target_gene,FALSE,FALSE,-,-,TRUE,FALSE
176853,PZac2.1 hSyn1-eGFP-SAPAP3,RF,3,-,1107,1952,282,spanning_target_gene,FALSE,TRUE,-,3960,TRUE,FALSE
176526,pLV-Hygro-EF1A-LivePARBackbone,CF+2,3,+,3174,3929,252,spanning_target_gene,TRUE,TRUE,36,2275,TRUE,TRUE
176859,PZac2.1 gfaABC1D-eGFP-SAPAP3,RF,1,-,1387,2232,282,spanning_target_gene,FALSE,TRUE,-,4240,TRUE,FALSE
177136,pGEX4T3-GST-EGFP,CF+2,1,+,862,1722,287,spanning_target_gene,FALSE,FALSE,-,-,TRUE,FALSE
177136,pGEX4T3-GST-EGFP,RF,1,-,788,1771,328,spanning_target_gene,FALSE,FALSE,-,-,TRUE,FALSE
177901,pET28a(cd96),RF,3,+,6003,7064,354,spanning_target_gene,FALSE,FALSE,-,-,TRUE,FALSE
178429,AAV-DIO-TC66T-2A-EGFP-2A-oG,RF,1,+,2152,3561,470,spanning_target_gene,TRUE,TRUE,1600,714,TRUE,TRUE
17843,pEGFP-C3-hYAP1,RF,2,-,3164,4423,420,spanning_target_gene,FALSE,FALSE,-,-,TRUE,FALSE
178712,pAAV-VTKS4-GFP,CF+2,1,-,1728,2480,251,spanning_target_gene,FALSE,FALSE,-,-,TRUE,FALSE
178713,pAAV-VTKS5-GFP,CF+2,1,-,829,1581,251,spanning_target_gene,FALSE,FALSE,-,-,TRUE,FALSE
178580,AAV-hGFAP-GFP,CF+2,2,+,638,1588,317,spanning_target_gene,FALSE,TRUE,-,618,TRUE,FALSE
178711,pAAV-VTKD6-GFP,CF+2,3,-,1239,1991,251,spanning_target_gene,FALSE,FALSE,-,-,TRUE,FALSE
178710,pAAV-VTKD5-GFP,CF+2,1,-,4262,5014,251,spanning_target_gene,FALSE,FALSE,-,-,TRUE,FALSE
178709,pAAV-VTKD4-GFP,CF+2,3,-,2147,2899,251,spanning_target_gene,FALSE,FALSE,-,-,TRUE,FALSE
178850,pPBpuro-EGFP-eDHFR(69K6),CF+2,2,+,197,1195,333,spanning_target_gene,FALSE,TRUE,-,1765,TRUE,FALSE
178714,pAAV-VTKS6-GFP,CF+2,1,-,820,1572,251,spanning_target_gene,FALSE,FALSE,-,-,TRUE,FALSE
178963,pSYC-201,CF+2,2,+,9704,10447,248,spanning_target_gene,FALSE,TRUE,-,105,TRUE,FALSE
179203,pAd5-B1-deltaE1-GFP,RF,3,-,5532,744,291,spanning_target_gene,FALSE,FALSE,-,-,TRUE,FALSE
179235,p23-puro-EGFP-FBL,RF,3,-,3349,4452,368,spanning_target_gene,FALSE,FALSE,-,-,TRUE,FALSE
178860,pCAGGS-EGFP-SOS1,CF+2,3,+,945,1970,342,spanning_target_gene,FALSE,TRUE,-,4350,TRUE,FALSE
178964,pSYC-204,CF+2,1,+,9703,10446,248,spanning_target_gene,FALSE,TRUE,-,105,TRUE,FALSE
179100,pHAGE N' EGFP NAP1 FL IRES Blast,CF+2,2,+,2780,3688,303,spanning_target_gene,TRUE,TRUE,2055,2160,TRUE,TRUE
179100,pHAGE N' EGFP NAP1 FL IRES Blast,RF,2,-,2703,3719,339,spanning_target_gene,FALSE,FALSE,-,-,TRUE,FALSE
180250,pBa.Lamp1-GFP,RF,1,-,2357,3322,322,spanning_target_gene,FALSE,FALSE,-,-,TRUE,FALSE
180474,"pQFDBD-2x AD*-VP16*-EcR, α-cry:EGFP",RF,3,-,4525,5322,266,spanning_target_gene,FALSE,FALSE,-,-,TRUE,FALSE
181736,Phage-PGK-GFP-T(WT),RF,1,-,2624,3985,454,spanning_target_gene,FALSE,FALSE,-,-,TRUE,FALSE
179143,pADV-Sec61b-TurboID,RF,1,+,37159,37938,260,spanning_target_gene,FALSE,FALSE,-,-,TRUE,FALSE
180475,"pubb-QFDBD-2x AD*-VP16*-EcR, α-cry:EGFP",RF,3,-,8011,8808,266,spanning_target_gene,FALSE,FALSE,-,-,TRUE,FALSE
179837,AAVS1-PuroR Xlone eGFP,RF,3,-,3572,4426,285,spanning_target_gene,FALSE,TRUE,8958,1403,TRUE,FALSE
180473,"pQFDBD-2x AD*-VP16*, α-cry:EGFP",RF,2,-,3519,4316,266,spanning_target_gene,FALSE,FALSE,-,-,TRUE,FALSE
180142,pCS2 LRP6-APEX2-Ires-eGFP-PAC,RF,3,-,234,1859,542,spanning_target_gene,FALSE,TRUE,-,10240,TRUE,FALSE
180631,pEGFP/golgin-160/3DE,RF,3,+,5496,6551,352,spanning_target_gene,FALSE,FALSE,-,-,TRUE,FALSE
180630,pEGFP/golgin-160,RF,1,-,602,1657,352,spanning_target_gene,FALSE,FALSE,-,-,TRUE,FALSE
181979,pRRL.PPT.SFFV.HA.RUNX1A.IRES.eGFP,RF,3,-,3710,4627,306,spanning_target_gene,FALSE,FALSE,-,-,TRUE,FALSE
181976,pLeGO.sgGata1.4.RUNX1A.iG2,RF,3,-,4963,5844,294,spanning_target_gene,FALSE,FALSE,-,-,TRUE,FALSE
182202,AAV-H2GH,RF,2,-,1166,2944,593,spanning_target_gene,FALSE,FALSE,-,-,TRUE,FALSE
181980,pRRL.PPT.SFFV.HA.RUNX1C.IRES.eGFP,RF,3,-,4415,5332,306,spanning_target_gene,FALSE,FALSE,-,-,TRUE,FALSE
182230,pLeAPS-GFP-blast,RF,3,-,6336,7709,458,spanning_target_gene,FALSE,FALSE,-,-,TRUE,FALSE
182967,pB-TREtight-EGFP,CF+2,3,+,1452,3131,560,spanning_target_gene,FALSE,TRUE,6066,6223,TRUE,FALSE
183352,pAAV-syn-F14F15S-splitTVA-EGFP-tTAv2,RF,1,+,1450,2976,509,spanning_target_gene,TRUE,TRUE,773,648,TRUE,TRUE
183055,pGL3 RARE-d2EGFP,RF,3,-,187,1026,280,spanning_target_gene,FALSE,FALSE,-,-,TRUE,FALSE
183458,pFUGW-shRIIα-RIIαS97E-IRES-EGFP,CF+2,3,+,9333,11273,647,spanning_target_gene,TRUE,TRUE,2664,176,TRUE,TRUE
183663,EGFP-SopB(68-554),RF,1,-,610,1425,272,spanning_target_gene,FALSE,FALSE,-,-,TRUE,FALSE
183665,EGFP-SopB(211-554),RF,3,-,587,1516,310,spanning_target_gene,FALSE,FALSE,-,-,TRUE,FALSE
183666,EGFP-IpgD,RF,1,-,607,1428,274,spanning_target_gene,FALSE,FALSE,-,-,TRUE,FALSE
183664,EGFP-SopB(172-554),RF,1,-,598,1644,349,spanning_target_gene,FALSE,FALSE,-,-,TRUE,FALSE
183667,EGFP-IpgD(C439S),RF,1,-,613,1434,274,spanning_target_gene,FALSE,FALSE,-,-,TRUE,FALSE
183701,AbVec_IGHC,CF+2,3,+,1155,2225,357,spanning_target_gene,TRUE,TRUE,336,769,TRUE,TRUE
183702,AbVec_IGKC,CF+2,3,+,1155,1973,273,spanning_target_gene,TRUE,TRUE,336,300,TRUE,TRUE
183702,AbVec_IGKC,RF,3,-,1177,2268,364,spanning_target_gene,FALSE,FALSE,-,-,TRUE,FALSE
183703,AbVec_IGLC,CF+2,3,+,1155,2018,288,spanning_target_gene,TRUE,TRUE,336,250,TRUE,TRUE
183790,Lenti-TargetBC-5xTAPE-1-pegRNA-InsertBC,RF,3,-,4505,6142,546,spanning_target_gene,FALSE,FALSE,-,-,TRUE,FALSE
183916,rTetR-GFP,CF+2,1,-,5196,556,272,spanning_target_gene,TRUE,TRUE,637,221,TRUE,TRUE
183917,rTetR-GFP-VP16,CF+2,1,+,1291,2106,272,spanning_target_gene,TRUE,TRUE,637,398,TRUE,TRUE
183930,PHR-GFP-Rta,RF,2,-,2080,3147,356,spanning_target_gene,FALSE,FALSE,-,-,TRUE,FALSE
183918,rTetR-GFP-VPR,CF+2,1,+,1291,2106,272,spanning_target_gene,TRUE,TRUE,637,1668,TRUE,TRUE
183906,LV-hGFAP-GFP,CF+2,1,+,1051,3156,702,spanning_target_gene,TRUE,TRUE,2047,185,TRUE,TRUE
184041,pEGFP-H2B-MCS,RF,3,-,447,1808,454,spanning_target_gene,FALSE,FALSE,-,-,TRUE,FALSE
184334,pDisplay-EGFP-2A-HA-Nrxn3-alpha- 2(-)/3(+)/4(+)/6(+),CF+2,3,+,549,1460,304,spanning_target_gene,FALSE,TRUE,10184,4525,TRUE,FALSE
184332,Nrxn3α-AS4-,CF+2,3,+,549,1460,304,spanning_target_gene,FALSE,TRUE,10109,4450,TRUE,FALSE
184335,pDisplay-EGFP-2A-HA-Nrxn3-alpha- 2(-)/3(+)/4(+)/6(-)-GPI,CF+2,3,+,549,1460,304,spanning_target_gene,FALSE,TRUE,9950,4291,TRUE,FALSE
184333,Nrxn3α-AS4+,CF+2,3,+,549,1460,304,spanning_target_gene,FALSE,TRUE,10208,4549,TRUE,FALSE
184715,pPBbsr2-OptoSTIM1(CRY2clust),RF,3,-,2674,3669,332,spanning_target_gene,FALSE,FALSE,-,-,TRUE,FALSE
184816,pDestTol2-QUAS:GFP-CAAX-he1.1:YFP,CF+2,3,+,1239,2066,276,spanning_target_gene,FALSE,TRUE,-,1766,TRUE,FALSE
184816,pDestTol2-QUAS:GFP-CAAX-he1.1:YFP,RF,2,-,2621,3706,362,spanning_target_gene,FALSE,TRUE,-,321,TRUE,FALSE
184815,pDestTol2-QUAS:NLS-GFP-he1.1:CFP,RF,3,-,1395,2306,304,spanning_target_gene,FALSE,TRUE,-,4303,TRUE,FALSE
185345,pEGFP-C1-G2BRSCR,RF,1,-,598,1527,310,spanning_target_gene,FALSE,FALSE,-,-,TRUE,FALSE
185344,pEGFP-C1-G2BRgp78,RF,1,-,598,1527,310,spanning_target_gene,FALSE,FALSE,-,-,TRUE,FALSE
185484,pCMV-T7-NLS(SV40)-anCas(SCA)-BPNLS(SV40)-P2A-EGFP (LTH1378),RF,1,-,5095,5952,286,spanning_target_gene,FALSE,FALSE,-,-,TRUE,FALSE
185485,pCMV-T7-NLS(SV40)-anCas(PDCA)-BPNLS(SV40)-P2A-EGFP (LTH1430),RF,3,-,5180,6037,286,spanning_target_gene,FALSE,FALSE,-,-,TRUE,FALSE
185486,pCMV-T7-NLS(SV40)-anCas(PCA)-BPNLS(SV40)-P2A-EGFP (LTH1441),RF,1,-,5188,6045,286,spanning_target_gene,FALSE,FALSE,-,-,TRUE,FALSE
185487,pCMV-T7-NLS(SV40)-anCas(FCA)-BPNLS(SV40)-P2A-EGFP (LTH1380),RF,2,-,5094,5951,286,spanning_target_gene,FALSE,FALSE,-,-,TRUE,FALSE
185488,pCMV-T7-NLS(SV40)-anCas(BCA)-BPNLS(SV40)-P2A-EGFP (LTH1384),RF,2,-,8433,9290,286,spanning_target_gene,FALSE,FALSE,-,-,TRUE,FALSE
185714,pAAV-hSyn-GFP-IRES-mSNCA,CF+2,3,+,633,1427,265,spanning_target_gene,TRUE,TRUE,19,1663,TRUE,TRUE
185717,pAAV-hSyn-GFP-IRES-hSNCA (A11P/V70P),CF+2,3,+,714,1508,265,spanning_target_gene,TRUE,TRUE,19,1663,TRUE,TRUE
185715,pAAV-hSyn-GFP-IRES-hSNCA,CF+2,1,+,3529,4323,265,spanning_target_gene,TRUE,TRUE,19,1663,TRUE,TRUE
185716,pAAV-hSyn-GFP-IRES-mSNCA(1-95),CF+2,1,+,631,1425,265,spanning_target_gene,TRUE,TRUE,19,1528,TRUE,TRUE
185699,p223-RV-dlx-dio-Tdtomato-T2A-SYPEGFP,CF+2,2,-,2913,4025,371,spanning_target_gene,FALSE,FALSE,-,-,TRUE,FALSE
185719,pAAV-hSyn-GFP-IRES-hSNCA (S129D),CF+2,1,+,565,1359,265,spanning_target_gene,TRUE,TRUE,19,1663,TRUE,TRUE
185718,pAAV-hSyn-GFP-IRES-hSNCA (S129A),CF+2,2,+,638,1432,265,spanning_target_gene,TRUE,TRUE,19,1663,TRUE,TRUE
185720,pAAV-hSyn-GFP-IRES-hSNCA (A30P),CF+2,1,+,634,1428,265,spanning_target_gene,TRUE,TRUE,19,1663,TRUE,TRUE
186281,pEGFP.N3-SLC35A1-GFP,CF+2,3,+,1554,2399,282,spanning_target_gene,TRUE,TRUE,976,105,TRUE,TRUE
186552,Pet15b-Endosomal Escape Control,CF+2,3,+,2742,3590,283,spanning_target_gene,FALSE,FALSE,-,-,TRUE,FALSE
185963,pB6-Rosa26-cre_dre_reporter_1_1,RF,1,+,12832,13725,298,spanning_target_gene,FALSE,TRUE,-,629,TRUE,FALSE
187113,pGEX-6P-1-hs-ALPS 1-ALPS2-EGFP,CF+2,2,+,1247,2056,270,spanning_target_gene,FALSE,FALSE,-,-,TRUE,FALSE
187113,pGEX-6P-1-hs-ALPS 1-ALPS2-EGFP,RF,3,-,783,2105,441,spanning_target_gene,FALSE,FALSE,-,-,TRUE,FALSE
186551,Pet15b-Internalization and Endosomal Escape,CF+2,1,+,2179,3027,283,spanning_target_gene,FALSE,FALSE,-,-,TRUE,FALSE
187001,Phat2-dr-cPla2-C2-EGFP-6H,RF,2,-,2160,2996,279,spanning_target_gene,FALSE,FALSE,-,-,TRUE,FALSE
186627,pMR506-EF1a-H2B-EGFP,RF,1,-,3665,5005,447,spanning_target_gene,FALSE,FALSE,-,-,TRUE,FALSE
187115,Phat2-hs-PKCgamma-C2-EGFP-6H,RF,1,-,2338,3129,264,spanning_target_gene,FALSE,FALSE,-,-,TRUE,FALSE
187187,Phat2-dr-cPla2-C2-D34K-D87K-EGFP-6H,RF,1,-,2160,2996,279,spanning_target_gene,FALSE,FALSE,-,-,TRUE,FALSE
187183,Phat2-dr-cPla2-C2-L32A-L33A-EGFP-6H,RF,2,-,2160,2996,279,spanning_target_gene,FALSE,FALSE,-,-,TRUE,FALSE
186475,pQCXIP EGFP-ER [TM(SAC1)],CF+2,1,+,1072,2097,342,spanning_target_gene,TRUE,TRUE,1378,1572,TRUE,TRUE
187186,Phat2-dr-cPla2-C2-Y90F-V91F-EGFP-6H,RF,3,-,2321,3157,279,spanning_target_gene,FALSE,FALSE,-,-,TRUE,FALSE
186979,MSCV-TIMP1,RF,3,-,4757,5563,269,spanning_target_gene,FALSE,FALSE,-,-,TRUE,FALSE
187088,Phat2-hs-cPla2-C2-EGFP-GH,RF,3,-,1388,2158,257,spanning_target_gene,FALSE,FALSE,-,-,TRUE,FALSE
187157,Phat2-hs-AKT1-PH-EGFP-6H,RF,1,-,2362,3174,271,spanning_target_gene,FALSE,FALSE,-,-,TRUE,FALSE
187185,Phat2-dr-cPla2-C2-Y90A-V91A-EGFP-6H,RF,3,-,2321,3157,279,spanning_target_gene,FALSE,FALSE,-,-,TRUE,FALSE
187184,Phat2-dr-cPla2-C2-L32F-L33F-EGFP-6H,RF,2,-,2160,2996,279,spanning_target_gene,FALSE,FALSE,-,-,TRUE,FALSE
187188,Phat2-dr-cPla2-C2-D34R-D87R-EGFP-6H,RF,1,-,2160,2996,279,spanning_target_gene,FALSE,FALSE,-,-,TRUE,FALSE
187189,Phat2-dr-Alox5-PLAT-EGFP-6H,RF,2,-,2007,2957,317,spanning_target_gene,FALSE,FALSE,-,-,TRUE,FALSE
187190,Phat2-dr-Alox12-PLAT-EGFP-6H,CF+2,2,+,2126,3076,317,spanning_target_gene,FALSE,FALSE,-,-,TRUE,FALSE
187190,Phat2-dr-Alox12-PLAT-EGFP-6H,RF,2,-,1893,2954,354,spanning_target_gene,FALSE,FALSE,-,-,TRUE,FALSE
187252,pLL5.0-EGFP-HRasC20,RF,1,-,3647,4549,301,spanning_target_gene,FALSE,FALSE,-,-,TRUE,FALSE
187269,pEGFP-SRGAP1,CF+2,3,+,3879,4646,256,spanning_target_gene,TRUE,TRUE,3301,105,TRUE,TRUE
187254,pLL5.0 shCavin1KDR-EGFP,RF,2,-,3459,4436,326,spanning_target_gene,FALSE,FALSE,-,-,TRUE,FALSE
187274,"PLL5.0-Anillin ShRNA-GFP-AnillinA740D, E758K",RF,2,+,7751,518,282,spanning_target_gene,FALSE,FALSE,-,-,TRUE,FALSE
187371,EGFP-Plekhh1-FERM,RF,1,-,598,1953,452,spanning_target_gene,FALSE,FALSE,-,-,TRUE,FALSE
187280,GFP-mDia1-GBD (1-305 aa) in pEGFPN1,RF,3,-,609,1535,309,spanning_target_gene,FALSE,FALSE,-,-,TRUE,FALSE
187272,PLL5.0-Anillin ShRNA-GFP-AnillinFL,RF,2,-,3699,4544,282,spanning_target_gene,FALSE,FALSE,-,-,TRUE,FALSE
187682,pCMV-SUN1 GFP,RF,3,-,3147,4169,341,spanning_target_gene,FALSE,FALSE,-,-,TRUE,FALSE
187680,pCMV-Pom121 GFP,RF,1,-,4072,5037,322,spanning_target_gene,FALSE,FALSE,-,-,TRUE,FALSE
187684,pCMV-SUN2 GFP,RF,1,-,2506,3630,375,spanning_target_gene,FALSE,FALSE,-,-,TRUE,FALSE
187688,pLenti-Paxillin EGFP,CF+2,1,+,9142,10221,360,spanning_target_gene,TRUE,TRUE,1561,1856,TRUE,TRUE
187695,pLenti-Zyxin-C (aa139-371)-EGFP,CF+2,1,+,2659,4116,486,spanning_target_gene,TRUE,TRUE,207,1856,TRUE,TRUE
187696,pLenti-Zyxin-D (aa160-340)-EGFP,CF+2,2,+,2981,3961,327,spanning_target_gene,TRUE,TRUE,529,1856,TRUE,TRUE
187834,pAAV-hSyn-eGFP-P2A-LgBiT-NLS,CF+2,1,+,205,1386,394,spanning_target_gene,FALSE,TRUE,5427,1215,TRUE,FALSE
187834,pAAV-hSyn-eGFP-P2A-LgBiT-NLS,RF,3,-,404,1702,433,spanning_target_gene,FALSE,FALSE,-,-,TRUE,FALSE
187860,pAAV.CMV.PI-si-VAMP3,CF+2,1,+,1231,2229,333,spanning_target_gene,FALSE,TRUE,5451,518,TRUE,FALSE
187857,pAAV.CMV.PI-si-CS,CF+2,3,+,1029,1874,282,spanning_target_gene,TRUE,TRUE,116,518,TRUE,TRUE
187910,EGFP-Ubiquitin,RF,1,-,598,1650,351,spanning_target_gene,FALSE,FALSE,-,-,TRUE,FALSE
187998,GBH-R-gcryGFP.1,RF,3,-,3465,4442,326,spanning_target_gene,FALSE,TRUE,-,5930,TRUE,FALSE
187999,GBH-R-gcryGFP.2,RF,2,-,3464,4441,326,spanning_target_gene,FALSE,TRUE,-,5929,TRUE,FALSE
188000,GBH-R-gcryGFP.3,RF,1,-,3463,4440,326,spanning_target_gene,FALSE,TRUE,-,5928,TRUE,FALSE
188016,GBH-2aG4-gcryGFP.1,RF,1,-,3502,4479,326,spanning_target_gene,FALSE,TRUE,-,5967,TRUE,FALSE
188017,GBH-2aG4-gcryGFP.2,RF,3,-,3501,4478,326,spanning_target_gene,FALSE,TRUE,-,5966,TRUE,FALSE
188018,GBH-2aG4-gcryGFP.3,RF,2,-,3500,4477,326,spanning_target_gene,FALSE,TRUE,-,5965,TRUE,FALSE
188520,EFS eGFP hPGK BSD,RF,2,-,7504,9075,524,spanning_target_gene,FALSE,FALSE,-,-,TRUE,FALSE
188519,miniCMV eGFP hPGK BSD,RF,3,+,2277,3560,428,spanning_target_gene,FALSE,FALSE,-,-,TRUE,FALSE
190093,pEGFP-TDP-43,RF,2,-,598,1410,271,spanning_target_gene,FALSE,FALSE,-,-,TRUE,FALSE
190155,AAV_pMBP-EGFP-caax,CF+2,2,+,1682,2893,404,spanning_target_gene,FALSE,TRUE,-,72,TRUE,FALSE
190230,pENTR1A-SynTetOff-GFP,CF+2,2,+,2048,3151,368,spanning_target_gene,FALSE,TRUE,4816,2483,TRUE,FALSE
190133,CMV:eGFP-p2A-HA-GPR151,CF+2,3,+,6717,7520,268,spanning_target_gene,TRUE,TRUE,2131,2006,TRUE,TRUE
190134,CMV:eGFP-p2A-HA-GPR151(p.Arg95Ter),CF+2,2,+,6710,7513,268,spanning_target_gene,TRUE,TRUE,2131,2006,TRUE,TRUE
190239,pAAV2-CMV-GFP-BGHpA,CF+2,2,+,716,1633,306,spanning_target_gene,FALSE,TRUE,4529,4482,TRUE,FALSE
190864,pAAV-CAG-EGFP barcode-0-SV40 polyA,CF+2,2,+,1040,1975,312,spanning_target_gene,FALSE,TRUE,-,4743,TRUE,FALSE
190824,"pEGFP-β-catenin_S23A,T40A,T41A,T112A",RF,2,-,609,1421,271,spanning_target_gene,FALSE,FALSE,-,-,TRUE,FALSE
190866,pAAV-CAG-EGFP barcode-2-SV40 polyA,CF+2,2,+,1043,1978,312,spanning_target_gene,TRUE,TRUE,326,4873,TRUE,TRUE
190867,pAAV-CAG-EGFP barcode-3-SV40 polyA,CF+2,1,+,1039,1974,312,spanning_target_gene,FALSE,TRUE,-,4742,TRUE,FALSE
190231,pAAV2-SynTetOff-GFP,CF+2,3,+,1755,2858,368,spanning_target_gene,FALSE,TRUE,5541,3208,TRUE,FALSE
190870,pAAV-CAG-EGFP barcode-6-SV40 polyA,CF+2,1,+,1039,1974,312,spanning_target_gene,FALSE,TRUE,-,4742,TRUE,FALSE
190872,pAAV-CAG-EGFP barcode-8-SV40 polyA,CF+2,2,+,1043,1978,312,spanning_target_gene,TRUE,TRUE,326,4746,TRUE,TRUE
190868,pAAV-CAG-EGFP barcode-4-SV40 polyA,CF+2,1,+,1153,2088,312,spanning_target_gene,FALSE,TRUE,-,4856,TRUE,FALSE
190869,pAAV-CAG-EGFP barcode-5-SV40 polyA,CF+2,2,+,1043,1978,312,spanning_target_gene,TRUE,TRUE,326,4746,TRUE,TRUE
190865,pAAV-CAG-EGFP barcode-1-SV40 polyA,CF+2,2,+,1046,1981,312,spanning_target_gene,TRUE,TRUE,326,4950,TRUE,TRUE
190874,pAAV-CAG-EGFP barcode-10-SV40 polyA,CF+2,2,+,1040,1975,312,spanning_target_gene,FALSE,TRUE,-,4743,TRUE,FALSE
190876,pAAV-CAG-EGFPnls barcode-210-SV40 polyA,CF+2,2,+,1049,1906,286,spanning_target_gene,TRUE,TRUE,326,75,TRUE,TRUE
190875,pAAV-CAG-EGFPnls barcode-206-SV40 polyA,CF+2,1,+,1087,1944,286,spanning_target_gene,FALSE,TRUE,-,75,TRUE,FALSE
191012,pcDNA-EGFP MASTL G44S (siRNA resistant),RF,3,-,611,1600,330,spanning_target_gene,FALSE,FALSE,-,-,TRUE,FALSE
191365,pHAGE-IRES-puro-NLS-dPbaCas13b-EGFP-NLS,RF,1,-,6749,7504,252,spanning_target_gene,FALSE,FALSE,-,-,TRUE,FALSE
191361,pHAGE-IRES-puro-NLS-dPba3Cas13b-EGFP-NLS,RF,2,-,7281,8036,252,spanning_target_gene,FALSE,FALSE,-,-,TRUE,FALSE
191204,pAAV-CAG-FRT-Rev-3xGFP,RF,2,-,6555,719,488,spanning_target_gene,FALSE,FALSE,-,-,TRUE,FALSE
191013,pcDNA-EGFP MASTL E167D (siRNA resistant),RF,2,-,606,1595,330,spanning_target_gene,FALSE,FALSE,-,-,TRUE,FALSE
191011,pcDNA-EGFP MASTL WT (siRNA resistant),RF,3,-,617,1606,330,spanning_target_gene,FALSE,FALSE,-,-,TRUE,FALSE
191362,pHAGE-IRES-puro-NLS-dBba2Cas13b-EGFP-NLS,RF,2,-,7392,8147,252,spanning_target_gene,FALSE,FALSE,-,-,TRUE,FALSE
191366,pHAGE-IRES-puro-NLS-dHgm6Cas13b-EGFP-NLS,RF,2,-,6855,7610,252,spanning_target_gene,FALSE,FALSE,-,-,TRUE,FALSE
191363,pHAGE-IRES-puro-NLS-dPba4Cas13b-EGFP-NLS,RF,2,-,7536,8291,252,spanning_target_gene,FALSE,FALSE,-,-,TRUE,FALSE
191360,pHAGE-IRES-puro-NLS-dHgm4Cas13b-EGFP-NLS,RF,2,-,6852,7607,252,spanning_target_gene,FALSE,FALSE,-,-,TRUE,FALSE
191108,pAAV-CAG-EGFP-P2A-FusionRed,CF+2,3,+,876,1784,303,spanning_target_gene,FALSE,FALSE,-,-,TRUE,FALSE
191560,plvx-tetO-GFP,CF+2,3,+,2271,3299,343,spanning_target_gene,TRUE,TRUE,1637,2749,TRUE,TRUE
191560,plvx-tetO-GFP,RF,3,-,2362,3390,343,spanning_target_gene,FALSE,FALSE,-,-,TRUE,FALSE
191206,pAAV-7xTRE-3xeGFP,RF,1,-,2039,3418,460,spanning_target_gene,FALSE,FALSE,-,-,TRUE,FALSE
191213,pCALNL-tdTomato-2A-mSyp::EGFP,CF+2,3,+,5115,6218,368,spanning_target_gene,FALSE,TRUE,-,164,TRUE,FALSE
191213,pCALNL-tdTomato-2A-mSyp::EGFP,RF,1,-,5203,6369,389,spanning_target_gene,FALSE,FALSE,-,-,TRUE,FALSE
191364,pHAGE-IRES-puro-NLS-dPba5Cas13b-EGFP-NLS,RF,2,-,7050,7805,252,spanning_target_gene,FALSE,FALSE,-,-,TRUE,FALSE
192204,pXD024 - pLKO-EF1a-GFP-P2A-FLuc-WPRE,RF,1,-,2987,4108,374,spanning_target_gene,FALSE,FALSE,-,-,TRUE,FALSE
192365,Gly-tRNA-gRNA scaffold for library 2,CF+2,3,+,786,1637,284,spanning_target_gene,TRUE,TRUE,219,105,TRUE,TRUE
192368,Gly-tRNA-gRNA scaffold for library 1,CF+2,2,+,770,1621,284,spanning_target_gene,TRUE,TRUE,157,105,TRUE,TRUE
192610,pHR-PGK-eGFP-P2A-CRY2-VPR,RF,3,-,8235,9455,407,spanning_target_gene,FALSE,FALSE,-,-,TRUE,FALSE
192367,Gln-tRNA-gRNA scaffold for library 1&2,CF+2,1,+,787,1623,279,spanning_target_gene,TRUE,TRUE,175,105,TRUE,TRUE
192696,pKG422 pBABE GFP-SPC24,RF,1,-,1384,2913,510,spanning_target_gene,FALSE,FALSE,-,-,TRUE,FALSE
192939,pNW538_pAAVS1-pAP1(2)-FlpO-ABI-P2A-PYL-FlpO-CAG-U1-frt-STOP-frt-U2-GFP-P2A-luc2-ZeoR,RF,3,-,7324,8319,332,spanning_target_gene,FALSE,FALSE,-,-,TRUE,FALSE
193022,AAV-CMV-eGFP,CF+2,3,+,849,1751,301,spanning_target_gene,FALSE,TRUE,6296,125,TRUE,FALSE
193023,AAV-PGK-eGFP,RF,3,-,633,1634,334,spanning_target_gene,FALSE,FALSE,-,-,TRUE,FALSE
193404,pNC-Cam1304-SubN,RF,1,-,509,1297,263,spanning_target_gene,FALSE,FALSE,-,-,TRUE,FALSE
193407,pNC-Green-SubC,RF,2,-,1167,2033,289,spanning_target_gene,FALSE,FALSE,-,-,TRUE,FALSE
193406,pNC-Green-SubN,RF,2,-,509,1297,263,spanning_target_gene,FALSE,FALSE,-,-,TRUE,FALSE
193405,pNC-Cam1304-SubC,RF,1,-,1167,2033,289,spanning_target_gene,FALSE,FALSE,-,-,TRUE,FALSE
193416,pNC-Amp-GFP-N,RF,1,-,3976,4752,259,spanning_target_gene,FALSE,FALSE,-,-,TRUE,FALSE
193409,pNC-121-SubC,RF,2,-,6444,7304,287,spanning_target_gene,FALSE,FALSE,-,-,TRUE,FALSE
193408,pNC-121-SubN,RF,3,-,5816,6574,253,spanning_target_gene,FALSE,FALSE,-,-,TRUE,FALSE
193806,pCDNA5/FRT-ChemoG1,RF,2,-,896,2188,431,spanning_target_gene,FALSE,FALSE,-,-,TRUE,FALSE
193799,pET-51b(+) ChemoG1,RF,3,-,4936,6288,451,spanning_target_gene,FALSE,FALSE,-,-,TRUE,FALSE
194119,pEGFPC1 FRB,RF,1,-,598,1392,265,spanning_target_gene,FALSE,FALSE,-,-,TRUE,FALSE
194453,pMET7-EGFP-FKBP12,CF+2,1,+,739,1629,297,spanning_target_gene,TRUE,TRUE,107,300,TRUE,TRUE
194120,pEGFPN3 FRB,CF+2,3,+,834,1679,282,spanning_target_gene,TRUE,TRUE,265,105,TRUE,TRUE
194249,pAM/CBA-eGFP-miRNegativex3-WPRE-bGHpA,CF+2,3,+,1035,1853,273,spanning_target_gene,FALSE,TRUE,-,1123,TRUE,FALSE
194249,pAM/CBA-eGFP-miRNegativex3-WPRE-bGHpA,RF,2,-,1099,1995,299,spanning_target_gene,FALSE,FALSE,-,-,TRUE,FALSE
194204,pCALNL-Rheb(S16H),CF+2,3,+,3561,4490,310,spanning_target_gene,FALSE,TRUE,-,17,TRUE,FALSE
194204,pCALNL-Rheb(S16H),RF,1,-,3559,4494,312,spanning_target_gene,FALSE,FALSE,-,-,TRUE,FALSE
194248,pAM/CBA-eGFP-miRaSyn(mouse)x3-WPRE-bGHpA,CF+2,1,+,1036,1854,273,spanning_target_gene,FALSE,TRUE,-,1075,TRUE,FALSE
194248,pAM/CBA-eGFP-miRaSyn(mouse)x3-WPRE-bGHpA,RF,3,-,1100,2185,362,spanning_target_gene,FALSE,FALSE,-,-,TRUE,FALSE
194247,pAM/CBA-eGFP-miRaSyn(human)x3-WPRE-bGHpA,CF+2,1,+,1036,1854,273,spanning_target_gene,FALSE,TRUE,-,1075,TRUE,FALSE
194879,pAAV-GfaABC1D-eGFP-2A-mCherry_YDA,CF+2,2,+,566,1468,301,spanning_target_gene,FALSE,TRUE,-,1773,TRUE,FALSE
194878,pAAV-GfaABC1D-eGFP-2A-mCherry_D4H,CF+2,2,+,566,1468,301,spanning_target_gene,FALSE,TRUE,-,1773,TRUE,FALSE
194518,Tol2-ISceI-ZSP:EGFP;cryaa:mCherry-ISceI-Tol2,CF+2,1,+,1474,2370,299,spanning_target_gene,FALSE,FALSE,-,-,TRUE,FALSE
19487,pcDNA5/FRT/TO GFP HSPA8,RF,1,-,802,1821,340,spanning_target_gene,FALSE,FALSE,-,-,TRUE,FALSE
194857,EGFP-MYO10ΔF3,RF,1,-,598,1674,359,spanning_target_gene,FALSE,FALSE,-,-,TRUE,FALSE
194855,EGFP-MYO10-FERM-ITGBD,RF,1,-,598,1674,359,spanning_target_gene,FALSE,FALSE,-,-,TRUE,FALSE
194985,pCAG-GFP-Rab27a,CF+2,1,+,2476,3519,348,spanning_target_gene,FALSE,TRUE,-,974,TRUE,FALSE
194881,pAAV-Syn-DiO-eGFP-2A-mCherry_YDA,CF+2,2,-,1922,2737,272,spanning_target_gene,FALSE,FALSE,-,-,TRUE,FALSE
194858,GFP-MYO10-BioID,RF,1,-,598,1674,359,spanning_target_gene,FALSE,FALSE,-,-,TRUE,FALSE
194989,pCAG-GFP-CD63,CF+2,3,+,1476,2858,461,spanning_target_gene,TRUE,TRUE,830,676,TRUE,TRUE
194983,pSico-shHDAC2,RF,1,-,1794,2537,248,spanning_target_gene,FALSE,FALSE,-,-,TRUE,FALSE
194982,pSico-shTsg101,RF,3,-,1794,2537,248,spanning_target_gene,FALSE,FALSE,-,-,TRUE,FALSE
195232,GFP-PKCBII,RF,1,-,663,1649,329,spanning_target_gene,FALSE,FALSE,-,-,TRUE,FALSE
195474,pInducer 21-3xFlag-hMEFV-S580X,CF+2,2,+,8096,9187,364,spanning_target_gene,TRUE,TRUE,1391,839,TRUE,TRUE
195475,pInducer21-3xFlag-hMEFV-Q426R,CF+2,2,+,8096,9187,364,spanning_target_gene,TRUE,TRUE,1391,839,TRUE,TRUE
195478,pInducer 21-3xFlag-hMEFV-ΔPYD,CF+2,2,+,7823,8914,364,spanning_target_gene,TRUE,TRUE,1391,839,TRUE,TRUE
195477,pInducer 21-3xFlag-hMEFV-F479L,CF+2,2,+,8096,9187,364,spanning_target_gene,TRUE,TRUE,1391,839,TRUE,TRUE
195479,pInducer 21-3xFlag-hMEFV-ΔPLD,CF+2,2,+,7463,8554,364,spanning_target_gene,TRUE,TRUE,1391,839,TRUE,TRUE
195574,pAAV.U6.shRNA-Sdc1-1376,CF+2,1,+,1534,2412,293,spanning_target_gene,TRUE,TRUE,497,576,TRUE,TRUE
195854,pBAD-6xHis-AviTag-ALFAtag-eGFP,RF,3,-,1809,2969,387,spanning_target_gene,FALSE,FALSE,-,-,TRUE,FALSE
196609,pBAD-P19-EGFP,CF+2,1,-,1309,2016,236,spanning_target_gene,FALSE,FALSE,-,-,TRUE,FALSE
196191,pHDR_sox2HA_P2A-GFP-pA_HA_G2913A,RF,3,-,3097,4044,316,spanning_target_gene,FALSE,FALSE,-,-,TRUE,FALSE
196584,Lepr peak reporter-eGFP,RF,2,+,1196,2044,283,spanning_target_gene,TRUE,TRUE,688,1229,TRUE,TRUE
196090,CAGGS-EGFP-NLS-3XFLAG-V5,RF,2,-,3027,3881,285,spanning_target_gene,FALSE,FALSE,-,-,TRUE,FALSE
196857,pBactin-EGFP-NEDD1-gTBD,CF+2,1,+,1066,2037,324,spanning_target_gene,TRUE,TRUE,830,382,TRUE,TRUE
196910,pEGFP-FCHO1,RF,2,-,598,1473,292,spanning_target_gene,FALSE,FALSE,-,-,TRUE,FALSE
196908,pEGFP-survivin,RF,2,-,598,1587,330,spanning_target_gene,FALSE,FALSE,-,-,TRUE,FALSE
197459,pDest Lenti CA-GFP,RF,1,-,2519,3373,285,spanning_target_gene,FALSE,FALSE,-,-,TRUE,FALSE
197430,pUC19-π-EB1_EF1α-EGFP,RF,1,-,3685,4782,366,spanning_target_gene,FALSE,FALSE,-,-,TRUE,FALSE
198037,pFastBac_Dual_GST-TEV-EGFP-TBK1-E696K,CF+2,2,+,1679,2587,303,spanning_target_gene,FALSE,TRUE,-,2254,TRUE,FALSE
198589,pENTR223-GFP,CF+2,1,+,628,1470,281,spanning_target_gene,FALSE,FALSE,-,-,TRUE,FALSE
198589,pENTR223-GFP,RF,3,-,581,1423,281,spanning_target_gene,FALSE,FALSE,-,-,TRUE,FALSE
199744,pITR-AAV-Rep2Cap9-GFP,CF+2,3,+,2193,3980,596,spanning_target_gene,FALSE,FALSE,-,-,TRUE,FALSE
200427,PGK EGFP-LC3B,RF,2,-,456,1568,371,spanning_target_gene,FALSE,FALSE,-,-,TRUE,FALSE
200283,pLKO-puro SNAP-CD86-eGFP-FKBP(f36v),CF+2,3,+,7464,8240,259,spanning_target_gene,TRUE,TRUE,2262,3691,TRUE,TRUE
200283,pLKO-puro SNAP-CD86-eGFP-FKBP(f36v),RF,1,-,7489,8529,347,spanning_target_gene,FALSE,FALSE,-,-,TRUE,FALSE
200280,pHR-SNAP-CD86tm-eGFP-FKBP(f36v),CF+2,3,+,3054,3830,259,spanning_target_gene,TRUE,TRUE,2866,1089,TRUE,TRUE
200280,pHR-SNAP-CD86tm-eGFP-FKBP(f36v),RF,2,-,3079,4119,347,spanning_target_gene,FALSE,FALSE,-,-,TRUE,FALSE
200936,pCAGGS-EGFP-V5,CF+2,2,+,1727,2461,245,spanning_target_gene,FALSE,TRUE,-,203,TRUE,FALSE
200936,pCAGGS-EGFP-V5,RF,1,-,1665,2651,329,spanning_target_gene,FALSE,FALSE,-,-,TRUE,FALSE
200961,FUGW-Cytosol-TurboID,RF,1,-,3769,4629,287,spanning_target_gene,FALSE,FALSE,-,-,TRUE,FALSE
201246,pUASt-Xbp1-HA-GFP-3'UTR Spl,CF+2,1,+,3400,4188,263,spanning_target_gene,FALSE,TRUE,-,899,TRUE,FALSE
201246,pUASt-Xbp1-HA-GFP-3'UTR Spl,RF,1,-,3410,4378,323,spanning_target_gene,FALSE,FALSE,-,-,TRUE,FALSE
200964,FUGW-Golgi-TurboID,RF,2,-,3759,4664,302,spanning_target_gene,FALSE,FALSE,-,-,TRUE,FALSE
201362,Diffusive 27kDa (EGFP),RF,3,-,561,1334,258,spanning_target_gene,FALSE,FALSE,-,-,TRUE,FALSE
201446,pPB-NeoCOVGT3-d2EGFP,RF,1,-,1074,1853,260,spanning_target_gene,FALSE,FALSE,-,-,TRUE,FALSE
201447,pPB-Neo-COVGT1-d2EGFP,RF,2,-,943,1851,303,spanning_target_gene,FALSE,FALSE,-,-,TRUE,FALSE
201448,pPB-Neo-COVGT2-d2EGFP,RF,1,-,903,1850,316,spanning_target_gene,FALSE,FALSE,-,-,TRUE,FALSE
201452,pPB-Neo-COVGT2-d2EGFP-mCherry,RF,3,-,903,2792,630,spanning_target_gene,FALSE,FALSE,-,-,TRUE,FALSE
201449,pPB-Neo-COVGT4-d2EGFP,RF,1,-,957,1850,298,spanning_target_gene,FALSE,FALSE,-,-,TRUE,FALSE
201450,pPB-NeoCOVGT3-d2EGFP-mCherry,RF,3,-,1074,2795,574,spanning_target_gene,FALSE,FALSE,-,-,TRUE,FALSE
201451,pPB-Neo-COVGT1-d2EGFP-mCherry,RF,3,-,943,3120,726,spanning_target_gene,FALSE,FALSE,-,-,TRUE,FALSE
201454,pPB-Neo-COVGT5-d2EGFP-mCherry,RF,1,-,1695,2603,303,spanning_target_gene,FALSE,FALSE,-,-,TRUE,FALSE
201453,pPB-Neo-COVGT4-d2EGFP-mCherry,RF,2,-,957,3119,721,spanning_target_gene,FALSE,FALSE,-,-,TRUE,FALSE
201557,EGFP in pDBEcR-pIND(SP1)/Bla,RF,2,-,4609,5424,272,spanning_target_gene,FALSE,TRUE,5445,4071,TRUE,FALSE
201558,EGFP in pDBEcR-pIND(SP1)-W/Bla,RF,2,-,4609,5424,272,spanning_target_gene,FALSE,TRUE,6063,4071,TRUE,FALSE
201636,pLV-EF1a-IRES-Puro GFP-3xFLAG,RF,1,-,6296,7243,316,spanning_target_gene,FALSE,FALSE,-,-,TRUE,FALSE
201700,pGFP-mTet1s  pc3901,CF+2,2,-,6545,7426,294,spanning_target_gene,TRUE,TRUE,988,5374,TRUE,TRUE
201639,pWPI-GFP-3xFLAG,RF,1,-,3502,4287,262,spanning_target_gene,FALSE,FALSE,-,-,TRUE,FALSE
201704,pGFP-mTet1s_K852R  pc3914,CF+2,2,+,1640,2527,296,spanning_target_gene,TRUE,TRUE,988,3216,TRUE,TRUE
201705,pGFP-mTet1s_K852E  pc3915,CF+2,2,+,4334,5221,296,spanning_target_gene,TRUE,TRUE,988,3223,TRUE,TRUE
202149,pL0_CD-eGFP,CF+2,1,+,1657,155,425,spanning_target_gene,FALSE,FALSE,-,-,TRUE,FALSE
202020,V5-GFP-TurboID-KDEL_pLX208,RF,2,-,5142,6023,294,spanning_target_gene,FALSE,FALSE,-,-,TRUE,FALSE
202019,Flag-GFP-TurboID-NES_pLX304,RF,2,-,4495,5364,290,spanning_target_gene,FALSE,FALSE,-,-,TRUE,FALSE
202424,pQCXIZ GFP C1,CF+2,3,+,2067,3056,330,spanning_target_gene,TRUE,TRUE,1378,1286,TRUE,TRUE
202424,pQCXIZ GFP C1,RF,2,-,1990,3078,363,spanning_target_gene,FALSE,FALSE,-,-,TRUE,FALSE
202844,Salsa-BC3-P1A3,RF,1,-,1669,2778,370,spanning_target_gene,FALSE,TRUE,3773,1225,TRUE,FALSE
202846,Salsa-BC5-P1A5,RF,1,-,1669,2778,370,spanning_target_gene,FALSE,TRUE,3773,1225,TRUE,FALSE
202843,Salsa-BC2-P1A2,RF,1,-,1669,2778,370,spanning_target_gene,FALSE,TRUE,3773,1225,TRUE,FALSE
202845,Salsa-BC4-P1A4,RF,1,-,1669,2778,370,spanning_target_gene,FALSE,TRUE,3773,1225,TRUE,FALSE
202851,Salsa-BC10-P1A10,RF,1,-,1669,2778,370,spanning_target_gene,FALSE,TRUE,3773,1225,TRUE,FALSE
202847,Salsa-BC6-P1A6,RF,1,-,1669,2778,370,spanning_target_gene,FALSE,TRUE,3773,1225,TRUE,FALSE
202848,Salsa-BC7-P1A7,RF,1,-,1669,2778,370,spanning_target_gene,FALSE,TRUE,3773,1225,TRUE,FALSE
202849,Salsa-BC8-P1A8,RF,1,-,1669,2778,370,spanning_target_gene,FALSE,TRUE,3773,1225,TRUE,FALSE
202842,Salsa-BC1-P1A1,RF,1,-,1669,2778,370,spanning_target_gene,FALSE,TRUE,3773,1225,TRUE,FALSE
202852,Salsa-BC11-P1A11,RF,1,-,1669,2778,370,spanning_target_gene,FALSE,TRUE,3773,1225,TRUE,FALSE
202859,Salsa-BC18-P1B6,RF,1,-,1669,2778,370,spanning_target_gene,FALSE,TRUE,3773,1225,TRUE,FALSE
202862,Salsa-BC21-P1B9,RF,1,-,1669,2778,370,spanning_target_gene,FALSE,TRUE,3773,1225,TRUE,FALSE
202856,Salsa-BC15-P1B3,RF,1,-,1669,2778,370,spanning_target_gene,FALSE,TRUE,3773,1225,TRUE,FALSE
202850,Salsa-BC9-P1A9,RF,1,-,1669,2778,370,spanning_target_gene,FALSE,TRUE,3773,1225,TRUE,FALSE
202863,Salsa-BC22-P1B10,RF,1,-,1669,2778,370,spanning_target_gene,FALSE,TRUE,3773,1225,TRUE,FALSE
202855,Salsa-BC14-P1B2,RF,1,-,1669,2778,370,spanning_target_gene,FALSE,TRUE,3773,1225,TRUE,FALSE
202860,Salsa-BC19-P1B7,RF,1,-,1669,2778,370,spanning_target_gene,FALSE,TRUE,3773,1225,TRUE,FALSE
202857,Salsa-BC16-P1B4,RF,1,-,1669,2778,370,spanning_target_gene,FALSE,TRUE,3773,1225,TRUE,FALSE
202869,Salsa-BC28-P1C4,RF,1,-,1669,2778,370,spanning_target_gene,FALSE,TRUE,3773,1225,TRUE,FALSE
202867,Salsa-BC26-P1C2,RF,1,-,1669,2778,370,spanning_target_gene,FALSE,TRUE,3773,1225,TRUE,FALSE
202872,Salsa-BC31-P1C7,RF,1,-,1669,2778,370,spanning_target_gene,FALSE,TRUE,3773,1225,TRUE,FALSE
202865,Salsa-BC24-P1B12,RF,1,-,1669,2778,370,spanning_target_gene,FALSE,TRUE,3773,1225,TRUE,FALSE
202873,Salsa-BC32-P1C8,RF,1,-,1669,2778,370,spanning_target_gene,FALSE,TRUE,3773,1225,TRUE,FALSE
202871,Salsa-BC30-P1C6,RF,1,-,1669,2778,370,spanning_target_gene,FALSE,TRUE,3773,1225,TRUE,FALSE
202874,Salsa-BC33-P1C9,RF,1,-,1669,2778,370,spanning_target_gene,FALSE,TRUE,3773,1225,TRUE,FALSE
202866,Salsa-BC25-P1C1,RF,1,-,1669,2778,370,spanning_target_gene,FALSE,TRUE,3773,1225,TRUE,FALSE
202870,Salsa-BC29-P1C5,RF,1,-,1669,2778,370,spanning_target_gene,FALSE,TRUE,3773,1225,TRUE,FALSE
202876,Salsa-BC35-P1C11,RF,1,-,1669,2778,370,spanning_target_gene,FALSE,TRUE,3773,1225,TRUE,FALSE
202877,Salsa-BC36-P1C12,RF,1,-,1669,2778,370,spanning_target_gene,FALSE,TRUE,3773,1225,TRUE,FALSE
202884,Salsa-BC43-P1D7,RF,1,-,1669,2778,370,spanning_target_gene,FALSE,TRUE,3773,1225,TRUE,FALSE
202886,Salsa-BC45-P1D9,RF,1,-,1669,2778,370,spanning_target_gene,FALSE,TRUE,3773,1225,TRUE,FALSE
202881,Salsa-BC40-P1D4,RF,1,-,1669,2778,370,spanning_target_gene,FALSE,TRUE,3773,1225,TRUE,FALSE
202883,Salsa-BC42-P1D6,RF,1,-,1669,2778,370,spanning_target_gene,FALSE,TRUE,3773,1225,TRUE,FALSE
202875,Salsa-BC34-P1C10,RF,1,-,1669,2778,370,spanning_target_gene,FALSE,TRUE,3773,1225,TRUE,FALSE
202878,Salsa-BC37-P1D1,RF,1,-,1669,2778,370,spanning_target_gene,FALSE,TRUE,3773,1225,TRUE,FALSE
202889,Salsa-BC48-P1D12,RF,1,-,1669,2778,370,spanning_target_gene,FALSE,TRUE,3773,1225,TRUE,FALSE
202888,Salsa-BC47-P1D11,RF,1,-,1669,2778,370,spanning_target_gene,FALSE,TRUE,3773,1225,TRUE,FALSE
202890,Salsa-BC49-P1E1,RF,1,-,1669,2778,370,spanning_target_gene,FALSE,TRUE,3773,1225,TRUE,FALSE
202891,Salsa-BC50-P1E2,RF,1,-,1669,2778,370,spanning_target_gene,FALSE,TRUE,3773,1225,TRUE,FALSE
202893,Salsa-BC52-P1E4,RF,1,-,1669,2778,370,spanning_target_gene,FALSE,TRUE,3773,1225,TRUE,FALSE
202894,Salsa-BC53-P1E5,RF,1,-,1669,2778,370,spanning_target_gene,FALSE,TRUE,3773,1225,TRUE,FALSE
202895,Salsa-BC54-P1E6,RF,1,-,1669,2778,370,spanning_target_gene,FALSE,TRUE,3773,1225,TRUE,FALSE
202896,Salsa-BC55-P1E7,RF,1,-,1669,2778,370,spanning_target_gene,FALSE,TRUE,3773,1225,TRUE,FALSE
202897,Salsa-BC56-P1E8,RF,1,-,1669,2778,370,spanning_target_gene,FALSE,TRUE,3773,1225,TRUE,FALSE
202898,Salsa-BC57-P1E9,RF,1,-,1669,2778,370,spanning_target_gene,FALSE,TRUE,3773,1225,TRUE,FALSE
202899,Salsa-BC58-P1E10,RF,1,-,1669,2778,370,spanning_target_gene,FALSE,TRUE,3773,1225,TRUE,FALSE
202901,Salsa-BC60-P1E12,RF,1,-,1669,2778,370,spanning_target_gene,FALSE,TRUE,3773,1225,TRUE,FALSE
202900,Salsa-BC59-P1E11,RF,1,-,1669,2778,370,spanning_target_gene,FALSE,TRUE,3773,1225,TRUE,FALSE
202902,Salsa-BC61-P1F1,RF,1,-,1669,2778,370,spanning_target_gene,FALSE,TRUE,3773,1225,TRUE,FALSE
202903,Salsa-BC62-P1F2,RF,1,-,1669,2778,370,spanning_target_gene,FALSE,TRUE,3773,1225,TRUE,FALSE
202904,Salsa-BC63-P1F3,RF,1,-,1669,2778,370,spanning_target_gene,FALSE,TRUE,3773,1225,TRUE,FALSE
202905,Salsa-BC64-P1F4,RF,1,-,1669,2778,370,spanning_target_gene,FALSE,TRUE,3773,1225,TRUE,FALSE
202907,Salsa-BC66-P1F6,RF,1,-,1669,2778,370,spanning_target_gene,FALSE,TRUE,3773,1225,TRUE,FALSE
202908,Salsa-BC67-P1F7,RF,1,-,1669,2778,370,spanning_target_gene,FALSE,TRUE,3773,1225,TRUE,FALSE
202906,Salsa-BC65-P1F5,RF,1,-,1669,2778,370,spanning_target_gene,FALSE,TRUE,3773,1225,TRUE,FALSE
202909,Salsa-BC68-P1F8,RF,1,-,1669,2778,370,spanning_target_gene,FALSE,TRUE,3773,1225,TRUE,FALSE
202910,Salsa-BC69-P1F9,RF,1,-,1669,2778,370,spanning_target_gene,FALSE,TRUE,3773,1225,TRUE,FALSE
202915,Salsa-BC74-P1G2,RF,1,-,1669,2778,370,spanning_target_gene,FALSE,TRUE,3773,1225,TRUE,FALSE
202914,Salsa-BC73-P1G1,RF,1,-,1669,2778,370,spanning_target_gene,FALSE,TRUE,3773,1225,TRUE,FALSE
202913,Salsa-BC72-P1F12,RF,1,-,1669,2778,370,spanning_target_gene,FALSE,TRUE,3773,1225,TRUE,FALSE
202911,Salsa-BC70-P1F10,RF,1,-,1669,2778,370,spanning_target_gene,FALSE,TRUE,3773,1225,TRUE,FALSE
202912,Salsa-BC71-P1F11,RF,1,-,1669,2778,370,spanning_target_gene,FALSE,TRUE,3773,1225,TRUE,FALSE
202919,Salsa-BC78-P1G6,RF,1,-,1669,2778,370,spanning_target_gene,FALSE,TRUE,3773,1225,TRUE,FALSE
202917,Salsa-BC76-P1G4,RF,1,-,1669,2778,370,spanning_target_gene,FALSE,TRUE,3773,1225,TRUE,FALSE
202916,Salsa-BC75-P1G3,RF,1,-,1669,2778,370,spanning_target_gene,FALSE,TRUE,3773,1225,TRUE,FALSE
202920,Salsa-BC79-P1G7,RF,1,-,1669,2778,370,spanning_target_gene,FALSE,TRUE,3773,1225,TRUE,FALSE
202923,Salsa-BC82-P1G10,RF,1,-,1669,2778,370,spanning_target_gene,FALSE,TRUE,3773,1225,TRUE,FALSE
202925,Salsa-BC84-P1G12,RF,1,-,1669,2778,370,spanning_target_gene,FALSE,TRUE,3773,1225,TRUE,FALSE
202918,Salsa-BC77-P1G5,RF,1,-,1669,2778,370,spanning_target_gene,FALSE,TRUE,3773,1225,TRUE,FALSE
202922,Salsa-BC81-P1G9,RF,1,-,1669,2778,370,spanning_target_gene,FALSE,TRUE,3773,1225,TRUE,FALSE
202921,Salsa-BC80-P1G8,RF,1,-,1669,2778,370,spanning_target_gene,FALSE,TRUE,3773,1225,TRUE,FALSE
202927,Salsa-BC86-P1H2,RF,1,-,1669,2778,370,spanning_target_gene,FALSE,TRUE,3773,1225,TRUE,FALSE
202930,Salsa-BC89-P1H5,RF,1,-,1669,2778,370,spanning_target_gene,FALSE,TRUE,3773,1225,TRUE,FALSE
202932,Salsa-BC91-P1H7,RF,1,-,1669,2778,370,spanning_target_gene,FALSE,TRUE,3773,1225,TRUE,FALSE
202928,Salsa-BC87-P1H3,RF,1,-,1669,2778,370,spanning_target_gene,FALSE,TRUE,3773,1225,TRUE,FALSE
202933,Salsa-BC92-P1H8,RF,1,-,1669,2778,370,spanning_target_gene,FALSE,TRUE,3773,1225,TRUE,FALSE
202939,Salsa-BC98-P2A2,RF,1,-,1669,2778,370,spanning_target_gene,FALSE,TRUE,3773,1225,TRUE,FALSE
202931,Salsa-BC90-P1H6,RF,1,-,1669,2778,370,spanning_target_gene,FALSE,TRUE,3773,1225,TRUE,FALSE
202943,Salsa-BC102-P2A6,RF,1,-,1669,2778,370,spanning_target_gene,FALSE,TRUE,3773,1225,TRUE,FALSE
202954,Salsa-BC113-P2B5,RF,1,-,1669,2778,370,spanning_target_gene,FALSE,TRUE,3773,1225,TRUE,FALSE
202950,Salsa-BC109-P2B1,RF,1,-,1669,2778,370,spanning_target_gene,FALSE,TRUE,3773,1225,TRUE,FALSE
202941,Salsa-BC100-P2A4,RF,1,-,1669,2778,370,spanning_target_gene,FALSE,TRUE,3773,1225,TRUE,FALSE
202947,Salsa-BC106-P2A10,RF,1,-,1669,2778,370,spanning_target_gene,FALSE,TRUE,3773,1225,TRUE,FALSE
202936,Salsa-BC95-P1H11,RF,1,-,1669,2778,370,spanning_target_gene,FALSE,TRUE,3773,1225,TRUE,FALSE
202946,Salsa-BC105-P2A9,RF,1,-,1669,2778,370,spanning_target_gene,FALSE,TRUE,3773,1225,TRUE,FALSE
202940,Salsa-BC99-P2A3,RF,1,-,1669,2778,370,spanning_target_gene,FALSE,TRUE,3773,1225,TRUE,FALSE
202948,Salsa-BC107-P2A11,RF,1,-,1669,2778,370,spanning_target_gene,FALSE,TRUE,3773,1225,TRUE,FALSE
202959,Salsa-BC118-P2B10,RF,1,-,1669,2778,370,spanning_target_gene,FALSE,TRUE,3773,1225,TRUE,FALSE
202964,Salsa-BC123-P2C3,RF,1,-,1669,2778,370,spanning_target_gene,FALSE,TRUE,3773,1225,TRUE,FALSE
202963,Salsa-BC122-P2C2,RF,1,-,1669,2778,370,spanning_target_gene,FALSE,TRUE,3773,1225,TRUE,FALSE
202958,Salsa-BC117-P2B9,RF,1,-,1669,2778,370,spanning_target_gene,FALSE,TRUE,3773,1225,TRUE,FALSE
202960,Salsa-BC119-P2B11,RF,1,-,1669,2778,370,spanning_target_gene,FALSE,TRUE,3773,1225,TRUE,FALSE
202951,Salsa-BC110-P2B2,RF,1,-,1669,2778,370,spanning_target_gene,FALSE,TRUE,3773,1225,TRUE,FALSE
202966,Salsa-BC125-P2C5,RF,1,-,1669,2778,370,spanning_target_gene,FALSE,TRUE,3773,1225,TRUE,FALSE
202968,Salsa-BC127-P2C7,RF,1,-,1669,2778,370,spanning_target_gene,FALSE,TRUE,3773,1225,TRUE,FALSE
202949,Salsa-BC108-P2A12,RF,1,-,1669,2778,370,spanning_target_gene,FALSE,TRUE,3773,1225,TRUE,FALSE
202967,Salsa-BC126-P2C6,RF,1,-,1669,2778,370,spanning_target_gene,FALSE,TRUE,3773,1225,TRUE,FALSE
202953,Salsa-BC112-P2B4,RF,1,-,1669,2778,370,spanning_target_gene,FALSE,TRUE,3773,1225,TRUE,FALSE
202965,Salsa-BC124-P2C4,RF,1,-,1669,2778,370,spanning_target_gene,FALSE,TRUE,3773,1225,TRUE,FALSE
202973,Salsa-BC132-P2C12,RF,1,-,1669,2778,370,spanning_target_gene,FALSE,TRUE,3773,1225,TRUE,FALSE
202969,Salsa-BC128-P2C8,RF,1,-,1669,2778,370,spanning_target_gene,FALSE,TRUE,3773,1225,TRUE,FALSE
202980,Salsa-BC139-P2D7,RF,1,-,1669,2778,370,spanning_target_gene,FALSE,TRUE,3773,1225,TRUE,FALSE
202972,Salsa-BC131-P2C11,RF,1,-,1669,2778,370,spanning_target_gene,FALSE,TRUE,3773,1225,TRUE,FALSE
202970,Salsa-BC129-P2C9,RF,1,-,1669,2778,370,spanning_target_gene,FALSE,TRUE,3773,1225,TRUE,FALSE
202979,Salsa-BC138-P2D6,RF,1,-,1669,2778,370,spanning_target_gene,FALSE,TRUE,3773,1225,TRUE,FALSE
202978,Salsa-BC137-P2D5,RF,1,-,1669,2778,370,spanning_target_gene,FALSE,TRUE,3773,1225,TRUE,FALSE
202977,Salsa-BC136-P2D4,RF,1,-,1669,2778,370,spanning_target_gene,FALSE,TRUE,3773,1225,TRUE,FALSE
202976,Salsa-BC135-P2D3,RF,1,-,1669,2778,370,spanning_target_gene,FALSE,TRUE,3773,1225,TRUE,FALSE
202982,Salsa-BC141-P2D9,RF,1,-,1669,2778,370,spanning_target_gene,FALSE,TRUE,3773,1225,TRUE,FALSE
202987,Salsa-BC146-P2E2,RF,1,-,1669,2778,370,spanning_target_gene,FALSE,TRUE,3773,1225,TRUE,FALSE
202975,Salsa-BC134-P2D2,RF,1,-,1669,2778,370,spanning_target_gene,FALSE,TRUE,3773,1225,TRUE,FALSE
202986,Salsa-BC145-P2E1,RF,1,-,1669,2778,370,spanning_target_gene,FALSE,TRUE,3773,1225,TRUE,FALSE
202988,Salsa-BC147-P2E3,RF,1,-,1669,2778,370,spanning_target_gene,FALSE,TRUE,3773,1225,TRUE,FALSE
202984,Salsa-BC143-P2D11,RF,1,-,1669,2778,370,spanning_target_gene,FALSE,TRUE,3773,1225,TRUE,FALSE
202985,Salsa-BC144-P2D12,RF,1,-,1669,2778,370,spanning_target_gene,FALSE,TRUE,3773,1225,TRUE,FALSE
202999,Salsa-BC158-P2F2,RF,1,-,1669,2778,370,spanning_target_gene,FALSE,TRUE,3773,1225,TRUE,FALSE
203000,Salsa-BC159-P2F3,RF,1,-,1669,2778,370,spanning_target_gene,FALSE,TRUE,3773,1225,TRUE,FALSE
202994,Salsa-BC153-P2E9,RF,1,-,1669,2778,370,spanning_target_gene,FALSE,TRUE,3773,1225,TRUE,FALSE
202993,Salsa-BC152-P2E8,RF,1,-,1669,2778,370,spanning_target_gene,FALSE,TRUE,3773,1225,TRUE,FALSE
203001,Salsa-BC160-P2F4,RF,1,-,1669,2778,370,spanning_target_gene,FALSE,TRUE,3773,1225,TRUE,FALSE
202990,Salsa-BC149-P2E5,RF,1,-,1669,2778,370,spanning_target_gene,FALSE,TRUE,3773,1225,TRUE,FALSE
202995,Salsa-BC154-P2E10,RF,1,-,1669,2778,370,spanning_target_gene,FALSE,TRUE,3773,1225,TRUE,FALSE
203005,Salsa-BC164-P2F8,RF,1,-,1669,2778,370,spanning_target_gene,FALSE,TRUE,3773,1225,TRUE,FALSE
203003,Salsa-BC162-P2F6,RF,1,-,1669,2778,370,spanning_target_gene,FALSE,TRUE,3773,1225,TRUE,FALSE
203009,Salsa-BC168-P2F12,RF,1,-,1669,2778,370,spanning_target_gene,FALSE,TRUE,3773,1225,TRUE,FALSE
203006,Salsa-BC165-P2F9,RF,1,-,1669,2778,370,spanning_target_gene,FALSE,TRUE,3773,1225,TRUE,FALSE
203014,Salsa-BC173-P2G5,RF,1,-,1669,2778,370,spanning_target_gene,FALSE,TRUE,3773,1225,TRUE,FALSE
203007,Salsa-BC166-P2F10,RF,1,-,1669,2778,370,spanning_target_gene,FALSE,TRUE,3773,1225,TRUE,FALSE
203008,Salsa-BC167-P2F11,RF,1,-,1669,2778,370,spanning_target_gene,FALSE,TRUE,3773,1225,TRUE,FALSE
203020,Salsa-BC179-P2G11,RF,1,-,1669,2778,370,spanning_target_gene,FALSE,TRUE,3773,1225,TRUE,FALSE
203011,Salsa-BC170-P2G2,RF,1,-,1669,2778,370,spanning_target_gene,FALSE,TRUE,3773,1225,TRUE,FALSE
203021,Salsa-BC180-P2G12,RF,1,-,1669,2778,370,spanning_target_gene,FALSE,TRUE,3773,1225,TRUE,FALSE
203015,Salsa-BC174-P2G6,RF,1,-,1669,2778,370,spanning_target_gene,FALSE,TRUE,3773,1225,TRUE,FALSE
203017,Salsa-BC176-P2G8,RF,1,-,1669,2778,370,spanning_target_gene,FALSE,TRUE,3773,1225,TRUE,FALSE
203024,Salsa-BC183-P2H3,RF,1,-,1669,2778,370,spanning_target_gene,FALSE,TRUE,3773,1225,TRUE,FALSE
203022,Salsa-BC181-P2H1,RF,1,-,1669,2778,370,spanning_target_gene,FALSE,TRUE,3773,1225,TRUE,FALSE
203025,Salsa-BC184-P2H4,RF,1,-,1669,2778,370,spanning_target_gene,FALSE,TRUE,3773,1225,TRUE,FALSE
203029,Salsa-BC188-P2H8,RF,1,-,1669,2778,370,spanning_target_gene,FALSE,TRUE,3773,1225,TRUE,FALSE
203028,Salsa-BC187-P2H7,RF,1,-,1669,2778,370,spanning_target_gene,FALSE,TRUE,3773,1225,TRUE,FALSE
203031,Salsa-BC190-P2H10,RF,1,-,1669,2778,370,spanning_target_gene,FALSE,TRUE,3773,1225,TRUE,FALSE
203032,Salsa-BC191-P2H11,RF,1,-,1669,2778,370,spanning_target_gene,FALSE,TRUE,3773,1225,TRUE,FALSE
203033,Salsa-BC192-P2H12,RF,1,-,1669,2778,370,spanning_target_gene,FALSE,TRUE,3773,1225,TRUE,FALSE
203035,Salsa-BC194-P3A2,RF,1,-,1669,2778,370,spanning_target_gene,FALSE,TRUE,3773,1225,TRUE,FALSE
203034,Salsa-BC193-P3A1,RF,1,-,1669,2778,370,spanning_target_gene,FALSE,TRUE,3773,1225,TRUE,FALSE
203036,Salsa-BC195-P3A3,RF,1,-,1669,2778,370,spanning_target_gene,FALSE,TRUE,3773,1225,TRUE,FALSE
203037,Salsa-BC196-P3A4,RF,1,-,1669,2778,370,spanning_target_gene,FALSE,TRUE,3773,1225,TRUE,FALSE
203038,Salsa-BC197-P3A5,RF,1,-,1669,2778,370,spanning_target_gene,FALSE,TRUE,3773,1225,TRUE,FALSE
203039,Salsa-BC198-P3A6,RF,1,-,1669,2778,370,spanning_target_gene,FALSE,TRUE,3773,1225,TRUE,FALSE
203044,Salsa-BC203-P3A11,RF,1,-,1669,2583,305,spanning_target_gene,FALSE,TRUE,3968,1225,TRUE,FALSE
203043,Salsa-BC202-P3A10,RF,1,-,1669,2778,370,spanning_target_gene,FALSE,TRUE,3773,1225,TRUE,FALSE
203040,Salsa-BC199-P3A7,RF,1,-,1669,2778,370,spanning_target_gene,FALSE,TRUE,3773,1225,TRUE,FALSE
203045,Salsa-BC204-P3A12,RF,1,-,1669,2778,370,spanning_target_gene,FALSE,TRUE,3773,1225,TRUE,FALSE
203042,Salsa-BC201-P3A9,RF,1,-,1669,2778,370,spanning_target_gene,FALSE,TRUE,3773,1225,TRUE,FALSE
203048,Salsa-BC207-P3B3,RF,1,-,1669,2778,370,spanning_target_gene,FALSE,TRUE,3773,1225,TRUE,FALSE
203047,Salsa-BC206-P3B2,RF,1,-,1669,2778,370,spanning_target_gene,FALSE,TRUE,3773,1225,TRUE,FALSE
203050,Salsa-BC209-P3B5,RF,1,-,1669,2778,370,spanning_target_gene,FALSE,TRUE,3773,1225,TRUE,FALSE
203053,Salsa-BC212-P3B8,RF,1,-,1669,2778,370,spanning_target_gene,FALSE,TRUE,3773,1225,TRUE,FALSE
203051,Salsa-BC210-P3B6,RF,1,-,1669,2778,370,spanning_target_gene,FALSE,TRUE,3773,1225,TRUE,FALSE
203054,Salsa-BC213-P3B9,RF,1,-,1669,2778,370,spanning_target_gene,FALSE,TRUE,3773,1225,TRUE,FALSE
203052,Salsa-BC211-P3B7,RF,1,-,1669,2778,370,spanning_target_gene,FALSE,TRUE,3773,1225,TRUE,FALSE
203055,Salsa-BC214-P3B10,RF,1,-,1669,2778,370,spanning_target_gene,FALSE,TRUE,3773,1225,TRUE,FALSE
203060,Salsa-BC219-P3C3,RF,1,-,1669,2778,370,spanning_target_gene,FALSE,TRUE,3773,1225,TRUE,FALSE
203059,Salsa-BC218-P3C2,RF,1,-,1669,2778,370,spanning_target_gene,FALSE,TRUE,3773,1225,TRUE,FALSE
203064,Salsa-BC223-P3C7,RF,1,-,1669,2778,370,spanning_target_gene,FALSE,TRUE,3773,1225,TRUE,FALSE
203072,Salsa-BC231-P3D3,RF,1,-,1669,2778,370,spanning_target_gene,FALSE,TRUE,3773,1225,TRUE,FALSE
203062,Salsa-BC221-P3C5,RF,1,-,1669,2778,370,spanning_target_gene,FALSE,TRUE,3773,1225,TRUE,FALSE
203070,Salsa-BC229-P3D1,RF,1,-,1669,2778,370,spanning_target_gene,FALSE,TRUE,3773,1225,TRUE,FALSE
203067,Salsa-BC226-P3C10,RF,1,-,1669,2778,370,spanning_target_gene,FALSE,TRUE,3773,1225,TRUE,FALSE
203065,Salsa-BC224-P3C8,RF,1,-,1669,2778,370,spanning_target_gene,FALSE,TRUE,3773,1225,TRUE,FALSE
203066,Salsa-BC225-P3C9,RF,1,-,1669,2778,370,spanning_target_gene,FALSE,TRUE,3773,1225,TRUE,FALSE
203068,Salsa-BC227-P3C11,RF,1,-,1669,2778,370,spanning_target_gene,FALSE,TRUE,3773,1225,TRUE,FALSE
203071,Salsa-BC230-P3D2,RF,1,-,1669,2778,370,spanning_target_gene,FALSE,TRUE,3773,1225,TRUE,FALSE
203081,Salsa-BC240-P3D12,RF,1,-,1669,2778,370,spanning_target_gene,FALSE,TRUE,3773,1225,TRUE,FALSE
203069,Salsa-BC228-P3C12,RF,1,-,1669,2778,370,spanning_target_gene,FALSE,TRUE,3773,1225,TRUE,FALSE
203073,Salsa-BC232-P3D4,RF,2,-,1670,2779,370,spanning_target_gene,FALSE,TRUE,3774,1225,TRUE,FALSE
203082,Salsa-BC241-P3E1,RF,1,-,1669,2778,370,spanning_target_gene,FALSE,TRUE,3773,1225,TRUE,FALSE
203085,Salsa-BC244-P3E4,RF,1,-,1669,2778,370,spanning_target_gene,FALSE,TRUE,3773,1225,TRUE,FALSE
203077,Salsa-BC236-P3D8,RF,1,-,1669,2778,370,spanning_target_gene,FALSE,TRUE,3773,1225,TRUE,FALSE
203078,Salsa-BC237-P3D9,RF,1,-,1669,2778,370,spanning_target_gene,FALSE,TRUE,3773,1225,TRUE,FALSE
203075,Salsa-BC234-P3D6,RF,1,-,1669,2778,370,spanning_target_gene,FALSE,TRUE,3773,1225,TRUE,FALSE
203090,Salsa-BC249-P3E9,RF,1,-,1669,2778,370,spanning_target_gene,FALSE,TRUE,3773,1225,TRUE,FALSE
203086,Salsa-BC245-P3E5,RF,1,-,1669,2778,370,spanning_target_gene,FALSE,TRUE,3773,1225,TRUE,FALSE
203087,Salsa-BC246-P3E6,RF,1,-,1669,2778,370,spanning_target_gene,FALSE,TRUE,3773,1225,TRUE,FALSE
203091,Salsa-BC250-P3E10,RF,1,-,1669,2778,370,spanning_target_gene,FALSE,TRUE,3773,1225,TRUE,FALSE
203083,Salsa-BC242-P3E2,RF,1,-,1669,2778,370,spanning_target_gene,FALSE,TRUE,3773,1225,TRUE,FALSE
203099,Salsa-BC258-P3F6,RF,1,-,1669,2778,370,spanning_target_gene,FALSE,TRUE,3773,1225,TRUE,FALSE
203093,Salsa-BC252-P3E12,RF,1,-,1669,2778,370,spanning_target_gene,FALSE,TRUE,3773,1225,TRUE,FALSE
203098,Salsa-BC257-P3F5,RF,1,-,1669,2778,370,spanning_target_gene,FALSE,TRUE,3773,1225,TRUE,FALSE
203088,Salsa-BC247-P3E7,RF,1,-,1669,2778,370,spanning_target_gene,FALSE,TRUE,3773,1225,TRUE,FALSE
203101,Salsa-BC260-P3F8,RF,1,-,1669,2778,370,spanning_target_gene,FALSE,TRUE,3773,1225,TRUE,FALSE
203097,Salsa-BC256-P3F4,RF,1,-,1669,2778,370,spanning_target_gene,FALSE,TRUE,3773,1225,TRUE,FALSE
203096,Salsa-BC255-P3F3,RF,1,-,1669,2778,370,spanning_target_gene,FALSE,TRUE,3773,1225,TRUE,FALSE
203089,Salsa-BC248-P3E8,RF,1,-,1669,2778,370,spanning_target_gene,FALSE,TRUE,3773,1225,TRUE,FALSE
203106,Salsa-BC265-P3G1,RF,1,-,1669,2778,370,spanning_target_gene,FALSE,TRUE,3773,1225,TRUE,FALSE
203102,Salsa-BC261-P3F9,RF,1,-,1669,2778,370,spanning_target_gene,FALSE,TRUE,3773,1225,TRUE,FALSE
203109,Salsa-BC268-P3G4,RF,1,-,1669,2778,370,spanning_target_gene,FALSE,TRUE,3773,1225,TRUE,FALSE
203105,Salsa-BC264-P3F12,RF,1,-,1669,2778,370,spanning_target_gene,FALSE,TRUE,3773,1225,TRUE,FALSE
203110,Salsa-BC269-P3G5,RF,1,-,1669,2778,370,spanning_target_gene,FALSE,TRUE,3773,1225,TRUE,FALSE
203104,Salsa-BC263-P3F11,RF,1,-,1669,2778,370,spanning_target_gene,FALSE,TRUE,3773,1225,TRUE,FALSE
203111,Salsa-BC270-P3G6,RF,1,-,1669,2778,370,spanning_target_gene,FALSE,TRUE,3773,1225,TRUE,FALSE
203107,Salsa-BC266-P3G2,RF,1,-,1669,2778,370,spanning_target_gene,FALSE,TRUE,3773,1225,TRUE,FALSE
203100,Salsa-BC259-P3F7,RF,1,-,1669,2778,370,spanning_target_gene,FALSE,TRUE,3773,1225,TRUE,FALSE
203114,Salsa-BC273-P3G9,RF,1,-,1669,2778,370,spanning_target_gene,FALSE,TRUE,3773,1225,TRUE,FALSE
203112,Salsa-BC271-P3G7,RF,1,-,1669,2778,370,spanning_target_gene,FALSE,TRUE,3773,1225,TRUE,FALSE
203115,Salsa-BC274-P3G10,RF,1,-,1669,2778,370,spanning_target_gene,FALSE,TRUE,3773,1225,TRUE,FALSE
203113,Salsa-BC272-P3G8,RF,1,-,1669,2778,370,spanning_target_gene,FALSE,TRUE,3773,1225,TRUE,FALSE
203117,Salsa-BC276-P3G12,RF,1,-,1669,2778,370,spanning_target_gene,FALSE,TRUE,3773,1225,TRUE,FALSE
203122,Salsa-BC281-P3H5,RF,1,-,1669,2778,370,spanning_target_gene,FALSE,TRUE,3773,1225,TRUE,FALSE
203118,Salsa-BC277-P3H1,RF,1,-,1669,2778,370,spanning_target_gene,FALSE,TRUE,3773,1225,TRUE,FALSE
203116,Salsa-BC275-P3G11,RF,1,-,1669,2778,370,spanning_target_gene,FALSE,TRUE,3773,1225,TRUE,FALSE
203119,Salsa-BC278-P3H2,RF,1,-,1669,2778,370,spanning_target_gene,FALSE,TRUE,3773,1225,TRUE,FALSE
203121,Salsa-BC280-P3H4,RF,1,-,1669,2778,370,spanning_target_gene,FALSE,TRUE,3773,1225,TRUE,FALSE
203131,Salsa-BC290-P4A2,RF,1,-,1669,2778,370,spanning_target_gene,FALSE,TRUE,3773,1225,TRUE,FALSE
203126,Salsa-BC285-P3H9,RF,1,-,1669,2778,370,spanning_target_gene,FALSE,TRUE,3773,1225,TRUE,FALSE
203137,Salsa-BC296-P4B4,RF,1,-,1669,2778,370,spanning_target_gene,FALSE,TRUE,3773,1225,TRUE,FALSE
203125,Salsa-BC284-P3H8,RF,1,-,1669,2778,370,spanning_target_gene,FALSE,TRUE,3773,1225,TRUE,FALSE
203124,Salsa-BC283-P3H7,RF,1,-,1669,2778,370,spanning_target_gene,FALSE,TRUE,3773,1225,TRUE,FALSE
203133,Salsa-BC292-P4A4,RF,1,-,1669,2778,370,spanning_target_gene,FALSE,TRUE,3773,1225,TRUE,FALSE
203132,Salsa-BC291-P4A3,RF,1,-,1669,2778,370,spanning_target_gene,FALSE,TRUE,3773,1225,TRUE,FALSE
203130,Salsa-BC289-P4A1,RF,1,-,1669,2778,370,spanning_target_gene,FALSE,TRUE,3773,1225,TRUE,FALSE
203138,Salsa-BC297-P4C1,RF,1,-,1669,2778,370,spanning_target_gene,FALSE,TRUE,3773,1225,TRUE,FALSE
203128,Salsa-BC287-P3H11,RF,1,-,1669,2778,370,spanning_target_gene,FALSE,TRUE,3773,1225,TRUE,FALSE
203129,Salsa-BC288-P3H12,RF,1,-,1669,2778,370,spanning_target_gene,FALSE,TRUE,3773,1225,TRUE,FALSE
203127,Salsa-BC286-P3H10,RF,1,-,1669,2778,370,spanning_target_gene,FALSE,TRUE,3773,1225,TRUE,FALSE
203135,Salsa-BC294-P4B2,RF,1,-,1669,2778,370,spanning_target_gene,FALSE,TRUE,3773,1225,TRUE,FALSE
203140,Salsa-BC299-P4C3,RF,1,-,1669,2778,370,spanning_target_gene,FALSE,TRUE,3773,1225,TRUE,FALSE
203136,Salsa-BC295-P4B3,RF,1,-,1669,2778,370,spanning_target_gene,FALSE,TRUE,3773,1225,TRUE,FALSE
203143,Salsa-BC302-P4D3,RF,1,-,1669,2778,370,spanning_target_gene,FALSE,TRUE,3773,1225,TRUE,FALSE
203149,Salsa-BC308-P4F3,RF,1,-,1669,2778,370,spanning_target_gene,FALSE,TRUE,3773,1225,TRUE,FALSE
203141,Salsa-BC300-P4D1,RF,1,-,1669,2778,370,spanning_target_gene,FALSE,TRUE,3773,1225,TRUE,FALSE
203148,Salsa-BC307-P4F2,RF,1,-,1669,2778,370,spanning_target_gene,FALSE,TRUE,3773,1225,TRUE,FALSE
203144,Salsa-BC303-P4E1,RF,1,-,1669,2778,370,spanning_target_gene,FALSE,TRUE,3773,1225,TRUE,FALSE
203145,Salsa-BC304-P4E2,RF,1,-,1669,2778,370,spanning_target_gene,FALSE,TRUE,3773,1225,TRUE,FALSE
203146,Salsa-BC305-P4E3,RF,1,-,1669,2778,370,spanning_target_gene,FALSE,TRUE,3773,1225,TRUE,FALSE
203155,Salsa-BC314-P4H3,RF,1,-,1669,2778,370,spanning_target_gene,FALSE,TRUE,3773,1225,TRUE,FALSE
203150,Salsa-BC309-P4G1,RF,1,-,1669,2778,370,spanning_target_gene,FALSE,TRUE,3773,1225,TRUE,FALSE
203147,Salsa-BC306-P4F1,RF,1,-,1669,2778,370,spanning_target_gene,FALSE,TRUE,3773,1225,TRUE,FALSE
203152,Salsa-BC311-P4G3,RF,1,-,1669,2778,370,spanning_target_gene,FALSE,TRUE,3773,1225,TRUE,FALSE
203348,pGEM4Z-T7-5'UTR-EGFP-3'UTR-A64,CF+2,2,+,2651,3499,283,spanning_target_gene,FALSE,FALSE,-,-,TRUE,FALSE
203154,Salsa-BC313-P4H2,RF,1,-,1669,2778,370,spanning_target_gene,FALSE,TRUE,3773,1225,TRUE,FALSE
203153,Salsa-BC312-P4H1,RF,1,-,1669,2778,370,spanning_target_gene,FALSE,TRUE,3773,1225,TRUE,FALSE
203908,pHR_Gal4UAS_dGFP_PGK_iRFP (pLZA042),RF,1,-,3807,4622,272,spanning_target_gene,FALSE,FALSE,-,-,TRUE,FALSE
204497,PB-CAG-rtTA-IRES-eGFP-pGK-NeoR,RF,3,-,5150,6103,318,spanning_target_gene,FALSE,FALSE,-,-,TRUE,FALSE
204575,pGFP-p62 var2,RF,1,-,598,1914,439,spanning_target_gene,FALSE,FALSE,-,-,TRUE,FALSE
205139,pJV0047,RF,3,-,4840,6726,629,spanning_target_gene,FALSE,FALSE,-,-,TRUE,FALSE
205128,pJSK659,RF,2,-,598,1902,435,spanning_target_gene,FALSE,FALSE,-,-,TRUE,FALSE
205130,pJSK664,RF,2,-,598,2181,528,spanning_target_gene,FALSE,FALSE,-,-,TRUE,FALSE
205129,pJSK663,RF,1,-,598,1815,406,spanning_target_gene,FALSE,FALSE,-,-,TRUE,FALSE
205138,pJV0042,RF,3,-,4840,6447,536,spanning_target_gene,FALSE,FALSE,-,-,TRUE,FALSE
206044,GFP hSmad4-HomDonor,RF,3,-,6776,7612,279,spanning_target_gene,FALSE,FALSE,-,-,TRUE,FALSE
206032,pCAIP-hXRCC1wt-eGFP,RF,1,-,3617,4783,389,spanning_target_gene,FALSE,FALSE,-,-,TRUE,FALSE
205631,pKM-T4-CMV-TnpB-optimized-P2A-GFP-Puro,RF,2,-,819,3713,965,spanning_target_gene,FALSE,FALSE,-,-,TRUE,FALSE
206171,Lenti-6XPRE-GFP,CF+2,3,+,2232,3005,258,spanning_target_gene,TRUE,TRUE,1821,10,TRUE,TRUE
206169,Lenti-2XPRE-GFP,CF+2,3,+,2124,2897,258,spanning_target_gene,TRUE,TRUE,1713,10,TRUE,TRUE
206033,pCAIP-hXRCC1pd-eGFP,RF,2,-,3601,4767,389,spanning_target_gene,FALSE,FALSE,-,-,TRUE,FALSE
205994,pLV-CMV-KIF2C,CF+2,2,+,2753,3721,323,spanning_target_gene,TRUE,TRUE,2119,4083,TRUE,TRUE
206027,GFP-Lamin-A,RF,3,-,598,3441,948,spanning_target_gene,FALSE,FALSE,-,-,TRUE,FALSE
206170,Lenti-4XPRE-GFP,CF+2,3,+,2178,2951,258,spanning_target_gene,TRUE,TRUE,1767,10,TRUE,TRUE
206413,pEGFP-C1-hEFA6B,RF,2,-,588,1577,330,spanning_target_gene,FALSE,FALSE,-,-,TRUE,FALSE
206485,F18-pAc5.1 EGFP Vasa 200-462,RF,1,-,2474,3463,330,spanning_target_gene,FALSE,TRUE,-,4892,TRUE,FALSE
206488,F23-pAc5.1 EGFP Cup,RF,1,-,2426,3361,312,spanning_target_gene,FALSE,TRUE,-,4892,TRUE,FALSE
207170,pLV-REPORT (PGK) 5xGRE-NanoLuc,CF+2,3,+,3462,4475,338,spanning_target_gene,TRUE,TRUE,2714,2436,TRUE,TRUE
207170,pLV-REPORT (PGK) 5xGRE-NanoLuc,RF,3,-,3580,5412,611,spanning_target_gene,FALSE,FALSE,-,-,TRUE,FALSE
207551,AAVS1 EGFP-LC3B HRD,RF,3,-,8237,9352,372,spanning_target_gene,FALSE,TRUE,10342,2867,TRUE,FALSE
207552,AAVS1 EGFP-GABARAPL1 HRD,RF,3,-,8237,9208,324,spanning_target_gene,FALSE,TRUE,10462,2867,TRUE,FALSE
207881,NL4-3Δ6-drEGFP-IRES-mThy1.2,RF,1,-,6136,7041,302,spanning_target_gene,FALSE,FALSE,-,-,TRUE,FALSE
208336,pCAG-CBE4max-SpRYc-P2A-EGFP,RF,1,-,7345,8331,329,spanning_target_gene,FALSE,FALSE,-,-,TRUE,FALSE
208383,Lenti-sgRNA-Cre-GpNluc-sgControl,RF,2,+,2423,3592,390,spanning_target_gene,FALSE,FALSE,-,-,TRUE,FALSE
208360,pEGFP-ORP8-H514A-H515A,RF,1,-,4876,5706,277,spanning_target_gene,FALSE,FALSE,-,-,TRUE,FALSE
208382,Lenti-sgRNA-Cre-GpNLuc,RF,3,+,4944,6113,390,spanning_target_gene,FALSE,FALSE,-,-,TRUE,FALSE
208384,Lenti-sgRNA-Cre-GpNLuc-sgmMRE11,RF,3,+,4941,6110,390,spanning_target_gene,FALSE,FALSE,-,-,TRUE,FALSE
208385,Lenti-sgRNA-Cre-GpNLuc-sgmcGAS,RF,1,+,2422,3591,390,spanning_target_gene,FALSE,FALSE,-,-,TRUE,FALSE
208386,Lenti-sgRNA-Cre-GpNLuc-sgmSTING,RF,2,-,4578,5747,390,spanning_target_gene,FALSE,FALSE,-,-,TRUE,FALSE
208388,Lenti-sgRNA-Cre-GpNLuc-sgmZBP1#2,RF,2,-,6651,7820,390,spanning_target_gene,FALSE,FALSE,-,-,TRUE,FALSE
208389,Lenti-sgRNA-Cre-GpNLuc-sgmZBP1#3,RF,3,+,2148,3317,390,spanning_target_gene,FALSE,FALSE,-,-,TRUE,FALSE
208391,Lenti-sgRNA-Cre-GpNLuc-sgmMLKL,RF,3,+,2148,3317,390,spanning_target_gene,FALSE,FALSE,-,-,TRUE,FALSE
208387,Lenti-sgRNA-Cre-GpNLuc-sgmZBP1#1,RF,3,+,4932,6101,390,spanning_target_gene,FALSE,FALSE,-,-,TRUE,FALSE
208392,Lenti-sgRNA-Cre-GpNLuc-sgmATM,RF,3,+,2148,3317,390,spanning_target_gene,FALSE,FALSE,-,-,TRUE,FALSE
208574,pLV-REPORT(PGK/CMV)-GtwyA,RF,3,-,8518,10290,591,spanning_target_gene,FALSE,FALSE,-,-,TRUE,FALSE
208575,pLV-REPORT (PGK) 12xHRE-NanoLuc,CF+2,3,+,4356,5369,338,spanning_target_gene,TRUE,TRUE,3608,2436,TRUE,TRUE
208575,pLV-REPORT (PGK) 12xHRE-NanoLuc,RF,3,-,4474,6306,611,spanning_target_gene,FALSE,FALSE,-,-,TRUE,FALSE
208573,pLV-REPORT(PGKCMV)-nucTomato-hygro,RF,2,-,4707,6479,591,spanning_target_gene,FALSE,FALSE,-,-,TRUE,FALSE
208576,pLV-REPORT (PGK) NanoLuc,CF+2,2,+,3386,4399,338,spanning_target_gene,TRUE,TRUE,2638,2436,TRUE,TRUE
208576,pLV-REPORT (PGK) NanoLuc,RF,2,-,3504,5336,611,spanning_target_gene,FALSE,FALSE,-,-,TRUE,FALSE
208684,pAAV-hSyn-EGFP-CAAX,CF+2,1,+,145,1311,389,spanning_target_gene,FALSE,TRUE,4829,687,TRUE,FALSE
209095,pLKO.1-shCtnnd2.1-GFP,CF+2,2,+,2663,3673,337,spanning_target_gene,TRUE,TRUE,3802,885,TRUE,TRUE
209095,pLKO.1-shCtnnd2.1-GFP,RF,2,-,2919,3689,257,spanning_target_gene,FALSE,FALSE,-,-,TRUE,FALSE
208903,Vd-ARATR-GFP,CF+2,3,+,1452,2246,265,spanning_target_gene,TRUE,TRUE,883,105,TRUE,TRUE
209099,pLKO.1-shCdh2.1 GFP,CF+2,2,+,8387,9397,337,spanning_target_gene,TRUE,TRUE,828,885,TRUE,TRUE
209099,pLKO.1-shCdh2.1 GFP,RF,3,-,8643,9413,257,spanning_target_gene,FALSE,FALSE,-,-,TRUE,FALSE
209097,pLKO.1-shCtnnd2.2-GFP,RF,3,+,5700,6470,257,spanning_target_gene,FALSE,FALSE,-,-,TRUE,FALSE
209097,pLKO.1-shCtnnd2.2-GFP,CF+2,1,-,5716,6726,337,spanning_target_gene,TRUE,TRUE,828,885,TRUE,TRUE
209105,pLKO.1-shCdh20.1 GFP,CF+2,2,+,2777,3787,337,spanning_target_gene,TRUE,TRUE,4030,885,TRUE,TRUE
209105,pLKO.1-shCdh20.1 GFP,RF,2,-,3033,3803,257,spanning_target_gene,FALSE,FALSE,-,-,TRUE,FALSE
209101,pLKO.1-shCdh10.1 GFP,CF+2,3,+,1962,2972,337,spanning_target_gene,TRUE,TRUE,828,885,TRUE,TRUE
209101,pLKO.1-shCdh10.1 GFP,RF,2,-,2218,2988,257,spanning_target_gene,FALSE,FALSE,-,-,TRUE,FALSE
209287,mini-donor - NKX2.5-nEGFP,RF,1,-,451,1605,385,spanning_target_gene,FALSE,FALSE,-,-,TRUE,FALSE
209096,pLKO.1-scrCtnnd2.1-GFP,RF,2,+,5648,6418,257,spanning_target_gene,FALSE,FALSE,-,-,TRUE,FALSE
209096,pLKO.1-scrCtnnd2.1-GFP,CF+2,2,-,5664,6674,337,spanning_target_gene,TRUE,TRUE,828,885,TRUE,TRUE
209104,pLKO.1-scrCdh11.1 GFP,CF+2,3,+,8385,9395,337,spanning_target_gene,TRUE,TRUE,828,885,TRUE,TRUE
209104,pLKO.1-scrCdh11.1 GFP,RF,3,-,8641,9411,257,spanning_target_gene,FALSE,FALSE,-,-,TRUE,FALSE
209321,AAV-EGFP-APOBEC1,CF+2,2,+,3503,4327,275,spanning_target_gene,TRUE,FALSE,326,-,TRUE,FALSE
209106,pLKO.1-scrCdh20.1 GFP,RF,1,+,5704,6474,257,spanning_target_gene,FALSE,FALSE,-,-,TRUE,FALSE
209106,pLKO.1-scrCdh20.1 GFP,CF+2,1,-,5720,6730,337,spanning_target_gene,TRUE,TRUE,828,885,TRUE,TRUE
209098,pLKO.1-scrCtnnd2.2-GFP,RF,2,+,5648,6418,257,spanning_target_gene,FALSE,FALSE,-,-,TRUE,FALSE
209098,pLKO.1-scrCtnnd2.2-GFP,CF+2,2,-,5664,6674,337,spanning_target_gene,TRUE,TRUE,828,885,TRUE,TRUE
209320,AAV-EGFP-APOBEC1-YTHmut,CF+2,2,+,3503,4327,275,spanning_target_gene,TRUE,FALSE,326,-,TRUE,FALSE
209102,pLKO.1-scrCdh10.1 GFP,CF+2,3,+,8385,9395,337,spanning_target_gene,TRUE,TRUE,828,885,TRUE,TRUE
209102,pLKO.1-scrCdh10.1 GFP,RF,3,-,8641,9411,257,spanning_target_gene,FALSE,FALSE,-,-,TRUE,FALSE
209103,pLKO.1-shCdh11.1 GFP,CF+2,2,+,8387,9397,337,spanning_target_gene,TRUE,TRUE,828,885,TRUE,TRUE
209103,pLKO.1-shCdh11.1 GFP,RF,3,-,8643,9413,257,spanning_target_gene,FALSE,FALSE,-,-,TRUE,FALSE
209319,AAV-EGFP-APOBEC1-YTH,CF+2,2,+,3503,4327,275,spanning_target_gene,TRUE,FALSE,326,-,TRUE,FALSE
209670,ECibN,CF+2,3,+,2859,3725,289,spanning_target_gene,TRUE,TRUE,2637,1361,TRUE,TRUE
20964,mId1-GFP,CF+2,2,+,986,1789,268,spanning_target_gene,TRUE,TRUE,477,105,TRUE,TRUE
20977,HOXA9-MSCV-full-GFP,CF+2,2,+,3716,4729,338,spanning_target_gene,TRUE,TRUE,3198,19,TRUE,TRUE
209699,pAAV-C+F-GFP,RF,3,+,2310,3083,258,spanning_target_gene,FALSE,TRUE,1566,192,TRUE,FALSE
210641,pLenti-CMV-GFP-Puro_TAL1-short,RF,1,-,4738,5955,406,spanning_target_gene,FALSE,FALSE,-,-,TRUE,FALSE
211366,PB-mCherry-DMDEx23-eGFP,RF,3,-,1204,2175,324,spanning_target_gene,FALSE,FALSE,-,-,TRUE,FALSE
210268,EGFP-NIP45 delta-N1,RF,3,-,786,1670,295,spanning_target_gene,FALSE,FALSE,-,-,TRUE,FALSE
210469,INS-GFP-CD19-EPT,RF,1,-,4056,6323,756,spanning_target_gene,FALSE,FALSE,-,-,TRUE,FALSE
210813,pAdEasy-hALDOA D34S,RF,2,-,13563,14342,260,spanning_target_gene,FALSE,FALSE,-,-,TRUE,FALSE
210812,pAdEasy-hALDOA,RF,2,-,13434,14213,260,spanning_target_gene,FALSE,FALSE,-,-,TRUE,FALSE
210814,pAdEasy-hALDOA K230A,RF,2,-,13434,14213,260,spanning_target_gene,FALSE,FALSE,-,-,TRUE,FALSE
21153,human oct4-GFP,RF,1,-,8286,9122,279,spanning_target_gene,FALSE,FALSE,-,-,TRUE,FALSE
211711,pFBMBD1a-C-GFP (pc1564),RF,1,-,5943,6803,287,spanning_target_gene,FALSE,FALSE,-,-,TRUE,FALSE
211721,pFB_MBD2.1-GFP (pc2082),RF,3,-,4045,5337,431,spanning_target_gene,FALSE,FALSE,-,-,TRUE,FALSE
211713,pFBMBD3-C-GFP (pc1566),RF,1,-,4821,5738,306,spanning_target_gene,FALSE,FALSE,-,-,TRUE,FALSE
211712,pFB MBD2a-C-GFP (pc1565),RF,3,-,5047,6099,351,spanning_target_gene,FALSE,FALSE,-,-,TRUE,FALSE
211714,pFBMBD4-C-GFP (pc1567),RF,2,-,5738,6547,270,spanning_target_gene,FALSE,FALSE,-,-,TRUE,FALSE
211722,pFB_MBD2.2-GFP (pc2083),RF,2,-,4592,5644,351,spanning_target_gene,FALSE,FALSE,-,-,TRUE,FALSE
211718,pFB-MeCP2G.8 (pc1573),RF,3,+,2952,3809,286,spanning_target_gene,FALSE,FALSE,-,-,TRUE,FALSE
211719,pFB-MeCP2G.9 (pc1574),RF,1,-,4244,5290,349,spanning_target_gene,FALSE,FALSE,-,-,TRUE,FALSE
211724,pFB-MBD2.6G (pc2396),RF,3,-,4270,5118,283,spanning_target_gene,FALSE,FALSE,-,-,TRUE,FALSE
211735,pTwist GFP-Linker-VDAC1,CF+2,2,+,1277,2122,282,spanning_target_gene,TRUE,FALSE,5720,-,TRUE,FALSE
211728,pFBMeCP2G.10 (pc1577),RF,3,-,4278,5108,277,spanning_target_gene,FALSE,FALSE,-,-,TRUE,FALSE
211891,"pGS275_6xHis-EGFP-CENP-T[1-242/3D (T11, T27, T85)]",CF+2,1,+,205,1002,266,spanning_target_gene,FALSE,FALSE,-,-,TRUE,FALSE
211890,"pGS58_6xHis-EGFP-CENP-T[1-242/3D (T11, T27, T85)] - I3-01",CF+2,3,+,201,998,266,spanning_target_gene,FALSE,FALSE,-,-,TRUE,FALSE
211889,pGS140_6xHis-EGFP-I3-01,CF+2,3,+,198,995,266,spanning_target_gene,FALSE,FALSE,-,-,TRUE,FALSE
21276,Axin2-d2EGFP,RF,3,-,2168,2944,259,spanning_target_gene,FALSE,FALSE,-,-,TRUE,FALSE
21310,pHR'-NRSF-CITE-GFP,RF,2,-,9058,9927,290,spanning_target_gene,FALSE,FALSE,-,-,TRUE,FALSE
213021,PB-LacI-eGFP,RF,1,-,6087,6872,262,spanning_target_gene,FALSE,FALSE,-,-,TRUE,FALSE
213704,pTST-EGFP-GPIDAF,RF,3,-,447,1784,446,spanning_target_gene,FALSE,FALSE,-,-,TRUE,FALSE
213706,pTST-EGFP-GPIBY55,RF,3,-,447,1721,425,spanning_target_gene,FALSE,FALSE,-,-,TRUE,FALSE
213713,pGST-EGFP-GPIDAF,CF+2,2,+,1334,2197,288,spanning_target_gene,TRUE,TRUE,765,289,TRUE,TRUE
213713,pGST-EGFP-GPIDAF,RF,3,-,1260,2396,379,spanning_target_gene,FALSE,FALSE,-,-,TRUE,FALSE
213705,pTST-EGFP-GPICEAM7,RF,3,-,447,1769,441,spanning_target_gene,FALSE,FALSE,-,-,TRUE,FALSE
213718,pLKO.1-GST-EGFP-GPICEAM7,CF+2,2,+,1253,2140,296,spanning_target_gene,TRUE,TRUE,741,135,TRUE,TRUE
213717,pLKO.1-GST-EGFP-GPIBY55,CF+2,3,+,1221,2168,316,spanning_target_gene,TRUE,TRUE,709,60,TRUE,TRUE
213715,pGST-EGFP-GPICEAM7,CF+2,2,+,1340,2227,296,spanning_target_gene,TRUE,TRUE,771,244,TRUE,TRUE
213715,pGST-EGFP-GPICEAM7,RF,3,-,1266,2381,372,spanning_target_gene,FALSE,FALSE,-,-,TRUE,FALSE
213716,pLKO.1-GST-EGFP-GPIDAF,CF+2,3,+,1248,2111,288,spanning_target_gene,TRUE,TRUE,736,180,TRUE,TRUE
213719,psgRNA-GST-EGFP-GPIDAF,CF+2,2,+,1769,2632,288,spanning_target_gene,TRUE,TRUE,765,289,TRUE,TRUE
213719,psgRNA-GST-EGFP-GPIDAF,RF,2,-,1695,2831,379,spanning_target_gene,FALSE,FALSE,-,-,TRUE,FALSE
213711,pcDNA3.1-TST-EGFP-GPIBY55,CF+2,2,+,2189,3253,355,spanning_target_gene,FALSE,TRUE,1370,149,TRUE,FALSE
213709,pCRISPR/eCas9-GPIBY55,RF,2,-,6177,7451,425,spanning_target_gene,FALSE,FALSE,-,-,TRUE,FALSE
213714,pGST-EGFP-GPIBY55,CF+2,2,+,1307,2311,335,spanning_target_gene,TRUE,TRUE,738,112,TRUE,TRUE
213714,pGST-EGFP-GPIBY55,RF,3,-,1233,2333,367,spanning_target_gene,FALSE,FALSE,-,-,TRUE,FALSE
213723,pcDNA3.1-GST-EGFP-GPICEAM7,CF+2,2,+,2936,3823,296,spanning_target_gene,FALSE,TRUE,2117,239,TRUE,FALSE
213710,pCRISPR/eCas9-GPIDAF,RF,1,-,6206,7543,446,spanning_target_gene,FALSE,FALSE,-,-,TRUE,FALSE
213721,psgRNA-GST-EGFP-GPICEAM7,CF+2,2,+,1775,2662,296,spanning_target_gene,TRUE,TRUE,771,244,TRUE,TRUE
213721,psgRNA-GST-EGFP-GPICEAM7,RF,2,-,1701,2816,372,spanning_target_gene,FALSE,FALSE,-,-,TRUE,FALSE
213722,pcDNA3.1-GST-EGFP-GPIDAF,CF+2,2,+,2930,3793,288,spanning_target_gene,FALSE,TRUE,2111,284,TRUE,FALSE
213720,psgRNA-GST-EGFP-GPIBY55,CF+2,2,+,1742,2746,335,spanning_target_gene,TRUE,TRUE,738,112,TRUE,TRUE
213720,psgRNA-GST-EGFP-GPIBY55,RF,2,-,1668,2768,367,spanning_target_gene,FALSE,FALSE,-,-,TRUE,FALSE
213764,pPB-MGT4-d2EGFP_CMV-mCherry,RF,3,-,1394,2155,254,spanning_target_gene,FALSE,FALSE,-,-,TRUE,FALSE
213765,pPB-PNGT3-d2EGFP_CMV-mCherry,RF,2,-,1396,2157,254,spanning_target_gene,FALSE,FALSE,-,-,TRUE,FALSE
213763,pPB-MGT1-d2EGFP_CMV-mCherry,RF,1,-,1164,1925,254,spanning_target_gene,FALSE,FALSE,-,-,TRUE,FALSE
213766,pPB-CLGT3-d2EGFP_CMV-mCherry,RF,3,-,1394,2155,254,spanning_target_gene,FALSE,FALSE,-,-,TRUE,FALSE
214150,pMRX-hSTING (N154S)-EGFP,RF,3,+,5325,6206,294,spanning_target_gene,FALSE,FALSE,-,-,TRUE,FALSE
214149,pMRX-hSTING-EGFP,RF,3,+,5325,6206,294,spanning_target_gene,FALSE,FALSE,-,-,TRUE,FALSE
214387,pMK459 (dTAG-BromoTag-mAID-EGFP),RF,3,-,3336,4211,292,spanning_target_gene,FALSE,FALSE,-,-,TRUE,FALSE
214605,pcDNA3_pLyn_EGFP,CF+2,3,+,774,1715,314,spanning_target_gene,FALSE,TRUE,6128,54,TRUE,FALSE
214912,pKrox24(MapERK)d1EGFP (KroxDs),RF,1,-,1880,2845,322,spanning_target_gene,FALSE,TRUE,-,6637,TRUE,FALSE
214974,pKH142_EGFP-YIPF3 WT,CF+2,2,+,6749,7738,330,spanning_target_gene,TRUE,TRUE,2055,1953,TRUE,TRUE
214975,pKH143_EGFP-YIPF3 LIR mut,CF+2,2,-,7506,8495,330,spanning_target_gene,TRUE,TRUE,2055,1953,TRUE,TRUE
215051,EGFP-Cyclin D2,RF,3,-,1384,2673,430,spanning_target_gene,FALSE,FALSE,-,-,TRUE,FALSE
215055,EGFP,RF,1,-,1384,2181,266,spanning_target_gene,FALSE,FALSE,-,-,TRUE,FALSE
215054,EGFP-Cyclin F,RF,3,-,1384,2775,464,spanning_target_gene,FALSE,FALSE,-,-,TRUE,FALSE
21549,pcDNA3-EGFP-C4-Nrf2,CF+2,3,+,597,1577,327,spanning_target_gene,FALSE,TRUE,7927,1814,TRUE,FALSE
215898,pcDNA3.1-myc-GFP-TNRC6A-SD-CIM1-WT,RF,2,-,924,1688,255,spanning_target_gene,FALSE,FALSE,-,-,TRUE,FALSE
215554,GALT-APEX2,RF,3,-,9808,10812,335,spanning_target_gene,FALSE,TRUE,1804,4295,TRUE,FALSE
215902,pcDNA3.1-myc-GFP-TNRC6A-SD-CIM1-S1332A/S1346A,RF,2,-,924,1688,255,spanning_target_gene,FALSE,FALSE,-,-,TRUE,FALSE
215897,pcDNA3.1-myc-GFP-TNRC6A-SD-WT,RF,2,-,924,1688,255,spanning_target_gene,FALSE,FALSE,-,-,TRUE,FALSE
215900,pcDNA3.1-myc-GFP-TNRC6A-SD-CIM1-S1332A,RF,2,-,924,1688,255,spanning_target_gene,FALSE,FALSE,-,-,TRUE,FALSE
215904,pcDNA3.1-myc-GFP-TNRC6A-SD-S1616A/S1691A,RF,2,-,924,1688,255,spanning_target_gene,FALSE,FALSE,-,-,TRUE,FALSE
215901,pcDNA3.1-myc-GFP-TNRC6A-SD-CIM1-S1346A,RF,2,-,924,1688,255,spanning_target_gene,FALSE,FALSE,-,-,TRUE,FALSE
215905,pcDNA3.1-myc-GFP-TNRC6A-SD-S1332A/S1346A/S1616A/S1691A,RF,2,-,924,1688,255,spanning_target_gene,FALSE,FALSE,-,-,TRUE,FALSE
215903,pcDNA3.1-myc-GFP-TNRC6A-SD-S1332A/S1346A,RF,2,-,924,1688,255,spanning_target_gene,FALSE,FALSE,-,-,TRUE,FALSE
216260,pGW1-ExSYTE-EGFP-DTE,RF,1,-,4403,5422,340,spanning_target_gene,FALSE,FALSE,-,-,TRUE,FALSE
216262,pAAV-Syn-ExSYTE.H64A,RF,1,+,1060,2094,345,spanning_target_gene,FALSE,FALSE,-,-,TRUE,FALSE
216263,pAAV-Syn-FLEX-ExSYTE,RF,3,-,2613,3647,345,spanning_target_gene,TRUE,TRUE,841,2263,TRUE,TRUE
216258,pGW1-ExSYTE-P2A-EGFP-DTE,RF,1,-,4403,5437,345,spanning_target_gene,FALSE,FALSE,-,-,TRUE,FALSE
216474,p2705-AGER-eGFP,RF,2,-,4541,5503,321,spanning_target_gene,FALSE,TRUE,-,1183,TRUE,FALSE
216732,pLV(gRNA)-CMV-eGFP-U6(sgCTG),CF+2,2,+,2603,4207,535,spanning_target_gene,TRUE,TRUE,2192,60,TRUE,TRUE
217378,pcDNA3.4-GFP-TEV-B55,RF,1,-,724,1650,309,spanning_target_gene,FALSE,FALSE,-,-,TRUE,FALSE
217418,LEGO-pDHS-AP1x6-DUSP5,RF,2,-,6531,7412,294,spanning_target_gene,FALSE,FALSE,-,-,TRUE,FALSE
217413,LEGO-GM55,RF,2,-,5565,6446,294,spanning_target_gene,FALSE,FALSE,-,-,TRUE,FALSE
217526,pIVEX2.3-Theo-3c-EGFP,CF+2,2,-,1292,2170,293,spanning_target_gene,FALSE,FALSE,-,-,TRUE,FALSE
217414,LEGO-AP1x3-GM55,RF,1,-,5702,6583,294,spanning_target_gene,FALSE,FALSE,-,-,TRUE,FALSE
217419,LEGO-pDHS-ITDE-AP1x6-DUSP5,RF,2,-,6171,7052,294,spanning_target_gene,FALSE,FALSE,-,-,TRUE,FALSE
217416,LEGO-pDHS-AP1x6-GM55,RF,3,-,6211,7092,294,spanning_target_gene,FALSE,FALSE,-,-,TRUE,FALSE
217415,LEGO-AP1x6-GM55,RF,2,-,5700,6581,294,spanning_target_gene,FALSE,FALSE,-,-,TRUE,FALSE
217762,pEGFP-PRKCZ-C20 (N-PRKCZ-C20),RF,1,-,598,1626,343,spanning_target_gene,FALSE,FALSE,-,-,TRUE,FALSE
217755,pEGFP-KSR1-CA3 (N-KSR),RF,1,-,598,1554,319,spanning_target_gene,FALSE,FALSE,-,-,TRUE,FALSE
217769,pSbi-pur-EGFP-KSR1-CA3 (N-KSR),RF,2,-,5080,6036,319,spanning_target_gene,FALSE,TRUE,-,2628,TRUE,FALSE
217760,pEGFP-PRKCZ-C1 (N-PRKCZ-C1),RF,1,-,598,1647,350,spanning_target_gene,FALSE,FALSE,-,-,TRUE,FALSE
218213,Tol2_-87prox1a:basEGFP_Acry:GFP,RF,1,-,3543,4373,277,spanning_target_gene,FALSE,TRUE,-,2365,TRUE,FALSE
218681,AAV-SYN-eGFP-oPRE,RF,1,-,567,1466,300,spanning_target_gene,FALSE,FALSE,-,-,TRUE,FALSE
218712,pEGFP-C1-BBS2,RF,3,-,598,1500,301,spanning_target_gene,FALSE,FALSE,-,-,TRUE,FALSE
218713,pEGFP-C1-BBS4,RF,3,-,598,1473,292,spanning_target_gene,FALSE,FALSE,-,-,TRUE,FALSE
218725,pCAG-EGFP-C-IFT52,CF+2,3,+,1491,2585,365,spanning_target_gene,TRUE,TRUE,828,1432,TRUE,TRUE
218722,pEGFP-C1-IFT27,RF,3,-,598,1440,281,spanning_target_gene,FALSE,FALSE,-,-,TRUE,FALSE
218729,pCAG-EGFP-C-IFT70B,CF+2,3,+,1491,2609,373,spanning_target_gene,TRUE,TRUE,828,2071,TRUE,TRUE
218723,pEGFP-C1-IFT38,RF,3,-,598,1578,327,spanning_target_gene,FALSE,FALSE,-,-,TRUE,FALSE
218724,pCAG-EGFP-C-IFT46,CF+2,2,+,1472,2470,333,spanning_target_gene,TRUE,TRUE,828,1261,TRUE,TRUE
218732,pCAG-EGFP-C-IFT81,CF+2,3,+,1491,2489,333,spanning_target_gene,TRUE,TRUE,828,2224,TRUE,TRUE
218734,pCAG-EGFP-C-IFT172,RF,1,-,1725,2624,300,spanning_target_gene,FALSE,FALSE,-,-,TRUE,FALSE
218738,pCAG2-EGFP-C-IFT139,RF,1,-,1725,2555,277,spanning_target_gene,FALSE,FALSE,-,-,TRUE,FALSE
218730,pCAG-EGFP-C-IFT74,CF+2,2,+,1490,2785,432,spanning_target_gene,TRUE,TRUE,828,1699,TRUE,TRUE
218733,pCAG-EGFP-C-IFT88,CF+2,1,+,1492,2502,337,spanning_target_gene,TRUE,TRUE,828,2683,TRUE,TRUE
218733,pCAG-EGFP-C-IFT88,RF,3,-,1736,2647,304,spanning_target_gene,FALSE,FALSE,-,-,TRUE,FALSE
218741,pEGFP-C1-TULP3,RF,1,-,598,1395,266,spanning_target_gene,FALSE,FALSE,-,-,TRUE,FALSE
218753,pAAV-hSyn-ConVERGD-ConFonvConNon-eGFP-W3SL,RF,1,+,3205,4056,284,spanning_target_gene,FALSE,FALSE,-,-,TRUE,FALSE
218752,pAAV-hSyn-ConVERGD-ConFonvCon-eGFP-W3SL,RF,1,-,1431,2282,284,spanning_target_gene,FALSE,FALSE,-,-,TRUE,FALSE
219640,pSEED-mScarlet3,RF,3,-,1459,2313,285,spanning_target_gene,FALSE,FALSE,-,-,TRUE,FALSE
220077,EGFP-1-SAC1deltaTMD-Fis1tail,RF,2,-,598,1380,261,spanning_target_gene,FALSE,FALSE,-,-,TRUE,FALSE
219828,LncRNA overexpression EF1α_BbsI_SV40 polyA_EGFP,CF+2,3,-,2574,3476,301,spanning_target_gene,FALSE,TRUE,3388,1377,TRUE,FALSE
220221,pssAAV_Seq17_CMV_bglobin_3NLS_GFP_WPRE_polyA,CF+2,2,+,2336,3244,303,spanning_target_gene,TRUE,TRUE,497,647,TRUE,TRUE
221012,pDNA5-FRT/TO-eGFP-TONSL,RF,3,-,963,2009,349,spanning_target_gene,FALSE,FALSE,-,-,TRUE,FALSE
22141,pEGFP-C1-A20,RF,1,-,613,1677,355,spanning_target_gene,FALSE,FALSE,-,-,TRUE,FALSE
221566,OpenCRISPR-1 sgRNA-16nt stem,CF+2,3,+,3057,3917,287,spanning_target_gene,TRUE,FALSE,5056,-,TRUE,FALSE
221567,OpenCRISPR-1 sgRNA-12nt stem,CF+2,3,+,3048,3908,287,spanning_target_gene,TRUE,FALSE,5048,-,TRUE,FALSE
221750,pMRXIP-GFP-2xFYVE,RF,1,-,1847,3232,462,spanning_target_gene,FALSE,FALSE,-,-,TRUE,FALSE
221757,pMRXIP-GFP-TAPP1(PHD),RF,3,-,1775,3427,551,spanning_target_gene,FALSE,FALSE,-,-,TRUE,FALSE
222393,pLV-EGFP-Human-UTROPHIN_1-261,RF,1,-,3509,4339,277,spanning_target_gene,FALSE,FALSE,-,-,TRUE,FALSE
222601,MAC3-C-GFP,CF+2,3,+,549,1586,346,spanning_target_gene,FALSE,TRUE,6555,746,TRUE,FALSE
222601,MAC3-C-GFP,RF,1,-,808,1638,277,spanning_target_gene,FALSE,FALSE,-,-,TRUE,FALSE
222496,pMX-Sox17-p2A-Erg-t2A-GFP,CF+2,2,+,4748,5515,256,spanning_target_gene,TRUE,TRUE,4132,37,TRUE,TRUE
22293,pEGFPC1-FLAG-Synaptojanin 1-145,RF,1,-,538,1422,295,spanning_target_gene,FALSE,FALSE,-,-,TRUE,FALSE
223018,GFP-VCF1 WT,RF,1,-,896,1897,334,spanning_target_gene,FALSE,FALSE,-,-,TRUE,FALSE
223160,pBK1340-LV-DUAL-dGFP-NanoLuc-Puro,RF,1,-,4665,5489,275,spanning_target_gene,FALSE,FALSE,-,-,TRUE,FALSE
223000,PEmax_AAVS1_knockin_HDR_donor,RF,1,-,10229,11083,285,spanning_target_gene,FALSE,FALSE,-,-,TRUE,FALSE
223019,GFP-VCF1 N167A,RF,1,-,896,1897,334,spanning_target_gene,FALSE,FALSE,-,-,TRUE,FALSE
223225,pAAV-GFAP-eGFP-shAqp4-4,CF+2,3,+,2313,3296,328,spanning_target_gene,FALSE,TRUE,-,739,TRUE,FALSE
223225,pAAV-GFAP-eGFP-shAqp4-4,RF,1,-,2539,3336,266,spanning_target_gene,FALSE,FALSE,-,-,TRUE,FALSE
223001,PE7_AAVS1_knockin_HDR_donor,RF,2,-,10929,11783,285,spanning_target_gene,FALSE,FALSE,-,-,TRUE,FALSE
223224,pAAV-GFAP-eGFP-shAqp4-3,CF+2,1,+,2314,3297,328,spanning_target_gene,FALSE,TRUE,-,739,TRUE,FALSE
223222,pAAV-GFAP-eGFP-shLacZ,CF+2,1,+,2314,3297,328,spanning_target_gene,FALSE,TRUE,-,739,TRUE,FALSE
223223,pAAV-GFAP-eGFP-shAqp4-1,CF+2,1,+,2314,3297,328,spanning_target_gene,FALSE,TRUE,-,739,TRUE,FALSE
223334,CP2,RF,1,+,55,1956,634,spanning_target_gene,FALSE,FALSE,-,-,TRUE,FALSE
223332,MT4,RF,3,+,111,1025,305,spanning_target_gene,FALSE,FALSE,-,-,TRUE,FALSE
223338,PX2,RF,3,+,1149,2108,320,spanning_target_gene,FALSE,FALSE,-,-,TRUE,FALSE
224070,TLNRD1(FL)_pEGFP-C1,RF,1,-,598,1728,377,spanning_target_gene,FALSE,FALSE,-,-,TRUE,FALSE
223712,pRRL-SV40-Puro-CMV-mCherry-EGFP-LC3B,RF,3,+,5781,7484,568,spanning_target_gene,FALSE,FALSE,-,-,TRUE,FALSE
22453,pENTRbasEGFP,RF,3,-,746,1576,277,spanning_target_gene,FALSE,FALSE,-,-,TRUE,FALSE
22450,pENTREGFP2,CF+2,1,+,628,1479,284,spanning_target_gene,FALSE,FALSE,-,-,TRUE,FALSE
22450,pENTREGFP2,RF,2,-,671,1516,282,spanning_target_gene,FALSE,FALSE,-,-,TRUE,FALSE
224407,pBa.M6PR-GFP,RF,1,-,3188,4015,276,spanning_target_gene,FALSE,FALSE,-,-,TRUE,FALSE
224519,pME-EGFP-P2A-iCre (JDW 921),CF+2,2,+,641,1414,258,spanning_target_gene,FALSE,FALSE,-,-,TRUE,FALSE
224540,pME nls EGFP WPRE bGH pA (JDW 488),CF+2,1,+,628,1557,310,spanning_target_gene,FALSE,TRUE,-,578,TRUE,FALSE
224581,pEZYeGFP-SARS-CoV-2E stop,RF,1,-,598,1686,363,spanning_target_gene,FALSE,FALSE,-,-,TRUE,FALSE
224580,pEZYeGFP-SARS-CoV-2E,RF,1,-,598,1686,363,spanning_target_gene,FALSE,FALSE,-,-,TRUE,FALSE
224582,pEZYeGFP-SARS-CoV-2E GGG,RF,1,-,598,1686,363,spanning_target_gene,FALSE,FALSE,-,-,TRUE,FALSE
224588,VPS13B^GFP,RF,2,-,8666,9838,391,spanning_target_gene,FALSE,FALSE,-,-,TRUE,FALSE
224782,LPUtopia-7_CoV-2,RF,2,-,9133,28,269,spanning_target_gene,FALSE,FALSE,-,-,TRUE,FALSE
225528,pHM126,RF,2,-,48,977,310,spanning_target_gene,FALSE,TRUE,-,3456,TRUE,FALSE
225529,pHM130,RF,1,-,1035,1916,294,spanning_target_gene,FALSE,TRUE,-,5065,TRUE,FALSE
225670,18065-M35-412,RF,3,-,3149,4138,330,spanning_target_gene,FALSE,FALSE,-,-,TRUE,FALSE
225751,pGF-GAS4X,RF,2,+,6797,7594,266,spanning_target_gene,FALSE,FALSE,-,-,TRUE,FALSE
226258,Linear-GFP,RF,1,-,245,1033,263,spanning_target_gene,FALSE,FALSE,-,-,TRUE,FALSE
226404,pEGFPC1 MOSPD1,RF,2,-,594,1364,257,spanning_target_gene,FALSE,FALSE,-,-,TRUE,FALSE
227012,pFUGW hUbC-Sub-dCas9-KRAB-T2A-GFP,RF,3,-,7261,8538,426,spanning_target_gene,FALSE,FALSE,-,-,TRUE,FALSE
227009,pFUGW hUbC-Sga-dCas9-KRAB-T2A-GFP,RF,3,-,7285,8562,426,spanning_target_gene,FALSE,FALSE,-,-,TRUE,FALSE
227011,pFUGW hUbC-Spa-dCas9-KRAB-T2A-GFP,RF,3,-,7315,8592,426,spanning_target_gene,FALSE,FALSE,-,-,TRUE,FALSE
227010,pFUGW hUbC-Sin-dCas9-KRAB-T2A-GFP,RF,3,-,7999,9276,426,spanning_target_gene,FALSE,FALSE,-,-,TRUE,FALSE
22745,pAdTrack-CMV FLAG Rev-Erb alpha,RF,2,-,6765,7544,260,spanning_target_gene,FALSE,FALSE,-,-,TRUE,FALSE
228453,pIVEX2.3-CS2-3c-ON8-EGFP,CF+2,2,+,407,1552,382,spanning_target_gene,FALSE,FALSE,-,-,TRUE,FALSE
228452,pIVEX2.3-CS1M2b-3c-ON8-EGFP,CF+2,2,+,407,1555,383,spanning_target_gene,FALSE,FALSE,-,-,TRUE,FALSE
228813,EGFP_EHMT1V09,RF,3,+,1947,2804,286,spanning_target_gene,FALSE,FALSE,-,-,TRUE,FALSE
22914,pAAV-fPV-GFP,CF+2,3,+,3198,4118,307,spanning_target_gene,FALSE,TRUE,-,66,TRUE,FALSE
22919,pAAV-hPDGFRA-GFP,CF+2,2,+,3314,4234,307,spanning_target_gene,FALSE,TRUE,-,66,TRUE,FALSE
22912,pAAV-fNPY-GFP,CF+2,2,+,3320,4240,307,spanning_target_gene,FALSE,TRUE,-,66,TRUE,FALSE
229408,FLAG-MKI-MUT-P2A-GFP-DOX-N,RF,3,-,2788,3843,352,spanning_target_gene,FALSE,FALSE,-,-,TRUE,FALSE
228878,pInducer20_EGFP,RF,3,-,2761,3651,297,spanning_target_gene,FALSE,FALSE,-,-,TRUE,FALSE
229406,FLAG-MKI-MUT-P2A-GFP,RF,3,-,2689,3789,367,spanning_target_gene,FALSE,FALSE,-,-,TRUE,FALSE
229435,sgMARK2-R-2,RF,1,-,2672,3877,402,spanning_target_gene,FALSE,FALSE,-,-,TRUE,FALSE
229407,FLAG-MKI-P2A-GFP-DOX-N,RF,3,-,2788,3843,352,spanning_target_gene,FALSE,FALSE,-,-,TRUE,FALSE
229437,sgMARK3-R-1,RF,1,-,2671,3876,402,spanning_target_gene,FALSE,FALSE,-,-,TRUE,FALSE
229434,sgMARK2-R-1,RF,2,-,2672,3877,402,spanning_target_gene,FALSE,FALSE,-,-,TRUE,FALSE
229405,FLAG-MKI-P2A-GFP,RF,3,-,2689,3789,367,spanning_target_gene,FALSE,FALSE,-,-,TRUE,FALSE
229439,sgMARK3-R-3,RF,1,-,2671,3876,402,spanning_target_gene,FALSE,FALSE,-,-,TRUE,FALSE
229436,sgMARK2-R-3,RF,2,-,2672,3877,402,spanning_target_gene,FALSE,FALSE,-,-,TRUE,FALSE
229438,sgMARK3-R-2,RF,1,-,2671,3876,402,spanning_target_gene,FALSE,FALSE,-,-,TRUE,FALSE
229441,sgMARK2-3-2,RF,1,-,2671,3876,402,spanning_target_gene,FALSE,FALSE,-,-,TRUE,FALSE
229440,sgMARK2-3-1,RF,1,-,2671,3876,402,spanning_target_gene,FALSE,FALSE,-,-,TRUE,FALSE
229443,sgCDK1-ROSA,RF,2,-,2672,3877,402,spanning_target_gene,FALSE,FALSE,-,-,TRUE,FALSE
229447,sgYAP-R-3,RF,2,-,2672,3877,402,spanning_target_gene,FALSE,FALSE,-,-,TRUE,FALSE
229446,sgYAP-R-2,RF,2,-,2672,3877,402,spanning_target_gene,FALSE,FALSE,-,-,TRUE,FALSE
229442,sgMARK2-3-3,RF,1,-,2671,3876,402,spanning_target_gene,FALSE,FALSE,-,-,TRUE,FALSE
229448,sgTAZ-R-1,RF,2,-,2672,3877,402,spanning_target_gene,FALSE,FALSE,-,-,TRUE,FALSE
229449,sgTAZ-R-2,RF,2,-,2672,3877,402,spanning_target_gene,FALSE,FALSE,-,-,TRUE,FALSE
229453,sgYAP-TAZ-3,RF,2,-,2672,3877,402,spanning_target_gene,FALSE,FALSE,-,-,TRUE,FALSE
229452,sgYAP-TAZ-2,RF,2,-,2672,3877,402,spanning_target_gene,FALSE,FALSE,-,-,TRUE,FALSE
229450,sgTAZ-R-3,RF,2,-,2672,3877,402,spanning_target_gene,FALSE,FALSE,-,-,TRUE,FALSE
229498,Bidirectional MYC 5'UTR Dual Fluorescence Reporter,RF,1,-,5277,6176,300,spanning_target_gene,FALSE,TRUE,8545,2868,TRUE,FALSE
22958,pEGFP-C1-mApg5,RF,1,-,538,1530,331,spanning_target_gene,FALSE,FALSE,-,-,TRUE,FALSE
229696,GFP-α-cateninV-,RF,3,-,598,1368,257,spanning_target_gene,FALSE,FALSE,-,-,TRUE,FALSE
229709,GFP-α-cateninWT,RF,3,-,598,1368,257,spanning_target_gene,FALSE,FALSE,-,-,TRUE,FALSE
229697,GFP-α-cateninA+,RF,3,-,598,1368,257,spanning_target_gene,FALSE,FALSE,-,-,TRUE,FALSE
229799,Bxb1-GA_CAG-EGFP,CF+2,3,+,3378,4517,380,spanning_target_gene,TRUE,TRUE,828,17,TRUE,TRUE
229799,Bxb1-GA_CAG-EGFP,RF,2,-,3586,4521,312,spanning_target_gene,FALSE,FALSE,-,-,TRUE,FALSE
229698,GFP-α-cateninA-,RF,3,-,598,1368,257,spanning_target_gene,FALSE,FALSE,-,-,TRUE,FALSE
229851,Kif1A-EGFP-SNAP,RF,3,-,4579,5976,466,spanning_target_gene,FALSE,FALSE,-,-,TRUE,FALSE
229852,Kif3A-EGFP-SNAP,RF,3,-,4552,5949,466,spanning_target_gene,FALSE,FALSE,-,-,TRUE,FALSE
229704,GFP-α-cateninA+ΔβH,RF,3,-,598,1368,257,spanning_target_gene,FALSE,FALSE,-,-,TRUE,FALSE
229705,GFP-α-cateninΔβH,RF,3,-,598,1368,257,spanning_target_gene,FALSE,FALSE,-,-,TRUE,FALSE
23001,pEGFPC1-6XHis-FLKSRP,RF,1,-,538,1308,257,spanning_target_gene,FALSE,FALSE,-,-,TRUE,FALSE
231707,pVSVΔG-eGFP-linker,CF+2,3,+,3747,4505,253,spanning_target_gene,FALSE,FALSE,-,-,TRUE,FALSE
231707,pVSVΔG-eGFP-linker,RF,3,-,3757,4518,254,spanning_target_gene,FALSE,FALSE,-,-,TRUE,FALSE
231891,GFP-polyQ23-NLS,RF,1,-,598,1584,329,spanning_target_gene,FALSE,FALSE,-,-,TRUE,FALSE
231574,PAC_E83_LOV_eGFP,CF+2,1,+,403,1179,259,spanning_target_gene,TRUE,TRUE,1206,51,TRUE,TRUE
231892,GFP-polyQ74-NLS,RF,2,-,4083,182,344,spanning_target_gene,FALSE,FALSE,-,-,TRUE,FALSE
232460,pLenti-EGFP-SnxA,RF,1,-,3533,4855,441,spanning_target_gene,FALSE,FALSE,-,-,TRUE,FALSE
232633,rTetR-GFP-p65,CF+2,2,+,1292,2107,272,spanning_target_gene,TRUE,TRUE,637,994,TRUE,TRUE
232755,EWSR1_IDR-EGFP,RF,2,-,8329,9885,519,spanning_target_gene,FALSE,FALSE,-,-,TRUE,FALSE
232757,NONO1_IDR-EGFP,RF,2,-,8773,10224,484,spanning_target_gene,FALSE,FALSE,-,-,TRUE,FALSE
232760,NUP98b_IDR-EGFP,RF,2,-,8749,10017,423,spanning_target_gene,FALSE,FALSE,-,-,TRUE,FALSE
232754,EGFP,RF,2,-,7504,9087,528,spanning_target_gene,FALSE,FALSE,-,-,TRUE,FALSE
232756,SS18_IDR-EGFP,RF,2,-,8944,10323,460,spanning_target_gene,FALSE,FALSE,-,-,TRUE,FALSE
232758,NONO2_IDR-EGFP,RF,2,-,8773,10374,534,spanning_target_gene,FALSE,FALSE,-,-,TRUE,FALSE
232759,NUP98a_IDR-EGFP,RF,2,-,9322,10620,433,spanning_target_gene,FALSE,FALSE,-,-,TRUE,FALSE
233208,pLARRYv2-EGFP,RF,3,-,2917,3861,315,spanning_target_gene,FALSE,FALSE,-,-,TRUE,FALSE
233300,Ubi:ccdb-eGFP + mcherry,RF,2,-,6672,7448,259,spanning_target_gene,FALSE,FALSE,-,-,TRUE,FALSE
233310,Ubi:ccdb-eGFP + RUBY,RF,2,-,6672,7448,259,spanning_target_gene,FALSE,FALSE,-,-,TRUE,FALSE
233317,DEXsynth:ccdb-eGFP + RUBY,RF,3,-,8824,9600,259,spanning_target_gene,FALSE,FALSE,-,-,TRUE,FALSE
233312,DEXsynth:ccdb-eGFP + mcherry,RF,3,-,8824,9600,259,spanning_target_gene,FALSE,FALSE,-,-,TRUE,FALSE
235611,pCAGEN_GFP,CF+2,3,+,1650,2630,327,spanning_target_gene,TRUE,TRUE,988,17,TRUE,TRUE
235611,pCAGEN_GFP,RF,2,-,1714,2634,307,spanning_target_gene,FALSE,FALSE,-,-,TRUE,FALSE
236506,GFP-cCGN-Myc,RF,2,+,6971,7762,264,spanning_target_gene,FALSE,FALSE,-,-,TRUE,FALSE
236507,GFP-hCGN,RF,2,+,6929,7738,270,spanning_target_gene,FALSE,FALSE,-,-,TRUE,FALSE
236511,GFP-mCGN,RF,3,+,6456,7310,285,spanning_target_gene,FALSE,FALSE,-,-,TRUE,FALSE
236516,GFP-cCGNL1-Myc,RF,2,+,7055,8077,341,spanning_target_gene,FALSE,FALSE,-,-,TRUE,FALSE
236529,GFP-mZO-1(9-1745)-Myc-His,RF,2,+,8465,9340,292,spanning_target_gene,FALSE,FALSE,-,-,TRUE,FALSE
236530,GFP-mZO-1(9-1665)-Myc-His,RF,1,+,9256,10131,292,spanning_target_gene,FALSE,FALSE,-,-,TRUE,FALSE
236736,pAG GST EGFP,CF+2,1,+,4561,5373,271,spanning_target_gene,FALSE,FALSE,-,-,TRUE,FALSE
236526,GFP-mCGN-mCGNL1-Rod1-Myc,RF,2,-,4579,5433,285,spanning_target_gene,FALSE,FALSE,-,-,TRUE,FALSE
236536,GFP-mCAMSAP3-Myc,RF,2,+,6959,7873,305,spanning_target_gene,FALSE,FALSE,-,-,TRUE,FALSE
24061,CX3CR1-EGFP,RF,2,-,1241,2080,280,spanning_target_gene,FALSE,TRUE,-,14074,TRUE,FALSE
24064,MSCV-Cre,RF,2,-,6130,6936,269,spanning_target_gene,FALSE,FALSE,-,-,TRUE,FALSE
24987,pEX-GFP-hLC3WT,RF,3,-,2008,2925,306,spanning_target_gene,FALSE,FALSE,-,-,TRUE,FALSE
25040,pBabe-puro-miR-9 sponge,RF,2,-,1321,2238,306,spanning_target_gene,FALSE,FALSE,-,-,TRUE,FALSE
25031,pT7-EGFP-C1-HsDCP2,RF,1,-,708,1583,292,spanning_target_gene,FALSE,FALSE,-,-,TRUE,FALSE
26646,pCAG-Cre-IRES2-GFP,RF,2,-,3376,4332,319,spanning_target_gene,FALSE,FALSE,-,-,TRUE,FALSE
26164,CMV-d2eGFP-empty,RF,2,-,5009,5776,256,spanning_target_gene,FALSE,FALSE,-,-,TRUE,FALSE
25791,pLL3.7_hsa-miR-34a,RF,1,-,3842,4612,257,spanning_target_gene,FALSE,FALSE,-,-,TRUE,FALSE
26673,pEGFP-C1-Fibrillarin,RF,1,-,538,1599,354,spanning_target_gene,FALSE,FALSE,-,-,TRUE,FALSE
26719,pEGFPc2 mAbp1,RF,1,-,598,1797,400,spanning_target_gene,FALSE,FALSE,-,-,TRUE,FALSE
26722,GFP-cortactin,RF,3,-,589,1380,264,spanning_target_gene,FALSE,FALSE,-,-,TRUE,FALSE
27121,pMS2-GFP,RF,1,-,1128,2027,300,spanning_target_gene,FALSE,FALSE,-,-,TRUE,FALSE
27305,pDEST/N1-hBIN1-GFP,CF+2,2,+,2015,2773,253,spanning_target_gene,TRUE,TRUE,1454,105,TRUE,TRUE
26821,pcDNA3.3_d2eGFP,RF,3,-,648,1553,302,spanning_target_gene,FALSE,FALSE,-,-,TRUE,FALSE
27219,GFP-TREX1,RF,1,+,1903,2934,344,spanning_target_gene,FALSE,FALSE,-,-,TRUE,FALSE
27347,LeGO-G,RF,2,-,3405,4280,292,spanning_target_gene,FALSE,FALSE,-,-,TRUE,FALSE
27220,GFP-TREX1(D18N),RF,1,-,598,1629,344,spanning_target_gene,FALSE,FALSE,-,-,TRUE,FALSE
28045,EGFP-Rab5A S34N,CF+2,1,+,4483,5334,284,spanning_target_gene,FALSE,TRUE,6703,719,TRUE,FALSE
28049,EGFP-Rab7A Q67L,CF+2,3,-,6449,580,304,spanning_target_gene,FALSE,TRUE,6735,691,TRUE,FALSE
28048,EGFP-Rab7A T22N,CF+2,1,+,772,1683,304,spanning_target_gene,FALSE,TRUE,6735,691,TRUE,FALSE
28047,EGFP-Rab7A,CF+2,1,+,772,1683,304,spanning_target_gene,FALSE,TRUE,6735,691,TRUE,FALSE
28046,EGFP-Rab5A Q79L,CF+2,2,+,776,1627,284,spanning_target_gene,FALSE,TRUE,6703,719,TRUE,FALSE
30112,pEGFP-IQGAP1,RF,1,-,1340,2218,293,spanning_target_gene,FALSE,FALSE,-,-,TRUE,FALSE
30313,pEGFP ZO1,RF,3,+,6777,7670,298,spanning_target_gene,FALSE,FALSE,-,-,TRUE,FALSE
29435,Lenti-sh1368 knockdown c-myc,RF,1,-,4114,5004,297,spanning_target_gene,FALSE,FALSE,-,-,TRUE,FALSE
31796,pDest-eGFP-N1,CF+2,3,+,2367,3125,253,spanning_target_gene,TRUE,TRUE,1740,105,TRUE,TRUE
32500,pEGFP-N1-TrkB,CF+2,2,+,3023,3952,310,spanning_target_gene,TRUE,TRUE,2454,105,TRUE,TRUE
32702,pMSCV-loxp-dsRed-loxp-eGFP-Puro-WPRE,RF,3,-,2239,3135,299,spanning_target_gene,FALSE,FALSE,-,-,TRUE,FALSE
33238,pEGFP-ATXN1-30Q,RF,1,-,538,1488,317,spanning_target_gene,FALSE,FALSE,-,-,TRUE,FALSE
33239,pEGFP-ATXN1-2Q,RF,1,-,598,1548,317,spanning_target_gene,FALSE,FALSE,-,-,TRUE,FALSE
34857,pTRE_GFP-GluR1,CF+2,1,+,3835,4743,303,spanning_target_gene,TRUE,TRUE,428,3379,TRUE,TRUE
35491,TOP-GFP.mC,RF,2,-,1995,2837,281,spanning_target_gene,FALSE,FALSE,-,-,TRUE,FALSE
35492,FOP-GFP.mC,RF,3,-,4214,5056,281,spanning_target_gene,FALSE,FALSE,-,-,TRUE,FALSE
36155,pEGFP-Sec16A,RF,3,-,598,1704,369,spanning_target_gene,FALSE,FALSE,-,-,TRUE,FALSE
36189,pEGFP.N1-HDAC6.DC (catalytic deficient),CF+2,2,+,3926,5008,361,spanning_target_gene,TRUE,TRUE,3402,105,TRUE,TRUE
38194,pMXs-puro-EGFP-FAK,CF+2,1,+,484,1542,353,spanning_target_gene,TRUE,TRUE,967,4268,TRUE,TRUE
38196,pMXs-IP-EGFP-mAtg5,RF,3,-,1905,2963,353,spanning_target_gene,FALSE,FALSE,-,-,TRUE,FALSE
38277,pMXs-puro GFP-p62,CF+2,2,+,1070,2665,532,spanning_target_gene,TRUE,TRUE,475,2457,TRUE,TRUE
38277,pMXs-puro GFP-p62,RF,2,-,1872,3245,458,spanning_target_gene,FALSE,FALSE,-,-,TRUE,FALSE
38269,pMXs-puro GFP-DFCP1,CF+2,2,+,1091,2641,517,spanning_target_gene,TRUE,TRUE,475,3455,TRUE,TRUE
38777,pNestin-EGFP,CF+2,1,+,2185,3015,277,spanning_target_gene,FALSE,TRUE,-,105,TRUE,FALSE
38282,pMXs-puro GFP-p62 dC,RF,1,-,1884,3254,457,spanning_target_gene,FALSE,FALSE,-,-,TRUE,FALSE
38296,pMK782 Septin6-GFP,RF,1,+,2371,3264,298,spanning_target_gene,FALSE,FALSE,-,-,TRUE,FALSE
40037,pEGFP-C1 hSlp4-a C2AB,RF,2,-,651,1505,285,spanning_target_gene,FALSE,FALSE,-,-,TRUE,FALSE
40262,pEGFP-Q74,RF,3,-,605,1723,373,spanning_target_gene,FALSE,FALSE,-,-,TRUE,FALSE
40261,pEGFP-Q23,RF,3,-,605,1570,322,spanning_target_gene,FALSE,FALSE,-,-,TRUE,FALSE
40038,pEGFP-C1 hSlp4-a C2A,RF,1,-,652,1506,285,spanning_target_gene,FALSE,FALSE,-,-,TRUE,FALSE
40975,PBGFAP-eGFP,RF,3,+,3324,4352,343,spanning_target_gene,FALSE,FALSE,-,-,TRUE,FALSE
40976,PBMBP-eGFP,CF+2,2,+,1700,2698,333,spanning_target_gene,FALSE,TRUE,-,17,TRUE,FALSE
40976,PBMBP-eGFP,RF,2,-,1758,2702,315,spanning_target_gene,FALSE,FALSE,-,-,TRUE,FALSE
40907,pDEST/hCx43-EGFP-N1,CF+2,2,+,1862,2620,253,spanning_target_gene,TRUE,TRUE,1235,105,TRUE,TRUE
40973,PBCAG-eGFP,CF+2,3,+,2070,3050,327,spanning_target_gene,TRUE,TRUE,988,17,TRUE,TRUE
40973,PBCAG-eGFP,RF,1,-,2134,3054,307,spanning_target_gene,FALSE,FALSE,-,-,TRUE,FALSE
41163,pEGFP PICH (Nigg CB62),RF,3,-,538,1350,271,spanning_target_gene,FALSE,FALSE,-,-,TRUE,FALSE
41943,MSCV-CMV-DsRed-IRES-d4EGFP,RF,1,-,1896,2723,276,spanning_target_gene,TRUE,TRUE,1028,5369,TRUE,TRUE
41942,MSCV-CMV-DsRed-IRES-d1EGFP,RF,1,-,1896,2723,276,spanning_target_gene,TRUE,TRUE,1028,5369,TRUE,TRUE
45561,pEGFP-puro,RF,2,-,608,2005,466,spanning_target_gene,FALSE,FALSE,-,-,TRUE,FALSE
45567,pIRES-EGFP-puro,RF,3,-,1099,2580,494,spanning_target_gene,FALSE,FALSE,-,-,TRUE,FALSE
46948,pINDUCER21 (ORF-EG),CF+2,1,+,7267,8358,364,spanning_target_gene,TRUE,TRUE,1384,839,TRUE,TRUE
46959,pEGFP-C1-FLAG-XRCC4,RF,3,-,661,1524,288,spanning_target_gene,FALSE,FALSE,-,-,TRUE,FALSE
47395,GFP-Intersectin Long,RF,2,-,664,1506,281,spanning_target_gene,FALSE,FALSE,-,-,TRUE,FALSE
47394,GFP-Intersectin Short,RF,3,-,614,1456,281,spanning_target_gene,FALSE,FALSE,-,-,TRUE,FALSE
47608,EGFPC1-hMyoX,RF,1,-,598,1674,359,spanning_target_gene,FALSE,FALSE,-,-,TRUE,FALSE
47684,12XCSL-d1EGFP,RF,2,-,482,1327,282,spanning_target_gene,FALSE,FALSE,-,-,TRUE,FALSE
49056,AAV-GFP/Cre,CF+2,3,+,1482,2333,284,spanning_target_gene,TRUE,TRUE,579,1153,TRUE,TRUE
48201,CAG-GFP-IRES-CRE,CF+2,1,+,3271,4320,350,spanning_target_gene,TRUE,TRUE,827,2211,TRUE,TRUE
50465,pAAV-hSyn-EGFP,CF+2,1,+,205,1398,398,spanning_target_gene,FALSE,TRUE,4842,618,TRUE,FALSE
51302,pINDUCER21-HOXA9,CF+2,3,+,6948,8039,364,spanning_target_gene,TRUE,TRUE,1375,839,TRUE,TRUE
51301,pINDUCER21-ERG,CF+2,3,+,7611,8702,364,spanning_target_gene,TRUE,TRUE,1390,839,TRUE,TRUE
51303,pINDUCER21-RORA,CF+2,2,+,7748,8839,364,spanning_target_gene,TRUE,TRUE,1395,839,TRUE,TRUE
51509,AAV phSyn1(S)-FLEX-tdTomato-T2A-SypEGFP-WPRE,CF+2,1,-,6235,7338,368,spanning_target_gene,FALSE,FALSE,-,-,TRUE,FALSE
51305,pINDUCER21-MYB,CF+2,2,+,8420,9511,364,spanning_target_gene,TRUE,TRUE,1395,839,TRUE,TRUE
53128,pGfa2-EGFP,CF+2,3,+,1563,2564,334,spanning_target_gene,FALSE,FALSE,-,-,TRUE,FALSE
52473,pAAV-synP-FLEX-splitTVA-EGFP-B19G,RF,2,+,1829,3268,480,spanning_target_gene,TRUE,TRUE,1602,714,TRUE,TRUE
51304,pINDUCER21-SOX4,CF+2,1,+,6955,8046,364,spanning_target_gene,TRUE,TRUE,1391,839,TRUE,TRUE
52343,AAVS1-TRE3G-EGFP,RF,2,+,2771,3664,298,spanning_target_gene,FALSE,TRUE,10122,2866,TRUE,FALSE
55759,pALB-GFP,CF+2,1,-,5535,6449,305,spanning_target_gene,FALSE,TRUE,-,105,TRUE,FALSE
54762,EGFP-pBAD,RF,3,-,1809,2852,348,spanning_target_gene,FALSE,FALSE,-,-,TRUE,FALSE
52506,pDEST pcDNA5-FRT/TO-eGFP-Rif1,RF,2,+,7829,8680,284,spanning_target_gene,FALSE,FALSE,-,-,TRUE,FALSE
53121,pLenti-sgRNA-Lib,RF,1,-,5852,6622,257,spanning_target_gene,FALSE,FALSE,-,-,TRUE,FALSE
58473,pEGFP-C1 F-tractin-EGFP,RF,3,-,735,1565,277,spanning_target_gene,FALSE,FALSE,-,-,TRUE,FALSE
58468,pEGFP-C1 EGFP-3XNLS,RF,3,+,1134,2030,299,spanning_target_gene,FALSE,FALSE,-,-,TRUE,FALSE
59946,HypoxCR,RF,2,+,2606,3358,251,spanning_target_gene,TRUE,TRUE,1971,4958,TRUE,TRUE
62604,pBGSA FPR1-EGFP,RF,2,-,1779,2612,278,spanning_target_gene,FALSE,TRUE,-,4767,TRUE,FALSE
62039,NKP66 pEGFP-N2 (1176),CF+2,2,+,1508,2290,261,spanning_target_gene,TRUE,TRUE,879,105,TRUE,TRUE
62909,pJEP224-AAV-Basic-0.4αCaMKII-GFP-pA,CF+2,1,+,430,1329,300,spanning_target_gene,FALSE,TRUE,-,77,TRUE,FALSE
62520,GFP-Drosha,RF,1,-,538,1374,279,spanning_target_gene,FALSE,FALSE,-,-,TRUE,FALSE
62916,pJEP222-AAV-CMV-GFP-pA,CF+2,1,+,1156,2199,348,spanning_target_gene,TRUE,TRUE,442,5545,TRUE,TRUE
63729,MIP 339 CoMiP coLin28 2A Nanog IRES eGFP,CF+2,1,+,4021,4920,300,spanning_target_gene,FALSE,TRUE,-,4961,TRUE,FALSE
64149,ptf-Galectin3,RF,3,-,599,2059,487,spanning_target_gene,FALSE,FALSE,-,-,TRUE,FALSE
64359,pIRESneo3+GFP-Utr_CH,RF,1,-,690,1448,253,spanning_target_gene,FALSE,FALSE,-,-,TRUE,FALSE
65442,FUW-ubiquitin-EphB2-SV40-GFP (B2G),RF,2,-,7004,7741,246,spanning_target_gene,FALSE,FALSE,-,-,TRUE,FALSE
66831,EGFP-E-Syt2,RF,2,+,6617,475,368,spanning_target_gene,FALSE,FALSE,-,-,TRUE,FALSE
67935,GFP-mouse vinculin full length (889),RF,2,-,538,1326,263,spanning_target_gene,FALSE,FALSE,-,-,TRUE,FALSE
68450,TOPO Cre-2A-GFP,CF+2,3,+,1317,2114,266,spanning_target_gene,FALSE,FALSE,-,-,TRUE,FALSE
68550,AAV-CREB,CF+2,2,+,1211,2125,305,spanning_target_gene,TRUE,TRUE,497,1058,TRUE,TRUE
68714,pLL3.7 K122 -ires-GFP-Osteocalcin-promoter-H2B mCherry reporter,RF,3,-,5700,6470,257,spanning_target_gene,FALSE,TRUE,-,632,TRUE,FALSE
68846,pR96L-EGFP,RF,2,-,538,1359,274,spanning_target_gene,FALSE,FALSE,-,-,TRUE,FALSE
69751,pKG333,RF,3,-,1382,2731,450,spanning_target_gene,FALSE,FALSE,-,-,TRUE,FALSE
69809,xlox(GFP)hTERT,CF+2,1,+,5185,6198,338,spanning_target_gene,TRUE,TRUE,4668,19,TRUE,TRUE
70144,Dazl-CPG-TV,RF,1,-,1726,2613,296,spanning_target_gene,FALSE,FALSE,-,-,TRUE,FALSE
71378,Grp1-PH pEGFP-C1,RF,1,-,598,1875,426,spanning_target_gene,FALSE,FALSE,-,-,TRUE,FALSE
73080,pEGFP-hGal3,RF,1,-,652,1422,257,spanning_target_gene,FALSE,FALSE,-,-,TRUE,FALSE
73982,CAG-EGFP-Otx2shRNA2,CF+2,2,+,1646,2512,289,spanning_target_gene,TRUE,TRUE,984,263,TRUE,TRUE
73998,CAG-RORb2-IRES-GFPd2,RF,2,-,3662,4489,276,spanning_target_gene,FALSE,FALSE,-,-,TRUE,FALSE
73996,CAG-Otx2-IRES-GFPd2,RF,2,-,3116,3943,276,spanning_target_gene,FALSE,FALSE,-,-,TRUE,FALSE
73997,CAG-Crx-IRES-GFPd2,RF,1,-,3142,3969,276,spanning_target_gene,FALSE,FALSE,-,-,TRUE,FALSE
74165,pCDNA3-GFP,RF,1,-,911,1711,267,spanning_target_gene,FALSE,FALSE,-,-,TRUE,FALSE
78121,pINDUCER21-PGBD5,CF+2,3,+,7227,8318,364,spanning_target_gene,TRUE,TRUE,1391,839,TRUE,TRUE
79252,pAc5.1B-EGFP-DmCCr4,RF,1,-,2419,3270,284,spanning_target_gene,FALSE,TRUE,-,4892,TRUE,FALSE
79601,FUGW-d2GFP-ZEB1 3'UTR,RF,2,+,4379,5122,248,spanning_target_gene,FALSE,FALSE,-,-,TRUE,FALSE
80605,pMET7-GAG-EGFP,RF,3,+,2490,3323,278,spanning_target_gene,FALSE,FALSE,-,-,TRUE,FALSE
81226,pCALNL-eGFP-Esp3I,RF,1,+,3403,4317,305,spanning_target_gene,FALSE,FALSE,-,-,TRUE,FALSE
81225,pLS-mP,RF,2,-,2969,3832,288,spanning_target_gene,FALSE,FALSE,-,-,TRUE,FALSE
83107,pLenti-PGK-c-myc-2A-CDK4(R24C)-GFP-Puro,CF+2,3,+,4641,5495,285,spanning_target_gene,TRUE,TRUE,2394,1822,TRUE,TRUE
80491,pAAVS1-P-CAG-GFP,RF,3,-,4012,4932,307,spanning_target_gene,FALSE,FALSE,-,-,TRUE,FALSE
82613,3xFLAG-dCas9/MSCV-EGFP,RF,1,-,6284,7090,269,spanning_target_gene,FALSE,FALSE,-,-,TRUE,FALSE
8387,p155 pCMV-EGFP/beta-gal,RF,2,-,1388,2167,260,spanning_target_gene,FALSE,FALSE,-,-,TRUE,FALSE
83952,TrkB mEGFP,CF+2,2,+,4151,5011,287,spanning_target_gene,TRUE,TRUE,3485,75,TRUE,TRUE
83925,pLV-U6-gRNA-UbC-eGFP-P2A-Bsr,RF,1,-,5666,6964,433,spanning_target_gene,FALSE,FALSE,-,-,TRUE,FALSE
8389,p212 pCMV-EGFP/RFP,RF,1,-,692,1471,260,spanning_target_gene,FALSE,FALSE,-,-,TRUE,FALSE
84293,pEGFP-Merlin,RF,3,-,598,1593,332,spanning_target_gene,FALSE,FALSE,-,-,TRUE,FALSE
84383,pLenti Lifeact-EGFP BlastR,RF,3,-,6334,7344,337,spanning_target_gene,FALSE,FALSE,-,-,TRUE,FALSE
84294,pEGFP-Merlin S518A,RF,3,-,598,1593,332,spanning_target_gene,FALSE,FALSE,-,-,TRUE,FALSE
84295,pEGFP-Merlin S518D,RF,3,-,598,1593,332,spanning_target_gene,FALSE,FALSE,-,-,TRUE,FALSE
84391,pENTR CMVie-Lifeact-EGFP L1-R5,RF,2,-,866,1876,337,spanning_target_gene,FALSE,FALSE,-,-,TRUE,FALSE
8438,pAd-Track Flag-SIRT1,RF,1,-,7394,8173,260,spanning_target_gene,FALSE,FALSE,-,-,TRUE,FALSE
84562,pEGFP-TSAd-wt,CF+2,2,+,1805,2605,267,spanning_target_gene,TRUE,TRUE,1236,105,TRUE,TRUE
8439,pAd-Track Flag-SIRT1 H355A,RF,1,-,7394,8173,260,spanning_target_gene,FALSE,FALSE,-,-,TRUE,FALSE
8440,pAd-Track SIRT1,RF,2,-,7203,7982,260,spanning_target_gene,FALSE,FALSE,-,-,TRUE,FALSE
84882,pAAV-Sico-Red,RF,2,-,5901,6821,307,spanning_target_gene,FALSE,FALSE,-,-,TRUE,FALSE
85161,pENTR-HLA-A2_GFP,RF,3,-,1697,2572,292,spanning_target_gene,FALSE,FALSE,-,-,TRUE,FALSE
85225,pAAV-hSyn-FLEX-TVA-P2A-EGFP-2A-oG,RF,1,-,1132,2574,481,spanning_target_gene,TRUE,TRUE,1600,714,TRUE,TRUE
85216,Banshee-ShCit-A,RF,3,-,5576,6421,282,spanning_target_gene,FALSE,FALSE,-,-,TRUE,FALSE
85217,Banshee-ShCit-B,RF,3,-,5576,6421,282,spanning_target_gene,FALSE,FALSE,-,-,TRUE,FALSE
85446,Fireworks GFP[PTC+] (AVA2600),RF,1,-,2685,6497,1271,spanning_target_gene,FALSE,FALSE,-,-,TRUE,FALSE
85445,Fireworks GFP[PTC-] (AVA2598),RF,1,-,2685,6497,1271,spanning_target_gene,FALSE,FALSE,-,-,TRUE,FALSE
85587,Banshee-Sh-Ctrl,RF,2,-,5578,6423,282,spanning_target_gene,FALSE,FALSE,-,-,TRUE,FALSE
85668,pEGFP-YOD1-MutS2-C160S,RF,2,-,538,1494,319,spanning_target_gene,FALSE,FALSE,-,-,TRUE,FALSE
85667,pEGFP-YOD1-MutS2,RF,3,-,538,1494,319,spanning_target_gene,FALSE,FALSE,-,-,TRUE,FALSE
85845,pDONOR-SNCAe2-WT,CF+2,2,+,5984,6979,332,spanning_target_gene,FALSE,TRUE,-,762,TRUE,FALSE
85710,pHA2,RF,3,-,8008,8787,260,spanning_target_gene,FALSE,FALSE,-,-,TRUE,FALSE
86051,CD8a-EGFP,CF+2,2,+,1976,2821,282,spanning_target_gene,TRUE,TRUE,697,105,TRUE,TRUE
86054,CD8a-hnRNP-M-EGFP,CF+2,1,+,1984,2922,313,spanning_target_gene,TRUE,TRUE,697,105,TRUE,TRUE
86052,CD8a-cNLS-EGFP,CF+2,1,+,1978,2871,298,spanning_target_gene,TRUE,TRUE,697,105,TRUE,TRUE
86139,pMXs2-RAC1 G12V,RF,2,-,2226,3335,370,spanning_target_gene,FALSE,FALSE,-,-,TRUE,FALSE
86833,GFP-p38beta,RF,3,-,752,2671,640,spanning_target_gene,FALSE,FALSE,-,-,TRUE,FALSE
87343,pEGFP-C1-6xHis,RF,2,-,1434,2261,276,spanning_target_gene,FALSE,FALSE,-,-,TRUE,FALSE
87865,ires-eGFP(+HAs) donor-1,RF,2,-,1581,2405,275,spanning_target_gene,FALSE,FALSE,-,-,TRUE,FALSE
87871,pEGFP-hGABARAP,RF,2,-,234,1394,387,spanning_target_gene,FALSE,FALSE,-,-,TRUE,FALSE
87929,p-EGFP-C1-Flag-mFmr1(wt),RF,3,-,538,1464,309,spanning_target_gene,FALSE,FALSE,-,-,TRUE,FALSE
87913,p-EGFP-C1-Flag-mFmr1(A),RF,3,-,538,1464,309,spanning_target_gene,FALSE,FALSE,-,-,TRUE,FALSE
87872,pEGFP-hLC3,RF,2,-,234,1151,306,spanning_target_gene,FALSE,FALSE,-,-,TRUE,FALSE
87914,p-EGFP-C1-Flag-mFmr1(D),RF,3,-,538,1464,309,spanning_target_gene,FALSE,FALSE,-,-,TRUE,FALSE
89371,E1b-GFP-Tol2-Gateway dre SE-irf2bpl B,CF+2,3,+,3831,4736,302,spanning_target_gene,FALSE,FALSE,-,-,TRUE,FALSE
89370,E1b-GFP-Tol2-Gateway dre SE-irf2bpl A,CF+2,3,+,4032,4937,302,spanning_target_gene,FALSE,FALSE,-,-,TRUE,FALSE
89372,E1b-GFP-Tol2-Gateway dre SE-irf2bpl C,CF+2,1,+,3442,4347,302,spanning_target_gene,FALSE,FALSE,-,-,TRUE,FALSE
89374,E1b-GFP-Tol2-Gateway mmu SE-Irf2bpl E,CF+2,3,+,3774,4679,302,spanning_target_gene,FALSE,FALSE,-,-,TRUE,FALSE
89376,E1b-GFP-Tol2-Gateway mmu SE-Irf2bpl G,CF+2,1,+,2911,3816,302,spanning_target_gene,FALSE,FALSE,-,-,TRUE,FALSE
89377,E1b-GFP-Tol2-Gateway mmu SE-Irf2bpl H,CF+2,3,+,6300,7205,302,spanning_target_gene,FALSE,FALSE,-,-,TRUE,FALSE
89373,E1b-GFP-Tol2-Gateway dre SE-irf2bpl D,CF+2,3,+,1980,2885,302,spanning_target_gene,FALSE,FALSE,-,-,TRUE,FALSE
89384,E1b-GFP-Tol2-Gateway dre SE-zic2a O,CF+2,1,+,4402,5307,302,spanning_target_gene,FALSE,FALSE,-,-,TRUE,FALSE
89386,E1b-GFP-Tol2-Gateway dre SE-zic2a Q,CF+2,2,+,3035,3940,302,spanning_target_gene,FALSE,FALSE,-,-,TRUE,FALSE
89382,E1b-GFP-Tol2-Gateway dre SE-zic2a M,CF+2,3,+,4068,4973,302,spanning_target_gene,FALSE,FALSE,-,-,TRUE,FALSE
89387,E1b-GFP-Tol2-Gateway dre SE-zic2a R,CF+2,3,+,4059,4964,302,spanning_target_gene,FALSE,FALSE,-,-,TRUE,FALSE
89383,E1b-GFP-Tol2-Gateway dre SE-zic2a N,CF+2,3,+,2907,3812,302,spanning_target_gene,FALSE,FALSE,-,-,TRUE,FALSE
89378,E1b-GFP-Tol2-Gateway mmu SE-Irf2bpl I,CF+2,2,+,3989,4894,302,spanning_target_gene,FALSE,FALSE,-,-,TRUE,FALSE
89385,E1b-GFP-Tol2-Gateway dre SE-zic2a P,CF+2,3,+,3924,4829,302,spanning_target_gene,FALSE,FALSE,-,-,TRUE,FALSE
89380,E1b-GFP-Tol2-Gateway mmu SE-Irf2bpl K,CF+2,2,+,4145,5050,302,spanning_target_gene,FALSE,FALSE,-,-,TRUE,FALSE
89638,pLenti-sgRNA-lib 2.0,RF,1,-,5992,6762,257,spanning_target_gene,FALSE,FALSE,-,-,TRUE,FALSE
89639,scaffold-linker-U6,RF,3,+,7476,525,257,spanning_target_gene,FALSE,FALSE,-,-,TRUE,FALSE
89770,pLenti-EGFP-hChibby1,RF,2,-,1127,2002,292,spanning_target_gene,FALSE,FALSE,-,-,TRUE,FALSE
89834,pLPCX2-FLAG-Smad4,RF,3,-,2763,3731,323,spanning_target_gene,FALSE,FALSE,-,-,TRUE,FALSE
90123,pMEclecl14aP1gfp,RF,2,-,1950,2810,287,spanning_target_gene,FALSE,FALSE,-,-,TRUE,FALSE
89981,GFP-ataxin-3 C-t,RF,3,-,3938,4705,256,spanning_target_gene,FALSE,FALSE,-,-,TRUE,FALSE
90125,pMEdll4P1gfp,RF,3,-,1826,2821,332,spanning_target_gene,FALSE,FALSE,-,-,TRUE,FALSE
90126,pMEdusp5P1gfp,RF,3,-,1896,2741,282,spanning_target_gene,FALSE,FALSE,-,-,TRUE,FALSE
90128,pMEmafbbP1gfp,RF,2,-,1778,2701,308,spanning_target_gene,FALSE,FALSE,-,-,TRUE,FALSE
90124,pMEcldn5bP1gfp,RF,3,-,1777,2634,286,spanning_target_gene,FALSE,FALSE,-,-,TRUE,FALSE
90127,pMElmo2P1gfp,RF,1,-,1959,2828,290,spanning_target_gene,FALSE,FALSE,-,-,TRUE,FALSE
90130,pMEsheP1gfp,RF,1,-,1964,2914,317,spanning_target_gene,FALSE,FALSE,-,-,TRUE,FALSE
90133,pMEyrkP1gfp,RF,2,-,1895,2857,321,spanning_target_gene,FALSE,FALSE,-,-,TRUE,FALSE
90129,pMEnrp1bP1gfp,RF,1,-,2149,3147,333,spanning_target_gene,FALSE,FALSE,-,-,TRUE,FALSE
90131,pMEsnx5P1gfp,CF+2,3,+,927,1748,274,spanning_target_gene,FALSE,FALSE,-,-,TRUE,FALSE
90131,pMEsnx5P1gfp,RF,1,-,688,1785,366,spanning_target_gene,FALSE,FALSE,-,-,TRUE,FALSE
90134,pT2-cryR;nrp1bCE1-basEgfp,RF,1,-,1367,2197,277,spanning_target_gene,FALSE,TRUE,-,2223,TRUE,FALSE
90138,pT2-cryR;snx5CE1-basEgfp,RF,2,-,1394,2224,277,spanning_target_gene,FALSE,TRUE,-,2228,TRUE,FALSE
90137,pT2-cryR;mafbbCE1-basEgfp,RF,2,-,1284,2114,277,spanning_target_gene,FALSE,TRUE,-,2143,TRUE,FALSE
90140,pT2-cryR;clec14aCE1-basEgfp,RF,3,-,1299,2129,277,spanning_target_gene,FALSE,TRUE,-,2136,TRUE,FALSE
90136,pT2-cryR;cldn5bCE1-basEgfp,RF,2,-,1094,1924,277,spanning_target_gene,FALSE,TRUE,-,1943,TRUE,FALSE
90135,pT2-cryR;tmem88aCE1-basEgfp,RF,2,-,1312,2142,277,spanning_target_gene,FALSE,TRUE,-,2148,TRUE,FALSE
90139,pT2-cryR;sheCE1-basEgfp,RF,2,-,1235,2065,277,spanning_target_gene,FALSE,TRUE,-,2075,TRUE,FALSE
90141,pT2-cryR;lmo2CE1-basEgfp,RF,1,-,1246,2076,277,spanning_target_gene,FALSE,TRUE,-,2095,TRUE,FALSE
90145,pT2-cryR;dusp5CE1-basEgfp,RF,1,-,1550,2380,277,spanning_target_gene,FALSE,TRUE,-,2391,TRUE,FALSE
90143,pT2-cryR;dll4CE1-basEgfp,RF,2,-,1448,2278,277,spanning_target_gene,FALSE,TRUE,-,2282,TRUE,FALSE
90142,pT2-cryR;yrkCE1-basEgfp,RF,3,-,1646,2476,277,spanning_target_gene,FALSE,TRUE,-,2497,TRUE,FALSE
90144,pT2-cryR;dll4CE2-basEgfp,RF,1,-,1384,2214,277,spanning_target_gene,FALSE,TRUE,-,2221,TRUE,FALSE
90152,pT2-cryR;snx5CE1-P1Egfp,CF+2,2,+,1580,2401,274,spanning_target_gene,FALSE,FALSE,-,-,TRUE,FALSE
90166,pT2-cryR;snx5P1Egfp,CF+2,2,+,293,1114,274,spanning_target_gene,FALSE,FALSE,-,-,TRUE,FALSE
90169,pT2-cryR;basPEgfp,RF,3,-,83,913,277,spanning_target_gene,FALSE,TRUE,-,1795,TRUE,FALSE
90174,LP344,RF,1,-,538,1500,321,spanning_target_gene,FALSE,FALSE,-,-,TRUE,FALSE
90176,LP399,RF,1,-,538,1500,321,spanning_target_gene,FALSE,FALSE,-,-,TRUE,FALSE
90177,LP696,RF,1,-,538,1329,264,spanning_target_gene,FALSE,FALSE,-,-,TRUE,FALSE
90179,LP698,RF,1,-,538,1329,264,spanning_target_gene,FALSE,FALSE,-,-,TRUE,FALSE
90175,LP346,RF,1,-,538,1500,321,spanning_target_gene,FALSE,FALSE,-,-,TRUE,FALSE
90181,LP712,RF,1,-,538,1665,376,spanning_target_gene,FALSE,FALSE,-,-,TRUE,FALSE
91789,pRRlsinPGK_CREGFP_WPRE,RF,3,+,8292,695,297,spanning_target_gene,FALSE,FALSE,-,-,TRUE,FALSE
92419,mEGFP-PI35P2,RF,1,-,598,1821,408,spanning_target_gene,FALSE,FALSE,-,-,TRUE,FALSE
96930,XLone-GFP,RF,3,-,317,1171,285,spanning_target_gene,FALSE,TRUE,4911,1938,TRUE,FALSE
96941,pLenti_CamKIIa_GFP,CF+2,3,+,3744,4664,307,spanning_target_gene,TRUE,TRUE,2728,1323,TRUE,TRUE
97038,pINDUCER-21-LCOR,CF+2,2,+,4355,5446,364,spanning_target_gene,TRUE,TRUE,1374,839,TRUE,TRUE
97040,pINDUCER-21-HOXA5,CF+2,2,+,3905,4996,364,spanning_target_gene,TRUE,TRUE,1390,839,TRUE,TRUE
97041,pINDUCER-21-HOXA9,CF+2,3,+,4200,5291,364,spanning_target_gene,TRUE,TRUE,1376,839,TRUE,TRUE
97044,pINDUCER-21-LCOR-P2A-HOXA9-T2A-HOXA5,CF+2,2,+,6227,7318,364,spanning_target_gene,TRUE,TRUE,1378,839,TRUE,TRUE
97045,pINDUCER-21-RUNX1-P2A-ERG,CF+2,3,+,6348,7439,364,spanning_target_gene,TRUE,TRUE,1391,839,TRUE,TRUE
97090,pUC57-GFP-SFPQ-RT,RF,1,+,451,1626,392,spanning_target_gene,FALSE,FALSE,-,-,TRUE,FALSE
97193,[Bla][IRES][GFP],CF+2,3,+,2193,2930,246,spanning_target_gene,TRUE,TRUE,1593,32,TRUE,TRUE
98037,pRVdGL-4EGFP,RF,3,-,4069,4845,259,spanning_target_gene,FALSE,FALSE,-,-,TRUE,FALSE
99128,pAAV-mTH-GFP,CF+2,2,+,3095,4171,359,spanning_target_gene,FALSE,FALSE,-,-,TRUE,FALSE
98518,BB1_23_eGFP,CF+2,3,+,120,890,257,spanning_target_gene,FALSE,FALSE,-,-,TRUE,FALSE
99025,pLV-shMdk-334,RF,3,-,3733,4503,257,spanning_target_gene,FALSE,FALSE,-,-,TRUE,FALSE
99034,pLV-shP2rx4-1026,RF,3,-,3733,4503,257,spanning_target_gene,FALSE,FALSE,-,-,TRUE,FALSE
99032,pLV-shIl22ra2-1408,RF,3,-,3733,4503,257,spanning_target_gene,FALSE,FALSE,-,-,TRUE,FALSE
99031,pLV-shScn4b-268,RF,3,-,3733,4503,257,spanning_target_gene,FALSE,FALSE,-,-,TRUE,FALSE
99033,pLV-shIl22ra2-1928,RF,3,-,3733,4503,257,spanning_target_gene,FALSE,FALSE,-,-,TRUE,FALSE
