plasmid_id,not_applicable,hidden_count,total_orfs,total_orfs_factor
100043,FALSE,0,1,1
100047,FALSE,0,1,1
100726,FALSE,0,1,1
102540,FALSE,0,1,1
100798,FALSE,1,2,2
100935,FALSE,0,1,1
100284,FALSE,0,1,1
100131,FALSE,0,1,1
104447,FALSE,0,1,1
100518,FALSE,0,1,1
100519,FALSE,0,1,1
100867,FALSE,0,1,1
104374,FALSE,0,1,1
102907,FALSE,0,1,1
100727,FALSE,0,1,1
102417,FALSE,0,1,1
105246,TRUE,0,NA,Not Applicable
100731,FALSE,0,1,1
102878,FALSE,0,1,1
100729,FALSE,0,1,1
100296,FALSE,0,1,1
100297,FALSE,0,1,1
100014,FALSE,0,1,1
102252,FALSE,0,1,1
100287,FALSE,0,1,1
105307,FALSE,0,1,1
102797,FALSE,0,1,1
101041,FALSE,0,1,1
104834,FALSE,0,1,1
103071,FALSE,0,1,1
105535,FALSE,0,1,1
101918,FALSE,0,1,1
105239,FALSE,0,1,1
100520,FALSE,0,1,1
100862,FALSE,0,1,1
100864,FALSE,0,1,1
100728,FALSE,0,1,1
101865,FALSE,0,1,1
102936,FALSE,0,1,1
105539,FALSE,0,1,1
101296,FALSE,0,1,1
105533,FALSE,0,1,1
100896,FALSE,0,1,1
101866,FALSE,0,1,1
101915,TRUE,0,NA,Not Applicable
101285,FALSE,0,1,1
101290,FALSE,0,1,1
104454,FALSE,0,1,1
101323,FALSE,0,1,1
101161,FALSE,0,1,1
101293,FALSE,0,1,1
101289,FALSE,0,1,1
105073,FALSE,0,1,1
102862,FALSE,0,1,1
101291,FALSE,0,1,1
102887,FALSE,0,1,1
102891,FALSE,0,1,1
103836,FALSE,0,1,1
104099,FALSE,0,1,1
100865,FALSE,0,1,1
103834,FALSE,0,1,1
100288,FALSE,0,1,1
104358,FALSE,0,1,1
104123,FALSE,0,1,1
102935,FALSE,0,1,1
105310,FALSE,0,1,1
102318,FALSE,0,1,1
105308,FALSE,0,1,1
102317,FALSE,0,1,1
101295,FALSE,0,1,1
102889,FALSE,0,1,1
104442,FALSE,0,1,1
100732,FALSE,0,1,1
101292,FALSE,0,1,1
100734,FALSE,0,1,1
104450,FALSE,0,1,1
105072,FALSE,0,1,1
101294,FALSE,0,1,1
100015,FALSE,0,1,1
101287,FALSE,0,1,1
105297,FALSE,0,1,1
100735,FALSE,0,1,1
101040,FALSE,0,1,1
102782,FALSE,0,1,1
105302,FALSE,0,1,1
104967,FALSE,0,1,1
101914,FALSE,0,1,1
100733,FALSE,0,1,1
105511,FALSE,0,1,1
102783,FALSE,0,1,1
105299,FALSE,0,1,1
105313,FALSE,0,1,1
101283,FALSE,0,1,1
103838,FALSE,0,1,1
104381,FALSE,1,2,2
101920,FALSE,1,2,2
105314,FALSE,0,1,1
100863,FALSE,0,1,1
102890,FALSE,0,1,1
102885,FALSE,0,1,1
104382,FALSE,0,1,1
105312,FALSE,0,1,1
105311,FALSE,0,1,1
105510,FALSE,0,1,1
102888,FALSE,0,1,1
102254,FALSE,0,1,1
102726,FALSE,0,1,1
101921,FALSE,1,2,2
104449,FALSE,0,1,1
104380,FALSE,0,1,1
102798,FALSE,0,1,1
104562,FALSE,0,1,1
105304,FALSE,0,1,1
105309,FALSE,0,1,1
102892,FALSE,0,1,1
104448,FALSE,0,1,1
105298,FALSE,0,1,1
100869,FALSE,0,1,1
104177,FALSE,0,1,1
104075,FALSE,0,1,1
105530,FALSE,0,1,1
105198,FALSE,0,1,1
104061,FALSE,0,1,1
102725,FALSE,0,1,1
105305,FALSE,0,1,1
105303,FALSE,0,1,1
105306,FALSE,0,1,1
102724,FALSE,0,1,1
105543,FALSE,0,1,1
105556,FALSE,0,1,1
105549,FALSE,0,1,1
105540,FALSE,0,1,1
105648,FALSE,0,1,1
105547,FALSE,0,1,1
105541,FALSE,0,1,1
105545,FALSE,1,2,2
105962,TRUE,0,NA,Not Applicable
105590,FALSE,0,1,1
105592,FALSE,0,1,1
105807,FALSE,0,1,1
105948,FALSE,0,1,1
105812,FALSE,0,1,1
105810,FALSE,0,1,1
105811,FALSE,0,1,1
105551,FALSE,1,2,2
107195,FALSE,1,2,2
105987,FALSE,0,1,1
105587,FALSE,0,1,1
105958,FALSE,0,1,1
105598,FALSE,0,1,1
105946,FALSE,0,1,1
107092,FALSE,0,1,1
105980,FALSE,0,1,1
106171,FALSE,0,1,1
105956,FALSE,0,1,1
105793,FALSE,0,1,1
106952,FALSE,0,1,1
107146,FALSE,0,1,1
105776,FALSE,0,1,1
106105,FALSE,0,1,1
106091,FALSE,0,1,1
105947,FALSE,0,1,1
105952,FALSE,0,1,1
106100,FALSE,0,1,1
107145,FALSE,0,1,1
107147,FALSE,0,1,1
106172,FALSE,0,1,1
106373,FALSE,0,1,1
107883,TRUE,0,NA,Not Applicable
105808,FALSE,0,1,1
106953,FALSE,0,1,1
106950,FALSE,0,1,1
107194,FALSE,1,2,2
105814,FALSE,0,1,1
107885,TRUE,0,NA,Not Applicable
107181,FALSE,0,1,1
105961,FALSE,0,1,1
107199,FALSE,0,1,1
107975,FALSE,0,1,1
105591,FALSE,0,1,1
108221,FALSE,0,1,1
107551,FALSE,0,1,1
108121,FALSE,0,1,1
108098,FALSE,0,1,1
107186,FALSE,0,1,1
107971,FALSE,0,1,1
106405,FALSE,0,1,1
106334,TRUE,0,NA,Not Applicable
106941,FALSE,1,2,2
105959,FALSE,0,1,1
108399,FALSE,0,1,1
107977,FALSE,0,1,1
107183,FALSE,0,1,1
106951,FALSE,0,1,1
107774,TRUE,0,NA,Not Applicable
107184,FALSE,0,1,1
106948,FALSE,0,1,1
107091,FALSE,0,1,1
108485,FALSE,0,1,1
107197,FALSE,0,1,1
107888,TRUE,0,NA,Not Applicable
107201,FALSE,0,1,1
107867,TRUE,0,NA,Not Applicable
108080,FALSE,0,1,1
108226,TRUE,0,NA,Not Applicable
108230,FALSE,0,1,1
10845,FALSE,0,1,1
106094,FALSE,0,1,1
107505,FALSE,0,1,1
108404,FALSE,0,1,1
107696,FALSE,0,1,1
108396,FALSE,0,1,1
108231,FALSE,0,1,1
107265,FALSE,0,1,1
107389,FALSE,0,1,1
107721,FALSE,0,1,1
107023,FALSE,0,1,1
108391,FALSE,0,1,1
107252,FALSE,0,1,1
107196,FALSE,0,1,1
108229,FALSE,0,1,1
107387,FALSE,0,1,1
107773,TRUE,0,NA,Not Applicable
107398,FALSE,0,1,1
108478,FALSE,0,1,1
108397,FALSE,0,1,1
107970,FALSE,0,1,1
108405,FALSE,0,1,1
108475,FALSE,0,1,1
108402,FALSE,0,1,1
108390,FALSE,0,1,1
107707,FALSE,0,1,1
10843,FALSE,0,1,1
108483,FALSE,0,1,1
107253,FALSE,0,1,1
107388,FALSE,0,1,1
108486,FALSE,0,1,1
107969,FALSE,0,1,1
108403,FALSE,0,1,1
107198,FALSE,0,1,1
108389,FALSE,0,1,1
108492,FALSE,0,1,1
108495,FALSE,0,1,1
108484,FALSE,0,1,1
10844,FALSE,0,1,1
108401,FALSE,0,1,1
108406,FALSE,0,1,1
108393,FALSE,0,1,1
108491,FALSE,0,1,1
108502,FALSE,0,1,1
108408,FALSE,0,1,1
108497,FALSE,0,1,1
108494,FALSE,0,1,1
108493,FALSE,0,1,1
108499,FALSE,0,1,1
108500,FALSE,0,1,1
108504,FALSE,0,1,1
108509,FALSE,0,1,1
108674,FALSE,0,1,1
108505,FALSE,0,1,1
108507,FALSE,0,1,1
108506,FALSE,0,1,1
108870,FALSE,0,1,1
108503,FALSE,0,1,1
108675,FALSE,0,1,1
108508,FALSE,0,1,1
108895,TRUE,0,NA,Not Applicable
108566,TRUE,0,NA,Not Applicable
108697,FALSE,0,1,1
108699,FALSE,0,1,1
109021,FALSE,0,1,1
109148,FALSE,0,1,1
108641,FALSE,0,1,1
109026,FALSE,0,1,1
109152,FALSE,0,1,1
109016,FALSE,0,1,1
108698,FALSE,0,1,1
109292,FALSE,0,1,1
109023,FALSE,0,1,1
109017,FALSE,0,1,1
108714,FALSE,0,1,1
109014,FALSE,0,1,1
110203,FALSE,0,1,1
109020,FALSE,0,1,1
109018,FALSE,0,1,1
10961,FALSE,0,1,1
110188,FALSE,0,1,1
109015,FALSE,0,1,1
109293,FALSE,0,1,1
108700,FALSE,0,1,1
109144,FALSE,0,1,1
109291,FALSE,0,1,1
109019,FALSE,0,1,1
110187,FALSE,0,1,1
109027,FALSE,0,1,1
110494,FALSE,0,1,1
109428,FALSE,0,1,1
109295,FALSE,0,1,1
110499,FALSE,0,1,1
110182,FALSE,0,1,1
110181,FALSE,0,1,1
109294,FALSE,0,1,1
111199,FALSE,0,1,1
110507,FALSE,0,1,1
11155,FALSE,0,1,1
109028,FALSE,0,1,1
109025,FALSE,0,1,1
108938,FALSE,0,1,1
109043,FALSE,0,1,1
10952,FALSE,0,1,1
110509,FALSE,0,1,1
109024,FALSE,0,1,1
110734,FALSE,0,1,1
110190,FALSE,0,1,1
111215,FALSE,0,1,1
110833,FALSE,0,1,1
110299,FALSE,0,1,1
110060,FALSE,0,1,1
110170,FALSE,0,1,1
110189,FALSE,0,1,1
110301,FALSE,0,1,1
110169,FALSE,0,1,1
110495,FALSE,0,1,1
111518,FALSE,0,1,1
110191,FALSE,0,1,1
110515,FALSE,0,1,1
110502,FALSE,0,1,1
110505,FALSE,0,1,1
111536,FALSE,0,1,1
109372,FALSE,0,1,1
108939,FALSE,0,1,1
110500,FALSE,0,1,1
110497,FALSE,1,2,2
110498,FALSE,0,1,1
111538,FALSE,0,1,1
111535,FALSE,0,1,1
11153,FALSE,0,1,1
111190,FALSE,0,1,1
110834,FALSE,0,1,1
11106,FALSE,0,1,1
111532,FALSE,0,1,1
110549,FALSE,0,1,1
110513,FALSE,0,1,1
111395,FALSE,0,1,1
11107,FALSE,0,1,1
111540,FALSE,0,1,1
110186,FALSE,0,1,1
110496,FALSE,0,1,1
11150,FALSE,1,2,2
111534,FALSE,0,1,1
111191,FALSE,0,1,1
110512,FALSE,0,1,1
111195,FALSE,0,1,1
110501,FALSE,0,1,1
112104,FALSE,0,1,1
111814,TRUE,0,NA,Not Applicable
111812,TRUE,0,NA,Not Applicable
110661,FALSE,0,1,1
111512,FALSE,0,1,1
111396,FALSE,0,1,1
11159,FALSE,0,1,1
111815,TRUE,0,NA,Not Applicable
111207,FALSE,0,1,1
111813,FALSE,0,1,1
11154,FALSE,0,1,1
111771,TRUE,0,NA,Not Applicable
111533,FALSE,0,1,1
111539,FALSE,0,1,1
111499,FALSE,0,1,1
111517,FALSE,0,1,1
111197,FALSE,0,1,1
111202,FALSE,0,1,1
111603,FALSE,0,1,1
111817,TRUE,0,NA,Not Applicable
110693,FALSE,0,1,1
111934,FALSE,0,1,1
112103,FALSE,0,1,1
111537,FALSE,0,1,1
111933,FALSE,0,1,1
112102,FALSE,0,1,1
111816,FALSE,0,1,1
112105,FALSE,0,1,1
112107,FALSE,0,1,1
112106,FALSE,0,1,1
112108,FALSE,0,1,1
112246,FALSE,0,1,1
112851,TRUE,0,NA,Not Applicable
112733,FALSE,0,1,1
112205,FALSE,0,1,1
112250,FALSE,0,1,1
112848,TRUE,0,NA,Not Applicable
112744,FALSE,1,2,2
112156,FALSE,0,1,1
112829,FALSE,0,1,1
112846,FALSE,0,1,1
112155,FALSE,0,1,1
112245,FALSE,0,1,1
112228,FALSE,0,1,1
112110,FALSE,0,1,1
112109,FALSE,0,1,1
112111,FALSE,0,1,1
112847,FALSE,0,1,1
112270,FALSE,0,1,1
112760,FALSE,0,1,1
112837,FALSE,0,1,1
112761,FALSE,0,1,1
112213,FALSE,0,1,1
112762,FALSE,0,1,1
112835,FALSE,0,1,1
113039,TRUE,0,NA,Not Applicable
112269,FALSE,0,1,1
112843,FALSE,1,2,2
112917,TRUE,0,NA,Not Applicable
112841,FALSE,0,1,1
113115,TRUE,0,NA,Not Applicable
112666,FALSE,0,1,1
112918,TRUE,0,NA,Not Applicable
112839,FALSE,0,1,1
113020,FALSE,0,1,1
113697,FALSE,0,1,1
112831,FALSE,0,1,1
113157,FALSE,0,1,1
112833,FALSE,0,1,1
112859,FALSE,0,1,1
112926,FALSE,0,1,1
112970,TRUE,0,NA,Not Applicable
113041,TRUE,0,NA,Not Applicable
113131,TRUE,0,NA,Not Applicable
113155,FALSE,0,1,1
113695,FALSE,0,1,1
113696,FALSE,0,1,1
113565,FALSE,0,1,1
113158,FALSE,0,1,1
113159,FALSE,0,1,1
113042,TRUE,0,NA,Not Applicable
113385,FALSE,0,1,1
113132,TRUE,0,NA,Not Applicable
112844,FALSE,0,1,1
112842,FALSE,0,1,1
113156,FALSE,0,1,1
113005,TRUE,0,NA,Not Applicable
112840,FALSE,0,1,1
112927,FALSE,0,1,1
113040,TRUE,0,NA,Not Applicable
113560,FALSE,0,1,1
11348,FALSE,0,1,1
113346,TRUE,0,NA,Not Applicable
113120,TRUE,0,NA,Not Applicable
113694,FALSE,0,1,1
113934,FALSE,0,1,1
113006,TRUE,0,NA,Not Applicable
113862,FALSE,0,1,1
113133,TRUE,0,NA,Not Applicable
113559,FALSE,0,1,1
113557,FALSE,0,1,1
113558,FALSE,0,1,1
113499,FALSE,0,1,1
112896,FALSE,0,1,1
11347,FALSE,0,1,1
113865,FALSE,0,1,1
112857,FALSE,0,1,1
113498,FALSE,0,1,1
113387,FALSE,0,1,1
113119,TRUE,0,NA,Not Applicable
114022,FALSE,0,1,1
114050,FALSE,0,1,1
114032,FALSE,0,1,1
114119,FALSE,0,1,1
114121,FALSE,0,1,1
114128,FALSE,0,1,1
113933,FALSE,0,1,1
114051,FALSE,0,1,1
114116,FALSE,0,1,1
114120,FALSE,0,1,1
114033,FALSE,0,1,1
114280,FALSE,0,1,1
113965,FALSE,0,1,1
114025,FALSE,0,1,1
114286,FALSE,0,1,1
113547,FALSE,0,1,1
114031,FALSE,0,1,1
114036,FALSE,0,1,1
114279,FALSE,0,1,1
114122,FALSE,0,1,1
114278,FALSE,0,1,1
114049,FALSE,0,1,1
114276,FALSE,0,1,1
114030,FALSE,0,1,1
114129,FALSE,0,1,1
114289,FALSE,0,1,1
114142,FALSE,0,1,1
114027,FALSE,0,1,1
114023,FALSE,0,1,1
114291,FALSE,0,1,1
114028,FALSE,0,1,1
114029,FALSE,0,1,1
114126,FALSE,0,1,1
114281,FALSE,0,1,1
114125,FALSE,0,1,1
114035,FALSE,0,1,1
114034,FALSE,0,1,1
114026,FALSE,0,1,1
114287,FALSE,0,1,1
114284,FALSE,0,1,1
114277,FALSE,0,1,1
114292,FALSE,0,1,1
114297,FALSE,0,1,1
114290,FALSE,0,1,1
114296,FALSE,0,1,1
114295,FALSE,0,1,1
114299,FALSE,0,1,1
114298,FALSE,0,1,1
114300,FALSE,0,1,1
114312,FALSE,0,1,1
114306,FALSE,0,1,1
114415,FALSE,0,1,1
114309,FALSE,0,1,1
114313,FALSE,0,1,1
114380,FALSE,0,1,1
114417,FALSE,0,1,1
114420,FALSE,0,1,1
115518,FALSE,0,1,1
115918,FALSE,0,1,1
114418,FALSE,0,1,1
114427,FALSE,0,1,1
114416,FALSE,0,1,1
115501,FALSE,0,1,1
115523,FALSE,0,1,1
114308,FALSE,0,1,1
11546,FALSE,0,1,1
114429,FALSE,0,1,1
114723,FALSE,0,1,1
115516,FALSE,0,1,1
114734,FALSE,0,1,1
114462,FALSE,0,1,1
115786,FALSE,0,1,1
116106,FALSE,0,1,1
115524,FALSE,0,1,1
115616,FALSE,0,1,1
115618,FALSE,0,1,1
115783,FALSE,0,1,1
116105,FALSE,0,1,1
114426,FALSE,0,1,1
115973,FALSE,0,1,1
115241,FALSE,0,1,1
116115,FALSE,0,1,1
116116,FALSE,0,1,1
115491,FALSE,0,1,1
114733,FALSE,0,1,1
114732,FALSE,0,1,1
115495,FALSE,0,1,1
116110,FALSE,0,1,1
116111,FALSE,0,1,1
116120,FALSE,0,1,1
116108,FALSE,0,1,1
115617,FALSE,0,1,1
116104,FALSE,0,1,1
116154,FALSE,0,1,1
115972,FALSE,0,1,1
116227,FALSE,0,1,1
116209,FALSE,0,1,1
115619,FALSE,0,1,1
114419,FALSE,0,1,1
115557,FALSE,0,1,1
116112,FALSE,0,1,1
116226,FALSE,0,1,1
115905,FALSE,0,1,1
116126,FALSE,0,1,1
116123,FALSE,0,1,1
116186,FALSE,0,1,1
116214,FALSE,0,1,1
116118,FALSE,0,1,1
115974,FALSE,0,1,1
11579,FALSE,0,1,1
116229,FALSE,0,1,1
115902,FALSE,0,1,1
116166,FALSE,0,1,1
116124,FALSE,0,1,1
116107,FALSE,0,1,1
116153,FALSE,0,1,1
116204,FALSE,0,1,1
116121,FALSE,0,1,1
116250,FALSE,0,1,1
116206,FALSE,0,1,1
115975,FALSE,0,1,1
116165,FALSE,0,1,1
116310,FALSE,0,1,1
116218,FALSE,0,1,1
116119,FALSE,0,1,1
116313,FALSE,0,1,1
116170,FALSE,0,1,1
116333,FALSE,0,1,1
116217,FALSE,0,1,1
116230,FALSE,0,1,1
11619,FALSE,0,1,1
116265,FALSE,0,1,1
116294,FALSE,0,1,1
11578,FALSE,0,1,1
116284,FALSE,0,1,1
116131,FALSE,0,1,1
116301,FALSE,0,1,1
116327,FALSE,0,1,1
116278,FALSE,0,1,1
116369,FALSE,0,1,1
116228,FALSE,0,1,1
116370,FALSE,0,1,1
116238,FALSE,0,1,1
116168,FALSE,0,1,1
116261,FALSE,0,1,1
116360,FALSE,0,1,1
116374,FALSE,0,1,1
116248,FALSE,0,1,1
116194,FALSE,0,1,1
116354,FALSE,0,1,1
116256,FALSE,0,1,1
116276,FALSE,0,1,1
116320,FALSE,0,1,1
116393,FALSE,0,1,1
116391,FALSE,0,1,1
116260,FALSE,0,1,1
116364,FALSE,0,1,1
116368,FALSE,0,1,1
116381,FALSE,0,1,1
116367,FALSE,0,1,1
116373,FALSE,0,1,1
116350,FALSE,0,1,1
116365,FALSE,0,1,1
116382,FALSE,0,1,1
116372,FALSE,0,1,1
116342,FALSE,0,1,1
116389,FALSE,0,1,1
116390,FALSE,0,1,1
116392,FALSE,0,1,1
116394,FALSE,0,1,1
116363,FALSE,0,1,1
116385,FALSE,0,1,1
116386,FALSE,0,1,1
116323,FALSE,0,1,1
116396,FALSE,0,1,1
116398,FALSE,0,1,1
116409,FALSE,0,1,1
116411,FALSE,0,1,1
116401,FALSE,0,1,1
116410,FALSE,0,1,1
116412,FALSE,0,1,1
116414,FALSE,0,1,1
116419,FALSE,0,1,1
116429,FALSE,0,1,1
11642,FALSE,0,1,1
116444,FALSE,0,1,1
116420,FALSE,0,1,1
116423,FALSE,0,1,1
116449,FALSE,0,1,1
116425,FALSE,0,1,1
116426,FALSE,0,1,1
116485,FALSE,0,1,1
116437,FALSE,0,1,1
116428,FALSE,0,1,1
116427,FALSE,0,1,1
116415,FALSE,0,1,1
116470,FALSE,0,1,1
116491,FALSE,0,1,1
116445,FALSE,0,1,1
116443,FALSE,0,1,1
116481,FALSE,0,1,1
116422,FALSE,0,1,1
116499,FALSE,0,1,1
116439,FALSE,0,1,1
116453,FALSE,0,1,1
116448,FALSE,0,1,1
116486,FALSE,0,1,1
116446,FALSE,0,1,1
116507,FALSE,0,1,1
116488,FALSE,0,1,1
116424,FALSE,0,1,1
116430,FALSE,0,1,1
116442,FALSE,0,1,1
116441,FALSE,0,1,1
11643,FALSE,0,1,1
116451,FALSE,0,1,1
116440,FALSE,0,1,1
116432,FALSE,0,1,1
116457,FALSE,0,1,1
116455,FALSE,0,1,1
116517,FALSE,0,1,1
116525,FALSE,0,1,1
116450,FALSE,0,1,1
116479,FALSE,0,1,1
116587,FALSE,0,1,1
11644,FALSE,0,1,1
116530,FALSE,0,1,1
116597,FALSE,0,1,1
116547,FALSE,0,1,1
116516,FALSE,0,1,1
116586,FALSE,0,1,1
116589,FALSE,0,1,1
116490,FALSE,0,1,1
116584,FALSE,0,1,1
116503,FALSE,0,1,1
116588,FALSE,0,1,1
116501,FALSE,0,1,1
116495,FALSE,0,1,1
116590,FALSE,0,1,1
116514,FALSE,0,1,1
116600,FALSE,0,1,1
116538,FALSE,0,1,1
116529,FALSE,0,1,1
116484,FALSE,0,1,1
116591,FALSE,0,1,1
116541,FALSE,0,1,1
116506,FALSE,0,1,1
116526,FALSE,0,1,1
116618,FALSE,0,1,1
116603,FALSE,0,1,1
116512,FALSE,0,1,1
116527,FALSE,0,1,1
116592,FALSE,0,1,1
116594,FALSE,0,1,1
116593,FALSE,0,1,1
116595,FALSE,0,1,1
116604,FALSE,0,1,1
116599,FALSE,0,1,1
116602,FALSE,0,1,1
11651,FALSE,0,1,1
116621,FALSE,0,1,1
116639,FALSE,0,1,1
116661,FALSE,0,1,1
116608,FALSE,0,1,1
116669,FALSE,0,1,1
116585,FALSE,0,1,1
116596,FALSE,0,1,1
116601,FALSE,0,1,1
116673,FALSE,0,1,1
116606,FALSE,0,1,1
116670,FALSE,0,1,1
116635,FALSE,0,1,1
116679,FALSE,0,1,1
116637,FALSE,0,1,1
116688,FALSE,0,1,1
116636,FALSE,0,1,1
116598,FALSE,0,1,1
116674,FALSE,0,1,1
116666,FALSE,0,1,1
116628,FALSE,0,1,1
116667,FALSE,0,1,1
116660,FALSE,0,1,1
116605,FALSE,0,1,1
116649,FALSE,0,1,1
116680,FALSE,0,1,1
116672,FALSE,0,1,1
116675,FALSE,0,1,1
116648,FALSE,0,1,1
116677,FALSE,0,1,1
116650,FALSE,0,1,1
116668,FALSE,0,1,1
116693,FALSE,0,1,1
116692,FALSE,0,1,1
116678,FALSE,0,1,1
116681,FALSE,0,1,1
11663,FALSE,0,1,1
116694,FALSE,0,1,1
116696,FALSE,0,1,1
116676,FALSE,0,1,1
116700,FALSE,0,1,1
116695,FALSE,0,1,1
116698,FALSE,0,1,1
116697,FALSE,0,1,1
116699,FALSE,0,1,1
116703,FALSE,0,1,1
116702,FALSE,0,1,1
116701,FALSE,0,1,1
116715,FALSE,0,1,1
116727,FALSE,0,1,1
116723,FALSE,0,1,1
116751,FALSE,0,1,1
116747,FALSE,0,1,1
116730,FALSE,0,1,1
116706,FALSE,0,1,1
116711,FALSE,0,1,1
116717,FALSE,0,1,1
116707,FALSE,0,1,1
116739,FALSE,0,1,1
116714,FALSE,0,1,1
116716,FALSE,0,1,1
116721,FALSE,0,1,1
116725,FALSE,0,1,1
116760,FALSE,0,1,1
116720,FALSE,0,1,1
116722,FALSE,0,1,1
116728,FALSE,0,1,1
116745,FALSE,0,1,1
116724,FALSE,0,1,1
116776,FALSE,0,1,1
116765,FALSE,0,1,1
116758,FALSE,0,1,1
116778,FALSE,0,1,1
116743,FALSE,0,1,1
116868,FALSE,0,1,1
116790,FALSE,0,1,1
116752,FALSE,0,1,1
116732,FALSE,0,1,1
116768,FALSE,0,1,1
117095,TRUE,0,NA,Not Applicable
116733,FALSE,0,1,1
116786,FALSE,0,1,1
116766,FALSE,0,1,1
117098,TRUE,0,NA,Not Applicable
116773,FALSE,0,1,1
117049,FALSE,0,1,1
117097,TRUE,0,NA,Not Applicable
116767,FALSE,0,1,1
116795,FALSE,0,1,1
116764,FALSE,0,1,1
116770,FALSE,0,1,1
116798,FALSE,0,1,1
116803,FALSE,0,1,1
116756,FALSE,0,1,1
116800,FALSE,0,1,1
116816,FALSE,0,1,1
116781,FALSE,0,1,1
116799,FALSE,0,1,1
116796,FALSE,0,1,1
116854,FALSE,0,1,1
117101,TRUE,0,NA,Not Applicable
116853,FALSE,0,1,1
116797,FALSE,0,1,1
116835,FALSE,0,1,1
116808,FALSE,0,1,1
11680,FALSE,0,1,1
116818,FALSE,0,1,1
116789,FALSE,0,1,1
116855,FALSE,0,1,1
116822,FALSE,0,1,1
117103,TRUE,0,NA,Not Applicable
117046,FALSE,0,1,1
116879,FALSE,0,1,1
116926,FALSE,0,1,1
117811,TRUE,0,NA,Not Applicable
117100,TRUE,0,NA,Not Applicable
117318,FALSE,0,1,1
117319,FALSE,0,1,1
117104,TRUE,0,NA,Not Applicable
117788,FALSE,0,1,1
116946,FALSE,0,1,1
117776,FALSE,0,1,1
117105,TRUE,0,NA,Not Applicable
117815,TRUE,0,NA,Not Applicable
117785,FALSE,0,1,1
117794,FALSE,0,1,1
117782,FALSE,0,1,1
117779,FALSE,0,1,1
117865,TRUE,0,NA,Not Applicable
11770,FALSE,0,1,1
117061,FALSE,0,1,1
117770,FALSE,0,1,1
117417,FALSE,0,1,1
117878,TRUE,0,NA,Not Applicable
117813,TRUE,0,NA,Not Applicable
117791,FALSE,0,1,1
116898,TRUE,0,NA,Not Applicable
117148,FALSE,0,1,1
117773,FALSE,0,1,1
117863,TRUE,0,NA,Not Applicable
117882,TRUE,0,NA,Not Applicable
117413,FALSE,1,2,2
11779,FALSE,0,1,1
117901,TRUE,0,NA,Not Applicable
117880,TRUE,0,NA,Not Applicable
117803,FALSE,0,1,1
117721,FALSE,1,2,2
117893,TRUE,0,NA,Not Applicable
117887,TRUE,0,NA,Not Applicable
117812,TRUE,0,NA,Not Applicable
117895,TRUE,0,NA,Not Applicable
117869,TRUE,0,NA,Not Applicable
117876,TRUE,0,NA,Not Applicable
117814,TRUE,0,NA,Not Applicable
117871,TRUE,0,NA,Not Applicable
117767,FALSE,0,1,1
117321,FALSE,0,1,1
117867,TRUE,0,NA,Not Applicable
117816,TRUE,0,NA,Not Applicable
117801,FALSE,0,1,1
117897,TRUE,0,NA,Not Applicable
117899,TRUE,0,NA,Not Applicable
117905,TRUE,0,NA,Not Applicable
117903,TRUE,0,NA,Not Applicable
117889,TRUE,0,NA,Not Applicable
117891,TRUE,0,NA,Not Applicable
117926,FALSE,0,1,1
118011,TRUE,0,NA,Not Applicable
117928,FALSE,0,1,1
117929,FALSE,0,1,1
117927,FALSE,0,1,1
11795,FALSE,0,1,1
118012,TRUE,0,NA,Not Applicable
118031,FALSE,0,1,1
118089,FALSE,0,1,1
118072,FALSE,0,1,1
118296,FALSE,0,1,1
118297,FALSE,0,1,1
118073,FALSE,0,1,1
118093,FALSE,0,1,1
118040,FALSE,0,1,1
118084,FALSE,0,1,1
118328,FALSE,0,1,1
118298,FALSE,0,1,1
118910,FALSE,0,1,1
118710,FALSE,0,1,1
118321,FALSE,0,1,1
118709,FALSE,0,1,1
118912,FALSE,0,1,1
118628,FALSE,0,1,1
118911,FALSE,0,1,1
118422,TRUE,0,NA,Not Applicable
118317,FALSE,0,1,1
118032,FALSE,0,1,1
118636,FALSE,0,1,1
118300,FALSE,0,1,1
119059,FALSE,0,1,1
118864,FALSE,0,1,1
118711,FALSE,0,1,1
118301,FALSE,0,1,1
118732,FALSE,0,1,1
118312,FALSE,0,1,1
11923,FALSE,0,1,1
118614,FALSE,0,1,1
118299,FALSE,0,1,1
118327,FALSE,0,1,1
118315,FALSE,0,1,1
118742,FALSE,0,1,1
118956,FALSE,0,1,1
118483,FALSE,0,1,1
11941,FALSE,0,1,1
118360,FALSE,0,1,1
118615,FALSE,0,1,1
118330,FALSE,0,1,1
118850,FALSE,0,1,1
118870,FALSE,0,1,1
118313,FALSE,0,1,1
120179,FALSE,0,1,1
11957,FALSE,0,1,1
119223,FALSE,0,1,1
119061,FALSE,0,1,1
118314,FALSE,0,1,1
120184,FALSE,0,1,1
119910,FALSE,0,1,1
118993,TRUE,0,NA,Not Applicable
118952,FALSE,0,1,1
119906,FALSE,0,1,1
118738,FALSE,0,1,1
119295,FALSE,0,1,1
119950,FALSE,0,1,1
118736,FALSE,0,1,1
120181,FALSE,0,1,1
119021,FALSE,0,1,1
118734,FALSE,0,1,1
11956,TRUE,0,NA,Not Applicable
120219,FALSE,0,1,1
118979,FALSE,1,2,2
119296,FALSE,0,1,1
11928,FALSE,0,1,1
120180,FALSE,0,1,1
119224,FALSE,0,1,1
118743,FALSE,1,2,2
11908,FALSE,0,1,1
120203,FALSE,0,1,1
120192,FALSE,0,1,1
120182,FALSE,0,1,1
119816,FALSE,0,1,1
120199,FALSE,0,1,1
120183,FALSE,0,1,1
120296,TRUE,0,NA,Not Applicable
120515,FALSE,0,1,1
11939,FALSE,0,1,1
120186,FALSE,0,1,1
120185,FALSE,0,1,1
119718,FALSE,0,1,1
120196,FALSE,0,1,1
120198,FALSE,0,1,1
120187,FALSE,0,1,1
120188,FALSE,0,1,1
120201,FALSE,0,1,1
120189,FALSE,0,1,1
120193,FALSE,0,1,1
120190,FALSE,0,1,1
120197,FALSE,0,1,1
120162,FALSE,0,1,1
120317,FALSE,0,1,1
120202,FALSE,0,1,1
120313,FALSE,0,1,1
120387,FALSE,0,1,1
120207,FALSE,0,1,1
12093,FALSE,0,1,1
120204,FALSE,0,1,1
120517,FALSE,0,1,1
120194,FALSE,0,1,1
120191,FALSE,0,1,1
120316,FALSE,0,1,1
120725,FALSE,0,1,1
120721,FALSE,0,1,1
120724,FALSE,0,1,1
120200,FALSE,0,1,1
120518,FALSE,0,1,1
12091,FALSE,0,1,1
120867,FALSE,0,1,1
12092,FALSE,0,1,1
120516,FALSE,0,1,1
120720,FALSE,0,1,1
121478,FALSE,0,1,1
121479,FALSE,1,2,2
121511,FALSE,0,1,1
12089,FALSE,0,1,1
120722,FALSE,0,1,1
120933,FALSE,0,1,1
121707,TRUE,0,NA,Not Applicable
121480,FALSE,0,1,1
121148,FALSE,0,1,1
121509,FALSE,0,1,1
121708,TRUE,0,NA,Not Applicable
121730,TRUE,0,NA,Not Applicable
121508,FALSE,0,1,1
121510,FALSE,0,1,1
121731,TRUE,0,NA,Not Applicable
121747,FALSE,0,1,1
121748,FALSE,0,1,1
121764,FALSE,0,1,1
121771,TRUE,0,NA,Not Applicable
121763,FALSE,0,1,1
121772,TRUE,0,NA,Not Applicable
121799,FALSE,0,1,1
122165,FALSE,0,1,1
121803,FALSE,0,1,1
121852,FALSE,0,1,1
122163,FALSE,0,1,1
121804,FALSE,0,1,1
121807,FALSE,0,1,1
121861,FALSE,0,1,1
121870,FALSE,0,1,1
121808,FALSE,0,1,1
122246,FALSE,0,1,1
122033,FALSE,0,1,1
122247,FALSE,0,1,1
122036,FALSE,0,1,1
121946,FALSE,0,1,1
122164,FALSE,0,1,1
121800,FALSE,0,1,1
121962,FALSE,0,1,1
122170,FALSE,0,1,1
122162,FALSE,0,1,1
122525,FALSE,0,1,1
122171,FALSE,0,1,1
121974,FALSE,0,1,1
122489,FALSE,0,1,1
122290,FALSE,0,1,1
122167,FALSE,0,1,1
122169,FALSE,0,1,1
122293,FALSE,0,1,1
12193,FALSE,0,1,1
12257,FALSE,0,1,1
122166,FALSE,0,1,1
122492,FALSE,0,1,1
122496,FALSE,0,1,1
12243,FALSE,0,1,1
122523,FALSE,0,1,1
122287,FALSE,0,1,1
122491,FALSE,0,1,1
12247,FALSE,0,1,1
122172,FALSE,0,1,1
122488,FALSE,0,1,1
122294,FALSE,0,1,1
122292,FALSE,0,1,1
122493,FALSE,0,1,1
122498,FALSE,0,1,1
122289,FALSE,0,1,1
122490,FALSE,0,1,1
122291,FALSE,0,1,1
122168,FALSE,0,1,1
122288,FALSE,0,1,1
122471,FALSE,0,1,1
12252,FALSE,0,1,1
122472,FALSE,0,1,1
122500,FALSE,0,1,1
12286,FALSE,0,1,1
12283,FALSE,0,1,1
122844,FALSE,0,1,1
122874,FALSE,0,1,1
122494,FALSE,0,1,1
122697,FALSE,0,1,1
12254,FALSE,0,1,1
12305,FALSE,0,1,1
123111,FALSE,0,1,1
122499,FALSE,0,1,1
122954,FALSE,0,1,1
122495,FALSE,0,1,1
123295,FALSE,0,1,1
12298,FALSE,0,1,1
122981,FALSE,0,1,1
12304,FALSE,0,1,1
122964,FALSE,0,1,1
123109,FALSE,0,1,1
12284,FALSE,0,1,1
123136,FALSE,0,1,1
122497,FALSE,0,1,1
122953,FALSE,0,1,1
124068,FALSE,0,1,1
12301,FALSE,0,1,1
122966,FALSE,0,1,1
122845,FALSE,0,1,1
123106,FALSE,0,1,1
122699,FALSE,0,1,1
122956,FALSE,0,1,1
123107,FALSE,0,1,1
123112,FALSE,0,1,1
123113,FALSE,0,1,1
123110,FALSE,0,1,1
123299,FALSE,0,1,1
123636,FALSE,0,1,1
123108,FALSE,0,1,1
124180,FALSE,0,1,1
123611,FALSE,0,1,1
123614,FALSE,0,1,1
122971,FALSE,0,1,1
123589,FALSE,0,1,1
123613,FALSE,0,1,1
123635,FALSE,0,1,1
122991,FALSE,0,1,1
123628,FALSE,0,1,1
123632,FALSE,0,1,1
122955,FALSE,0,1,1
124619,FALSE,0,1,1
124623,FALSE,0,1,1
123615,FALSE,0,1,1
124069,FALSE,0,1,1
123612,FALSE,0,1,1
12337,FALSE,0,1,1
124374,FALSE,0,1,1
123318,FALSE,0,1,1
124364,FALSE,0,1,1
124690,FALSE,0,1,1
124406,FALSE,0,1,1
124622,FALSE,0,1,1
124624,FALSE,0,1,1
124658,FALSE,0,1,1
124667,FALSE,0,1,1
124096,FALSE,0,1,1
124693,FALSE,0,1,1
123638,FALSE,0,1,1
124692,FALSE,0,1,1
124691,FALSE,0,1,1
124694,FALSE,0,1,1
124695,FALSE,0,1,1
124770,FALSE,0,1,1
124882,FALSE,0,1,1
124937,TRUE,0,NA,Not Applicable
124948,TRUE,0,NA,Not Applicable
124930,FALSE,0,1,1
124949,TRUE,0,NA,Not Applicable
124970,FALSE,0,1,1
124975,FALSE,0,1,1
124972,FALSE,0,1,1
124971,FALSE,0,1,1
124974,FALSE,0,1,1
125179,FALSE,0,1,1
125599,FALSE,0,1,1
125690,FALSE,0,1,1
125751,FALSE,0,1,1
125890,FALSE,0,1,1
125594,FALSE,0,1,1
125893,FALSE,0,1,1
125886,FALSE,0,1,1
125894,FALSE,0,1,1
125593,FALSE,0,1,1
125900,FALSE,0,1,1
125850,FALSE,0,1,1
125178,FALSE,0,1,1
125892,FALSE,0,1,1
125888,FALSE,0,1,1
125901,FALSE,0,1,1
125895,FALSE,0,1,1
125891,FALSE,0,1,1
125714,FALSE,0,1,1
125913,FALSE,0,1,1
125899,FALSE,0,1,1
125177,FALSE,0,1,1
125851,FALSE,0,1,1
125896,FALSE,0,1,1
125750,FALSE,0,1,1
125905,FALSE,0,1,1
125914,FALSE,0,1,1
125889,FALSE,0,1,1
125921,FALSE,0,1,1
125887,FALSE,0,1,1
125912,FALSE,0,1,1
125897,FALSE,0,1,1
125924,FALSE,0,1,1
125931,FALSE,0,1,1
125903,FALSE,0,1,1
125898,FALSE,0,1,1
125906,FALSE,0,1,1
125852,FALSE,0,1,1
125902,FALSE,0,1,1
125922,FALSE,0,1,1
125909,FALSE,0,1,1
125910,FALSE,0,1,1
125907,FALSE,0,1,1
125908,FALSE,0,1,1
125917,FALSE,0,1,1
125920,FALSE,0,1,1
125930,FALSE,0,1,1
125915,FALSE,0,1,1
125916,FALSE,0,1,1
125911,FALSE,0,1,1
125932,FALSE,0,1,1
125904,FALSE,0,1,1
125918,FALSE,0,1,1
125923,FALSE,0,1,1
125952,FALSE,0,1,1
125928,FALSE,0,1,1
125929,FALSE,0,1,1
125939,FALSE,0,1,1
125947,FALSE,0,1,1
125925,FALSE,0,1,1
125938,FALSE,0,1,1
125933,FALSE,0,1,1
125934,FALSE,0,1,1
125949,FALSE,0,1,1
125926,FALSE,0,1,1
125941,FALSE,0,1,1
125940,FALSE,0,1,1
125935,FALSE,0,1,1
125951,FALSE,0,1,1
125937,FALSE,0,1,1
125956,FALSE,0,1,1
125942,FALSE,0,1,1
125943,FALSE,0,1,1
125950,FALSE,0,1,1
125948,FALSE,0,1,1
125944,FALSE,0,1,1
125945,FALSE,0,1,1
125955,FALSE,0,1,1
125961,FALSE,0,1,1
125954,FALSE,0,1,1
125946,FALSE,0,1,1
125953,FALSE,0,1,1
125962,FALSE,0,1,1
125959,FALSE,0,1,1
125972,FALSE,0,1,1
125960,FALSE,0,1,1
125957,FALSE,0,1,1
125968,FALSE,0,1,1
125971,FALSE,0,1,1
125974,FALSE,0,1,1
125958,FALSE,0,1,1
125965,FALSE,0,1,1
125966,FALSE,0,1,1
125969,FALSE,0,1,1
125978,FALSE,0,1,1
12597,TRUE,0,NA,Not Applicable
125980,FALSE,0,1,1
125977,FALSE,0,1,1
125964,FALSE,0,1,1
125981,FALSE,0,1,1
125970,FALSE,0,1,1
125975,FALSE,0,1,1
125986,FALSE,0,1,1
125988,FALSE,0,1,1
125979,FALSE,0,1,1
125973,FALSE,0,1,1
125990,FALSE,0,1,1
125989,FALSE,0,1,1
125976,FALSE,0,1,1
125984,FALSE,0,1,1
125985,FALSE,0,1,1
125987,FALSE,0,1,1
125994,FALSE,0,1,1
125991,FALSE,0,1,1
125993,FALSE,0,1,1
12599,FALSE,0,1,1
125992,FALSE,0,1,1
125995,FALSE,0,1,1
125996,FALSE,0,1,1
125997,FALSE,0,1,1
125998,FALSE,0,1,1
125999,FALSE,0,1,1
126001,FALSE,0,1,1
12600,FALSE,0,1,1
126000,FALSE,0,1,1
126462,FALSE,0,1,1
126686,FALSE,0,1,1
12660,FALSE,0,1,1
12605,FALSE,0,1,1
126542,FALSE,0,1,1
126543,FALSE,0,1,1
126553,FALSE,0,1,1
12601,FALSE,0,1,1
12664,FALSE,0,1,1
127506,FALSE,0,1,1
126544,FALSE,0,1,1
127504,FALSE,0,1,1
126692,FALSE,0,1,1
126693,FALSE,0,1,1
126546,FALSE,0,1,1
127282,FALSE,0,1,1
126552,FALSE,0,1,1
126463,FALSE,0,1,1
126547,FALSE,0,1,1
127191,FALSE,1,2,2
127111,FALSE,0,1,1
127283,FALSE,0,1,1
126493,FALSE,0,1,1
127511,FALSE,0,1,1
127288,FALSE,0,1,1
127527,TRUE,0,NA,Not Applicable
127505,FALSE,1,2,2
127588,FALSE,0,1,1
126581,FALSE,0,1,1
126494,FALSE,0,1,1
127528,TRUE,0,NA,Not Applicable
127278,FALSE,0,1,1
12663,FALSE,0,1,1
127460,FALSE,0,1,1
127509,FALSE,0,1,1
127510,FALSE,0,1,1
127507,FALSE,0,1,1
127508,FALSE,0,1,1
127190,FALSE,0,1,1
127279,FALSE,0,1,1
12678,FALSE,0,1,1
127695,TRUE,0,NA,Not Applicable
127856,FALSE,0,1,1
127589,FALSE,0,1,1
127622,FALSE,0,1,1
127110,FALSE,0,1,1
127660,FALSE,0,1,1
127621,FALSE,0,1,1
127108,FALSE,0,1,1
128054,FALSE,0,1,1
127888,FALSE,0,1,1
127627,FALSE,0,1,1
128059,FALSE,0,1,1
127662,FALSE,0,1,1
12674,FALSE,0,1,1
127857,FALSE,0,1,1
127661,FALSE,0,1,1
127626,FALSE,0,1,1
128069,FALSE,1,2,2
128078,FALSE,0,1,1
127659,FALSE,0,1,1
128076,FALSE,0,1,1
127628,FALSE,0,1,1
127612,FALSE,0,1,1
127663,FALSE,0,1,1
127638,FALSE,0,1,1
128049,FALSE,0,1,1
127591,FALSE,0,1,1
128053,FALSE,0,1,1
128065,FALSE,0,1,1
128036,FALSE,0,1,1
128253,FALSE,0,1,1
127633,FALSE,1,2,2
128083,FALSE,0,1,1
128082,FALSE,0,1,1
128043,FALSE,0,1,1
128121,TRUE,0,NA,Not Applicable
128079,FALSE,0,1,1
128080,FALSE,0,1,1
128254,FALSE,0,1,1
128120,TRUE,0,NA,Not Applicable
128081,FALSE,0,1,1
128075,FALSE,0,1,1
128084,FALSE,0,1,1
128151,FALSE,0,1,1
128087,FALSE,0,1,1
128386,FALSE,0,1,1
128119,TRUE,0,NA,Not Applicable
128123,TRUE,0,NA,Not Applicable
128122,TRUE,0,NA,Not Applicable
128150,FALSE,0,1,1
128255,FALSE,0,1,1
128050,FALSE,0,1,1
128256,FALSE,0,1,1
128231,FALSE,1,2,2
128077,FALSE,0,1,1
128257,FALSE,0,1,1
128230,FALSE,1,2,2
128328,FALSE,0,1,1
128277,FALSE,0,1,1
128085,FALSE,0,1,1
128275,FALSE,0,1,1
128086,FALSE,0,1,1
128274,FALSE,0,1,1
128272,FALSE,1,2,2
128660,FALSE,0,1,1
128273,FALSE,1,2,2
128551,FALSE,0,1,1
128507,FALSE,0,1,1
128652,FALSE,0,1,1
128812,FALSE,0,1,1
128327,FALSE,0,1,1
128813,FALSE,0,1,1
128426,FALSE,0,1,1
128819,FALSE,0,1,1
128815,FALSE,0,1,1
128814,FALSE,0,1,1
128817,FALSE,0,1,1
128818,FALSE,0,1,1
128816,FALSE,0,1,1
128820,FALSE,0,1,1
128822,FALSE,0,1,1
128821,FALSE,0,1,1
128838,FALSE,0,1,1
128823,FALSE,0,1,1
128839,FALSE,0,1,1
128872,FALSE,0,1,1
128871,FALSE,0,1,1
128840,FALSE,0,1,1
129442,TRUE,0,NA,Not Applicable
128875,FALSE,0,1,1
129435,FALSE,0,1,1
129092,FALSE,0,1,1
128874,FALSE,0,1,1
128873,FALSE,0,1,1
129475,FALSE,0,1,1
129477,FALSE,0,1,1
129471,FALSE,0,1,1
129441,TRUE,0,NA,Not Applicable
129274,FALSE,1,2,2
129767,TRUE,0,NA,Not Applicable
129706,FALSE,0,1,1
129750,TRUE,0,NA,Not Applicable
129494,FALSE,0,1,1
128958,FALSE,0,1,1
128960,FALSE,0,1,1
129773,TRUE,0,NA,Not Applicable
129479,FALSE,0,1,1
129761,TRUE,0,NA,Not Applicable
129488,FALSE,0,1,1
129443,FALSE,0,1,1
129483,FALSE,0,1,1
12965,FALSE,0,1,1
129748,TRUE,0,NA,Not Applicable
129708,FALSE,0,1,1
129641,FALSE,0,1,1
129472,FALSE,0,1,1
129749,TRUE,0,NA,Not Applicable
12967,FALSE,0,1,1
129476,FALSE,0,1,1
129640,FALSE,0,1,1
130975,FALSE,0,1,1
129747,TRUE,0,NA,Not Applicable
129668,FALSE,0,1,1
129823,FALSE,0,1,1
129827,FALSE,0,1,1
12980,FALSE,0,1,1
12982,FALSE,0,1,1
129770,TRUE,0,NA,Not Applicable
129838,FALSE,0,1,1
129826,FALSE,0,1,1
130983,TRUE,0,NA,Not Applicable
12981,FALSE,0,1,1
129894,FALSE,0,1,1
12968,FALSE,0,1,1
129769,TRUE,0,NA,Not Applicable
129825,FALSE,0,1,1
12986,FALSE,0,1,1
129751,FALSE,0,1,1
129909,FALSE,0,1,1
130977,FALSE,0,1,1
129478,FALSE,0,1,1
13031,FALSE,0,1,1
12976,FALSE,0,1,1
129667,FALSE,0,1,1
131202,FALSE,0,1,1
131134,FALSE,0,1,1
12975,FALSE,0,1,1
130982,TRUE,0,NA,Not Applicable
131133,FALSE,0,1,1
129822,FALSE,0,1,1
130981,TRUE,0,NA,Not Applicable
129839,FALSE,0,1,1
131683,FALSE,0,1,1
131682,FALSE,0,1,1
130279,FALSE,0,1,1
131201,FALSE,0,1,1
129824,FALSE,0,1,1
130934,FALSE,0,1,1
131703,FALSE,0,1,1
132362,TRUE,0,NA,Not Applicable
13009,FALSE,0,1,1
130935,FALSE,0,1,1
13010,FALSE,0,1,1
132361,TRUE,0,NA,Not Applicable
132360,FALSE,0,1,1
131684,FALSE,0,1,1
131132,FALSE,0,1,1
131207,FALSE,0,1,1
131206,FALSE,0,1,1
131501,FALSE,0,1,1
131203,FALSE,0,1,1
131299,FALSE,0,1,1
131389,FALSE,0,1,1
131484,FALSE,0,1,1
132389,FALSE,0,1,1
131204,FALSE,0,1,1
131315,FALSE,0,1,1
131205,FALSE,0,1,1
132364,TRUE,0,NA,Not Applicable
132393,FALSE,0,1,1
131316,FALSE,0,1,1
131391,FALSE,0,1,1
132365,TRUE,0,NA,Not Applicable
131701,FALSE,0,1,1
132407,FALSE,0,1,1
132363,TRUE,0,NA,Not Applicable
132398,FALSE,0,1,1
131314,FALSE,0,1,1
131499,FALSE,0,1,1
131300,FALSE,0,1,1
132397,FALSE,0,1,1
132410,FALSE,0,1,1
132411,FALSE,0,1,1
132409,FALSE,0,1,1
132399,FALSE,0,1,1
132400,FALSE,0,1,1
132408,FALSE,0,1,1
132412,FALSE,0,1,1
132598,FALSE,0,1,1
132604,FALSE,0,1,1
132414,FALSE,0,1,1
132601,FALSE,0,1,1
132600,FALSE,0,1,1
132594,FALSE,0,1,1
132603,FALSE,0,1,1
132605,FALSE,0,1,1
132602,FALSE,0,1,1
132643,FALSE,0,1,1
132644,FALSE,0,1,1
132645,FALSE,0,1,1
132646,FALSE,0,1,1
132647,FALSE,0,1,1
132648,FALSE,0,1,1
132649,FALSE,0,1,1
132651,FALSE,0,1,1
132650,FALSE,0,1,1
132717,FALSE,0,1,1
132652,FALSE,0,1,1
132653,FALSE,0,1,1
132715,FALSE,0,1,1
132716,FALSE,0,1,1
132939,FALSE,0,1,1
132709,FALSE,0,1,1
132710,FALSE,0,1,1
133018,FALSE,0,1,1
132965,FALSE,0,1,1
132712,FALSE,0,1,1
132967,FALSE,0,1,1
132974,FALSE,0,1,1
132964,FALSE,0,1,1
132711,FALSE,0,1,1
132713,FALSE,0,1,1
133025,FALSE,0,1,1
133608,FALSE,0,1,1
133027,FALSE,0,1,1
133017,FALSE,0,1,1
132714,FALSE,0,1,1
133028,FALSE,0,1,1
133387,FALSE,0,1,1
132946,FALSE,0,1,1
133079,FALSE,0,1,1
133080,FALSE,0,1,1
133461,FALSE,0,1,1
132963,FALSE,0,1,1
133458,FALSE,0,1,1
133282,FALSE,0,1,1
132944,FALSE,0,1,1
132945,FALSE,0,1,1
133026,FALSE,0,1,1
133046,FALSE,0,1,1
133745,FALSE,0,1,1
133784,FALSE,0,1,1
133747,TRUE,0,NA,Not Applicable
133023,FALSE,0,1,1
133506,TRUE,0,NA,Not Applicable
133045,FALSE,0,1,1
13378,FALSE,0,1,1
133752,FALSE,0,1,1
133744,FALSE,0,1,1
133566,FALSE,0,1,1
133022,FALSE,0,1,1
133078,FALSE,0,1,1
133273,FALSE,0,1,1
133390,TRUE,0,NA,Not Applicable
133751,FALSE,0,1,1
133385,FALSE,0,1,1
133766,FALSE,0,1,1
132943,FALSE,0,1,1
133274,FALSE,0,1,1
133815,FALSE,0,1,1
133808,FALSE,0,1,1
133816,FALSE,0,1,1
134129,TRUE,0,NA,Not Applicable
13382,FALSE,0,1,1
133767,FALSE,0,1,1
133858,FALSE,1,2,2
133785,FALSE,0,1,1
134128,TRUE,0,NA,Not Applicable
133820,FALSE,0,1,1
133854,FALSE,0,1,1
133929,FALSE,0,1,1
133922,FALSE,0,1,1
133928,FALSE,0,1,1
133962,FALSE,0,1,1
133817,FALSE,0,1,1
133821,FALSE,0,1,1
133860,FALSE,0,1,1
133856,FALSE,0,1,1
133926,FALSE,0,1,1
133823,FALSE,0,1,1
133822,FALSE,0,1,1
133819,FALSE,0,1,1
133825,FALSE,0,1,1
133818,FALSE,0,1,1
133983,FALSE,0,1,1
134135,FALSE,0,1,1
133923,FALSE,0,1,1
13389,FALSE,0,1,1
134131,TRUE,0,NA,Not Applicable
134142,TRUE,0,NA,Not Applicable
133824,FALSE,0,1,1
134130,TRUE,0,NA,Not Applicable
133980,FALSE,0,1,1
134136,FALSE,0,1,1
134133,FALSE,0,1,1
133977,FALSE,0,1,1
134137,FALSE,0,1,1
134150,FALSE,0,1,1
134138,FALSE,0,1,1
134166,FALSE,0,1,1
134134,FALSE,0,1,1
134162,FALSE,0,1,1
134165,FALSE,0,1,1
134155,FALSE,0,1,1
134151,FALSE,0,1,1
134152,FALSE,0,1,1
134153,FALSE,0,1,1
134161,FALSE,0,1,1
134154,FALSE,0,1,1
134167,FALSE,0,1,1
133927,FALSE,0,1,1
134164,FALSE,0,1,1
134160,FALSE,0,1,1
134159,FALSE,0,1,1
134168,FALSE,0,1,1
134170,FALSE,0,1,1
134171,FALSE,0,1,1
134310,TRUE,0,NA,Not Applicable
134197,FALSE,0,1,1
134603,FALSE,0,1,1
134189,FALSE,0,1,1
134175,FALSE,0,1,1
134226,FALSE,0,1,1
134662,FALSE,0,1,1
134661,FALSE,0,1,1
134665,FALSE,0,1,1
134666,FALSE,0,1,1
134679,TRUE,0,NA,Not Applicable
134667,FALSE,0,1,1
134702,FALSE,1,2,2
134703,FALSE,1,2,2
134709,FALSE,1,2,2
134857,FALSE,0,1,1
134711,FALSE,1,2,2
134712,FALSE,1,2,2
134710,FALSE,1,2,2
134706,FALSE,1,2,2
134832,FALSE,0,1,1
134861,TRUE,0,NA,Not Applicable
134858,FALSE,0,1,1
134989,FALSE,0,1,1
134868,FALSE,0,1,1
134860,FALSE,0,1,1
134903,FALSE,0,1,1
134859,FALSE,0,1,1
134866,FALSE,0,1,1
134869,FALSE,0,1,1
134863,FALSE,0,1,1
134867,FALSE,0,1,1
134997,FALSE,0,1,1
134864,FALSE,0,1,1
135263,FALSE,0,1,1
134907,FALSE,0,1,1
134998,FALSE,0,1,1
135429,FALSE,0,1,1
135595,TRUE,0,NA,Not Applicable
134905,FALSE,0,1,1
134865,FALSE,0,1,1
135049,FALSE,0,1,1
135428,FALSE,0,1,1
134990,FALSE,0,1,1
134991,FALSE,0,1,1
135339,FALSE,0,1,1
134906,FALSE,0,1,1
134959,FALSE,0,1,1
135264,FALSE,0,1,1
134910,FALSE,0,1,1
134984,FALSE,0,1,1
135612,FALSE,0,1,1
135299,FALSE,0,1,1
134911,FALSE,0,1,1
135046,FALSE,0,1,1
135463,FALSE,0,1,1
135670,FALSE,0,1,1
134962,FALSE,0,1,1
134988,FALSE,0,1,1
135601,TRUE,0,NA,Not Applicable
135474,TRUE,0,NA,Not Applicable
135265,FALSE,0,1,1
135766,FALSE,0,1,1
135672,FALSE,0,1,1
135671,FALSE,0,1,1
135461,FALSE,0,1,1
134987,FALSE,0,1,1
135631,FALSE,0,1,1
135682,FALSE,0,1,1
135404,FALSE,0,1,1
135403,FALSE,0,1,1
135932,TRUE,0,NA,Not Applicable
135459,FALSE,1,2,2
135561,FALSE,0,1,1
135402,FALSE,0,1,1
135691,FALSE,0,1,1
135683,FALSE,0,1,1
135673,FALSE,0,1,1
135935,FALSE,0,1,1
135685,FALSE,0,1,1
135605,FALSE,0,1,1
135998,FALSE,0,1,1
135997,FALSE,0,1,1
135684,FALSE,0,1,1
135994,FALSE,0,1,1
135812,FALSE,0,1,1
135688,FALSE,0,1,1
135995,FALSE,0,1,1
135689,FALSE,0,1,1
135690,FALSE,0,1,1
136098,TRUE,0,NA,Not Applicable
136325,FALSE,0,1,1
136129,TRUE,0,NA,Not Applicable
136000,FALSE,0,1,1
136002,FALSE,0,1,1
136085,TRUE,0,NA,Not Applicable
136004,FALSE,0,1,1
136323,FALSE,0,1,1
136130,TRUE,0,NA,Not Applicable
136001,FALSE,0,1,1
135999,FALSE,0,1,1
13608,FALSE,0,1,1
136003,FALSE,0,1,1
136086,TRUE,0,NA,Not Applicable
136005,FALSE,0,1,1
136134,TRUE,0,NA,Not Applicable
136316,FALSE,0,1,1
136320,FALSE,0,1,1
136319,FALSE,0,1,1
136337,FALSE,0,1,1
136318,FALSE,0,1,1
136626,TRUE,0,NA,Not Applicable
136477,FALSE,0,1,1
136620,FALSE,0,1,1
136457,FALSE,0,1,1
135996,FALSE,0,1,1
136627,TRUE,0,NA,Not Applicable
137063,TRUE,0,NA,Not Applicable
136996,FALSE,0,1,1
136618,FALSE,0,1,1
137055,TRUE,0,NA,Not Applicable
137188,FALSE,0,1,1
136625,FALSE,0,1,1
13719,FALSE,0,1,1
136936,FALSE,0,1,1
136998,FALSE,0,1,1
137713,TRUE,0,NA,Not Applicable
137708,FALSE,0,1,1
136997,FALSE,0,1,1
13721,FALSE,0,1,1
13720,FALSE,0,1,1
137709,FALSE,0,1,1
137724,FALSE,0,1,1
137725,FALSE,0,1,1
13776,FALSE,0,1,1
137734,FALSE,0,1,1
137764,FALSE,0,1,1
137813,FALSE,0,1,1
137812,FALSE,0,1,1
137815,FALSE,0,1,1
137814,FALSE,0,1,1
137765,FALSE,0,1,1
137816,FALSE,0,1,1
137817,FALSE,0,1,1
137819,FALSE,0,1,1
137818,FALSE,0,1,1
137820,FALSE,0,1,1
137822,FALSE,0,1,1
137925,FALSE,0,1,1
137821,FALSE,0,1,1
137823,FALSE,0,1,1
137926,FALSE,0,1,1
138152,FALSE,0,1,1
137824,FALSE,0,1,1
138006,FALSE,0,1,1
137929,FALSE,0,1,1
137927,FALSE,0,1,1
137880,FALSE,0,1,1
13878,TRUE,0,NA,Not Applicable
138001,FALSE,0,1,1
138363,TRUE,0,NA,Not Applicable
138261,TRUE,0,NA,Not Applicable
138003,FALSE,0,1,1
138007,FALSE,0,1,1
138293,FALSE,0,1,1
137825,FALSE,0,1,1
138583,FALSE,0,1,1
139639,FALSE,0,1,1
139638,FALSE,0,1,1
138002,FALSE,0,1,1
139968,FALSE,0,1,1
139403,TRUE,0,NA,Not Applicable
138005,FALSE,0,1,1
139605,FALSE,0,1,1
139355,FALSE,0,1,1
138000,FALSE,0,1,1
138582,FALSE,0,1,1
138294,FALSE,0,1,1
139640,FALSE,0,1,1
138584,FALSE,0,1,1
139648,FALSE,0,1,1
139354,FALSE,0,1,1
138334,FALSE,0,1,1
138004,FALSE,0,1,1
139779,FALSE,0,1,1
139683,FALSE,0,1,1
139988,FALSE,0,1,1
139871,FALSE,0,1,1
140027,FALSE,0,1,1
139836,FALSE,0,1,1
139641,FALSE,0,1,1
139402,TRUE,0,NA,Not Applicable
140026,FALSE,0,1,1
139684,FALSE,0,1,1
139991,FALSE,0,1,1
139835,FALSE,0,1,1
140030,FALSE,0,1,1
139999,FALSE,0,1,1
138364,FALSE,0,1,1
139990,FALSE,0,1,1
139987,FALSE,0,1,1
140001,FALSE,0,1,1
139992,FALSE,0,1,1
140025,FALSE,1,2,2
139994,FALSE,0,1,1
139870,FALSE,0,1,1
139998,FALSE,0,1,1
139649,FALSE,0,1,1
140083,FALSE,0,1,1
140000,FALSE,0,1,1
139995,FALSE,0,1,1
139989,FALSE,0,1,1
139997,FALSE,0,1,1
140032,FALSE,0,1,1
140272,FALSE,0,1,1
140253,FALSE,0,1,1
140425,FALSE,0,1,1
140254,FALSE,0,1,1
139993,FALSE,0,1,1
140251,FALSE,0,1,1
140534,FALSE,0,1,1
140047,FALSE,0,1,1
140658,FALSE,0,1,1
140268,FALSE,0,1,1
139996,FALSE,0,1,1
140252,FALSE,0,1,1
140532,FALSE,0,1,1
140266,FALSE,0,1,1
140258,FALSE,0,1,1
140261,FALSE,0,1,1
140256,FALSE,0,1,1
140535,FALSE,0,1,1
140605,FALSE,0,1,1
140566,FALSE,0,1,1
140607,FALSE,0,1,1
140533,FALSE,0,1,1
140730,FALSE,0,1,1
140257,FALSE,0,1,1
140288,FALSE,0,1,1
140606,FALSE,0,1,1
140424,FALSE,0,1,1
140729,FALSE,0,1,1
140608,FALSE,0,1,1
140731,FALSE,0,1,1
140255,FALSE,0,1,1
140732,FALSE,0,1,1
140659,FALSE,0,1,1
140736,FALSE,0,1,1
140737,FALSE,0,1,1
140738,FALSE,0,1,1
140833,FALSE,0,1,1
140733,FALSE,0,1,1
140735,FALSE,0,1,1
140739,FALSE,0,1,1
140741,FALSE,0,1,1
140740,FALSE,0,1,1
140742,FALSE,0,1,1
140879,FALSE,0,1,1
140881,FALSE,0,1,1
140880,FALSE,0,1,1
140832,FALSE,0,1,1
140882,FALSE,0,1,1
140883,FALSE,0,1,1
140884,FALSE,0,1,1
140885,FALSE,0,1,1
140887,FALSE,0,1,1
140890,FALSE,0,1,1
141043,TRUE,0,NA,Not Applicable
141046,TRUE,0,NA,Not Applicable
140888,FALSE,0,1,1
141024,FALSE,0,1,1
141044,TRUE,0,NA,Not Applicable
140886,FALSE,0,1,1
141047,TRUE,0,NA,Not Applicable
141045,TRUE,0,NA,Not Applicable
141048,TRUE,0,NA,Not Applicable
141051,TRUE,0,NA,Not Applicable
141049,TRUE,0,NA,Not Applicable
141050,TRUE,0,NA,Not Applicable
14324,TRUE,0,NA,Not Applicable
14182,TRUE,0,NA,Not Applicable
145881,FALSE,0,1,1
141164,TRUE,0,NA,Not Applicable
145884,FALSE,0,1,1
141052,TRUE,0,NA,Not Applicable
141191,FALSE,0,1,1
14186,TRUE,0,NA,Not Applicable
141282,FALSE,0,1,1
141148,FALSE,0,1,1
14430,FALSE,0,1,1
145848,FALSE,0,1,1
145770,FALSE,0,1,1
141091,FALSE,0,1,1
141395,FALSE,0,1,1
145811,FALSE,0,1,1
141192,FALSE,0,1,1
145814,FALSE,0,1,1
145810,FALSE,0,1,1
14181,TRUE,0,NA,Not Applicable
14203,TRUE,0,NA,Not Applicable
145885,FALSE,0,1,1
145912,FALSE,0,1,1
145892,FALSE,0,1,1
145874,FALSE,0,1,1
145910,FALSE,0,1,1
145132,FALSE,0,1,1
145923,FALSE,0,1,1
145925,FALSE,0,1,1
14106,FALSE,0,1,1
145919,FALSE,0,1,1
146001,FALSE,0,1,1
145922,FALSE,0,1,1
146119,FALSE,0,1,1
145883,FALSE,0,1,1
145924,FALSE,0,1,1
145911,FALSE,0,1,1
145913,FALSE,0,1,1
145882,FALSE,0,1,1
145920,FALSE,0,1,1
145927,FALSE,0,1,1
146061,FALSE,0,1,1
145815,FALSE,0,1,1
145928,FALSE,0,1,1
145926,FALSE,0,1,1
145999,FALSE,0,1,1
146134,FALSE,0,1,1
145921,FALSE,0,1,1
146040,FALSE,0,1,1
146353,FALSE,0,1,1
146166,FALSE,0,1,1
146049,FALSE,0,1,1
146604,FALSE,0,1,1
146542,FALSE,0,1,1
146484,FALSE,0,1,1
145988,FALSE,0,1,1
146349,FALSE,0,1,1
146315,FALSE,0,1,1
146318,FALSE,0,1,1
146143,FALSE,0,1,1
146709,FALSE,0,1,1
146041,FALSE,0,1,1
146446,FALSE,0,1,1
146547,FALSE,0,1,1
146581,FALSE,0,1,1
146776,FALSE,0,1,1
146144,FALSE,0,1,1
146583,FALSE,0,1,1
146415,FALSE,0,1,1
146890,FALSE,0,1,1
146785,FALSE,0,1,1
146692,FALSE,0,1,1
146582,FALSE,0,1,1
146654,FALSE,0,1,1
146316,FALSE,0,1,1
146825,FALSE,0,1,1
146740,FALSE,0,1,1
146784,FALSE,0,1,1
146761,FALSE,0,1,1
146681,FALSE,0,1,1
146676,FALSE,0,1,1
146843,FALSE,0,1,1
146855,FALSE,0,1,1
146766,FALSE,0,1,1
146777,FALSE,0,1,1
147103,FALSE,0,1,1
146788,FALSE,0,1,1
147092,FALSE,0,1,1
147091,FALSE,0,1,1
146775,FALSE,0,1,1
147122,FALSE,0,1,1
147235,FALSE,0,1,1
147079,FALSE,0,1,1
146884,FALSE,0,1,1
147110,FALSE,0,1,1
147022,FALSE,0,1,1
14688,FALSE,0,1,1
146882,FALSE,0,1,1
14715,FALSE,0,1,1
147250,FALSE,0,1,1
14717,FALSE,0,1,1
147262,FALSE,0,1,1
147331,FALSE,1,2,2
147394,FALSE,0,1,1
147444,FALSE,0,1,1
147376,FALSE,0,1,1
14748,FALSE,0,1,1
147455,FALSE,0,1,1
14747,FALSE,0,1,1
14746,FALSE,0,1,1
147482,FALSE,0,1,1
147501,FALSE,0,1,1
147540,FALSE,0,1,1
14760,FALSE,0,1,1
147604,FALSE,0,1,1
147628,FALSE,0,1,1
147698,FALSE,0,1,1
147732,FALSE,0,1,1
147808,FALSE,0,1,1
147662,FALSE,0,1,1
147813,FALSE,0,1,1
147650,FALSE,0,1,1
147805,FALSE,0,1,1
147845,FALSE,0,1,1
147835,FALSE,0,1,1
147860,FALSE,0,1,1
147907,FALSE,0,1,1
147892,FALSE,0,1,1
147889,FALSE,0,1,1
147893,FALSE,0,1,1
148307,FALSE,0,1,1
147903,FALSE,0,1,1
147902,FALSE,0,1,1
148201,FALSE,0,1,1
14885,FALSE,0,1,1
148309,FALSE,0,1,1
147905,FALSE,0,1,1
148046,FALSE,0,1,1
147891,FALSE,0,1,1
148384,FALSE,0,1,1
148883,FALSE,0,1,1
148313,FALSE,0,1,1
148311,FALSE,0,1,1
148136,FALSE,0,1,1
148304,FALSE,0,1,1
148575,FALSE,0,1,1
148919,FALSE,0,1,1
147908,FALSE,0,1,1
148687,FALSE,0,1,1
148312,FALSE,0,1,1
148447,FALSE,0,1,1
148920,FALSE,0,1,1
149722,FALSE,0,1,1
148918,FALSE,0,1,1
148569,FALSE,0,1,1
148804,FALSE,0,1,1
148904,FALSE,0,1,1
148577,FALSE,0,1,1
148310,FALSE,0,1,1
148903,FALSE,0,1,1
148902,FALSE,0,1,1
149696,FALSE,0,1,1
14858,FALSE,0,1,1
15199,FALSE,0,1,1
14884,FALSE,0,1,1
14998,FALSE,0,1,1
14935,FALSE,0,1,1
148799,FALSE,0,1,1
15037,FALSE,0,1,1
148884,FALSE,0,1,1
14883,FALSE,0,1,1
15238,FALSE,0,1,1
15192,FALSE,0,1,1
153187,FALSE,0,1,1
153163,FALSE,0,1,1
14996,FALSE,0,1,1
153186,FALSE,0,1,1
15233,FALSE,1,2,2
149697,FALSE,0,1,1
153203,FALSE,0,1,1
15215,FALSE,0,1,1
14901,FALSE,0,1,1
153001,FALSE,0,1,1
153197,FALSE,0,1,1
153071,FALSE,0,1,1
153185,FALSE,0,1,1
15216,FALSE,0,1,1
15226,FALSE,0,1,1
153164,FALSE,0,1,1
153010,FALSE,0,1,1
153948,FALSE,0,1,1
153205,FALSE,0,1,1
153966,FALSE,0,1,1
154223,TRUE,0,NA,Not Applicable
153191,FALSE,0,1,1
153949,FALSE,0,1,1
153206,FALSE,0,1,1
154222,TRUE,0,NA,Not Applicable
153198,FALSE,0,1,1
154067,TRUE,0,NA,Not Applicable
154224,TRUE,0,NA,Not Applicable
154195,FALSE,0,1,1
154089,FALSE,1,2,2
154088,FALSE,1,2,2
153946,FALSE,0,1,1
154004,FALSE,0,1,1
154066,TRUE,0,NA,Not Applicable
153165,FALSE,0,1,1
154227,TRUE,0,NA,Not Applicable
154230,TRUE,0,NA,Not Applicable
154231,TRUE,0,NA,Not Applicable
154225,TRUE,0,NA,Not Applicable
154221,TRUE,0,NA,Not Applicable
154233,TRUE,0,NA,Not Applicable
154226,TRUE,0,NA,Not Applicable
154234,TRUE,0,NA,Not Applicable
154228,TRUE,0,NA,Not Applicable
154237,TRUE,0,NA,Not Applicable
154239,TRUE,0,NA,Not Applicable
154232,TRUE,0,NA,Not Applicable
154235,TRUE,0,NA,Not Applicable
154229,TRUE,0,NA,Not Applicable
154236,TRUE,0,NA,Not Applicable
154242,TRUE,0,NA,Not Applicable
154241,TRUE,0,NA,Not Applicable
154238,TRUE,0,NA,Not Applicable
154240,TRUE,0,NA,Not Applicable
154244,TRUE,0,NA,Not Applicable
154373,FALSE,0,1,1
154243,TRUE,0,NA,Not Applicable
154374,FALSE,0,1,1
154245,TRUE,0,NA,Not Applicable
154265,FALSE,0,1,1
154469,FALSE,0,1,1
154399,FALSE,0,1,1
154875,FALSE,0,1,1
154939,FALSE,0,1,1
154914,FALSE,0,1,1
154970,FALSE,0,1,1
154962,FALSE,0,1,1
154971,FALSE,0,1,1
154972,FALSE,0,1,1
154973,FALSE,0,1,1
154974,FALSE,0,1,1
154976,FALSE,0,1,1
154975,FALSE,0,1,1
154977,FALSE,0,1,1
154978,FALSE,0,1,1
154990,FALSE,0,1,1
154991,FALSE,0,1,1
154988,FALSE,0,1,1
154989,FALSE,0,1,1
154992,FALSE,0,1,1
154979,FALSE,0,1,1
155007,FALSE,0,1,1
154999,FALSE,0,1,1
154996,FALSE,0,1,1
154998,FALSE,0,1,1
154995,FALSE,0,1,1
155000,FALSE,0,1,1
154993,FALSE,0,1,1
154997,FALSE,0,1,1
155001,FALSE,0,1,1
155115,FALSE,0,1,1
155004,FALSE,0,1,1
155003,FALSE,0,1,1
154994,FALSE,0,1,1
155116,FALSE,0,1,1
155035,FALSE,0,1,1
155123,FALSE,0,1,1
155032,FALSE,0,1,1
155005,FALSE,0,1,1
155185,FALSE,0,1,1
155009,FALSE,0,1,1
155122,FALSE,0,1,1
155034,FALSE,0,1,1
155012,FALSE,0,1,1
155008,FALSE,0,1,1
155013,FALSE,0,1,1
155289,FALSE,0,1,1
155186,FALSE,0,1,1
155247,FALSE,0,1,1
155184,FALSE,0,1,1
155182,FALSE,0,1,1
155037,FALSE,0,1,1
155249,FALSE,0,1,1
155128,FALSE,0,1,1
155010,FALSE,0,1,1
155189,FALSE,0,1,1
155248,FALSE,0,1,1
155265,FALSE,0,1,1
155033,FALSE,0,1,1
155291,FALSE,0,1,1
155264,FALSE,0,1,1
155188,FALSE,0,1,1
155285,FALSE,0,1,1
155311,FALSE,0,1,1
156403,TRUE,0,NA,Not Applicable
155286,FALSE,0,1,1
157753,FALSE,0,1,1
157735,FALSE,0,1,1
155187,FALSE,0,1,1
157733,FALSE,0,1,1
155309,FALSE,0,1,1
155313,FALSE,0,1,1
156417,FALSE,0,1,1
15567,FALSE,0,1,1
155290,FALSE,0,1,1
156435,FALSE,0,1,1
156414,FALSE,0,1,1
155250,FALSE,0,1,1
157746,FALSE,0,1,1
155308,FALSE,0,1,1
157756,FALSE,0,1,1
157734,FALSE,0,1,1
158068,FALSE,0,1,1
157755,FALSE,0,1,1
158123,FALSE,1,2,2
156407,FALSE,0,1,1
155312,FALSE,0,1,1
155310,FALSE,0,1,1
157950,FALSE,0,1,1
159088,FALSE,0,1,1
158432,TRUE,0,NA,Not Applicable
158091,FALSE,0,1,1
157765,FALSE,0,1,1
158221,FALSE,0,1,1
157754,FALSE,0,1,1
158069,FALSE,0,1,1
157926,FALSE,0,1,1
157952,FALSE,0,1,1
158000,FALSE,0,1,1
158749,FALSE,0,1,1
158750,FALSE,0,1,1
157949,FALSE,0,1,1
159097,TRUE,0,NA,Not Applicable
158959,FALSE,0,1,1
159096,FALSE,0,1,1
158652,FALSE,0,1,1
158699,FALSE,0,1,1
159292,FALSE,0,1,1
158222,FALSE,0,1,1
159607,FALSE,0,1,1
159291,FALSE,0,1,1
159628,FALSE,0,1,1
159436,FALSE,0,1,1
158577,FALSE,0,1,1
15949,FALSE,0,1,1
159293,FALSE,0,1,1
15925,FALSE,0,1,1
159626,FALSE,0,1,1
159627,FALSE,0,1,1
159638,FALSE,0,1,1
159754,FALSE,0,1,1
159639,FALSE,0,1,1
159668,FALSE,0,1,1
159632,FALSE,0,1,1
159654,FALSE,0,1,1
159294,FALSE,0,1,1
159666,FALSE,0,1,1
159667,FALSE,0,1,1
159781,FALSE,0,1,1
159787,FALSE,0,1,1
159792,FALSE,0,1,1
159892,FALSE,0,1,1
159890,FALSE,0,1,1
159893,FALSE,0,1,1
159928,FALSE,0,1,1
159980,FALSE,0,1,1
159981,FALSE,0,1,1
16004,FALSE,0,1,1
160458,FALSE,0,1,1
160506,FALSE,0,1,1
160130,FALSE,0,1,1
160226,FALSE,0,1,1
160544,TRUE,0,NA,Not Applicable
160543,TRUE,0,NA,Not Applicable
160545,TRUE,0,NA,Not Applicable
160140,FALSE,0,1,1
160542,TRUE,0,NA,Not Applicable
160509,FALSE,0,1,1
160546,TRUE,0,NA,Not Applicable
160547,TRUE,0,NA,Not Applicable
16071,FALSE,0,1,1
160548,TRUE,0,NA,Not Applicable
16073,FALSE,0,1,1
160992,FALSE,0,1,1
160977,FALSE,0,1,1
16072,FALSE,0,1,1
160979,FALSE,0,1,1
160980,FALSE,0,1,1
160993,FALSE,0,1,1
161791,FALSE,0,1,1
160976,FALSE,0,1,1
161795,FALSE,0,1,1
160665,TRUE,0,NA,Not Applicable
161776,FALSE,0,1,1
161904,FALSE,0,1,1
160928,FALSE,1,2,2
160743,FALSE,0,1,1
160995,FALSE,0,1,1
161917,FALSE,0,1,1
161915,FALSE,0,1,1
161989,FALSE,0,1,1
160994,FALSE,0,1,1
161918,FALSE,0,1,1
161796,FALSE,0,1,1
160978,FALSE,0,1,1
161903,FALSE,0,1,1
161797,FALSE,0,1,1
161030,FALSE,0,1,1
161998,FALSE,0,1,1
161919,FALSE,0,1,1
161985,FALSE,0,1,1
161988,FALSE,0,1,1
161986,FALSE,0,1,1
161975,TRUE,0,NA,Not Applicable
162017,FALSE,0,1,1
161920,FALSE,0,1,1
161933,TRUE,0,NA,Not Applicable
162016,FALSE,0,1,1
161783,FALSE,0,1,1
162000,FALSE,0,1,1
161999,FALSE,0,1,1
161990,FALSE,0,1,1
161991,FALSE,0,1,1
162080,FALSE,1,2,2
161987,FALSE,0,1,1
162024,FALSE,0,1,1
162018,FALSE,0,1,1
162079,FALSE,1,2,2
162032,FALSE,0,1,1
162082,FALSE,1,2,2
162001,FALSE,0,1,1
162033,FALSE,0,1,1
162095,FALSE,1,2,2
162096,FALSE,1,2,2
162020,FALSE,0,1,1
162084,FALSE,1,2,2
162023,FALSE,0,1,1
162069,FALSE,0,1,1
162087,FALSE,1,2,2
162022,FALSE,0,1,1
162086,FALSE,1,2,2
162019,FALSE,0,1,1
162085,FALSE,1,2,2
162088,FALSE,1,2,2
162092,FALSE,1,2,2
162094,FALSE,1,2,2
162081,FALSE,1,2,2
162091,FALSE,1,2,2
162093,FALSE,1,2,2
162089,FALSE,1,2,2
162083,FALSE,1,2,2
162097,FALSE,1,2,2
162489,FALSE,0,1,1
16228,FALSE,0,1,1
162098,FALSE,1,2,2
16225,FALSE,0,1,1
162490,FALSE,0,1,1
162090,FALSE,1,2,2
162492,FALSE,0,1,1
162494,FALSE,0,1,1
162491,FALSE,0,1,1
162498,FALSE,0,1,1
162495,FALSE,0,1,1
162336,FALSE,0,1,1
162337,FALSE,0,1,1
162743,FALSE,0,1,1
162497,FALSE,0,1,1
162493,FALSE,0,1,1
162518,FALSE,0,1,1
162505,FALSE,0,1,1
162335,FALSE,0,1,1
162506,FALSE,0,1,1
162564,FALSE,0,1,1
162512,FALSE,0,1,1
162515,FALSE,0,1,1
162517,FALSE,0,1,1
162499,FALSE,0,1,1
162516,FALSE,0,1,1
162513,FALSE,0,1,1
162771,FALSE,0,1,1
162568,FALSE,0,1,1
162782,TRUE,0,NA,Not Applicable
162566,FALSE,0,1,1
162738,TRUE,0,NA,Not Applicable
16275,FALSE,0,1,1
162790,FALSE,0,1,1
162918,FALSE,0,1,1
162787,FALSE,0,1,1
162893,TRUE,0,NA,Not Applicable
162880,FALSE,0,1,1
163028,FALSE,0,1,1
163032,FALSE,0,1,1
163034,FALSE,0,1,1
163036,FALSE,0,1,1
163343,FALSE,0,1,1
163350,FALSE,1,2,2
163356,FALSE,1,2,2
163361,FALSE,0,1,1
163484,FALSE,0,1,1
163486,FALSE,0,1,1
163485,FALSE,0,1,1
163523,FALSE,0,1,1
163609,FALSE,0,1,1
163524,FALSE,0,1,1
163617,FALSE,0,1,1
163618,FALSE,0,1,1
163619,FALSE,0,1,1
163620,FALSE,0,1,1
163621,FALSE,0,1,1
163702,FALSE,0,1,1
163773,FALSE,0,1,1
163705,FALSE,0,1,1
163491,FALSE,0,1,1
163623,FALSE,1,2,2
163772,FALSE,0,1,1
163774,FALSE,0,1,1
163781,FALSE,0,1,1
163770,FALSE,0,1,1
163704,FALSE,0,1,1
163771,FALSE,0,1,1
163779,FALSE,0,1,1
163780,FALSE,0,1,1
163622,FALSE,1,2,2
163776,FALSE,0,1,1
163784,FALSE,0,1,1
163782,FALSE,0,1,1
163775,FALSE,0,1,1
164225,FALSE,0,1,1
163785,FALSE,0,1,1
163777,FALSE,0,1,1
163787,FALSE,0,1,1
163778,FALSE,0,1,1
164240,FALSE,0,1,1
163783,FALSE,0,1,1
16404,FALSE,0,1,1
164229,FALSE,0,1,1
164236,FALSE,0,1,1
164092,FALSE,0,1,1
163786,FALSE,0,1,1
164237,FALSE,0,1,1
164234,FALSE,0,1,1
164228,FALSE,0,1,1
164788,FALSE,0,1,1
164238,FALSE,0,1,1
164563,FALSE,0,1,1
164241,FALSE,0,1,1
164239,FALSE,0,1,1
164235,FALSE,0,1,1
164942,FALSE,0,1,1
164242,FALSE,0,1,1
164847,FALSE,0,1,1
164945,FALSE,0,1,1
164943,FALSE,0,1,1
164231,FALSE,0,1,1
165034,FALSE,0,1,1
164524,FALSE,0,1,1
164245,FALSE,0,1,1
164944,TRUE,0,NA,Not Applicable
164851,FALSE,0,1,1
164946,FALSE,0,1,1
164941,FALSE,0,1,1
164779,FALSE,0,1,1
164940,FALSE,0,1,1
164519,FALSE,0,1,1
165113,FALSE,0,1,1
164950,FALSE,0,1,1
164777,FALSE,0,1,1
16405,FALSE,0,1,1
164925,FALSE,0,1,1
165035,FALSE,0,1,1
164965,FALSE,0,1,1
165036,FALSE,0,1,1
164949,FALSE,0,1,1
164644,FALSE,0,1,1
165114,FALSE,0,1,1
164947,FALSE,0,1,1
164249,FALSE,0,1,1
164935,FALSE,0,1,1
164248,FALSE,0,1,1
165037,FALSE,0,1,1
165115,FALSE,1,2,2
165111,FALSE,0,1,1
165112,FALSE,0,1,1
165120,FALSE,0,1,1
165119,FALSE,0,1,1
165117,FALSE,0,1,1
165108,FALSE,0,1,1
165109,FALSE,0,1,1
165116,FALSE,0,1,1
165124,FALSE,0,1,1
165130,FALSE,0,1,1
165125,FALSE,0,1,1
16543,FALSE,0,1,1
165126,FALSE,0,1,1
165122,FALSE,0,1,1
165400,FALSE,0,1,1
165123,FALSE,0,1,1
165121,FALSE,0,1,1
165140,FALSE,0,1,1
165128,FALSE,0,1,1
165129,FALSE,0,1,1
16544,FALSE,0,1,1
165127,FALSE,0,1,1
165441,FALSE,0,1,1
16545,FALSE,0,1,1
16542,FALSE,0,1,1
165456,FALSE,0,1,1
166009,FALSE,0,1,1
16610,FALSE,0,1,1
165494,FALSE,0,1,1
16529,FALSE,0,1,1
165597,FALSE,0,1,1
166113,FALSE,0,1,1
166112,FALSE,0,1,1
166115,FALSE,0,1,1
166034,FALSE,0,1,1
166114,FALSE,0,1,1
166117,FALSE,0,1,1
166116,FALSE,0,1,1
166119,FALSE,0,1,1
16612,FALSE,0,1,1
166118,FALSE,0,1,1
166120,FALSE,0,1,1
166121,FALSE,0,1,1
166137,TRUE,0,NA,Not Applicable
166122,FALSE,0,1,1
166124,FALSE,0,1,1
166123,FALSE,0,1,1
166140,TRUE,0,NA,Not Applicable
166143,TRUE,0,NA,Not Applicable
166473,FALSE,0,1,1
166125,FALSE,0,1,1
16654,FALSE,0,1,1
166476,FALSE,0,1,1
166603,FALSE,0,1,1
166475,FALSE,0,1,1
166474,FALSE,0,1,1
166605,FALSE,0,1,1
166611,FALSE,0,1,1
166998,FALSE,0,1,1
166877,FALSE,0,1,1
166608,FALSE,0,1,1
166999,FALSE,0,1,1
166950,FALSE,0,1,1
167002,FALSE,0,1,1
167203,TRUE,0,NA,Not Applicable
166694,FALSE,0,1,1
166671,TRUE,0,NA,Not Applicable
167001,FALSE,0,1,1
166951,FALSE,0,1,1
167003,FALSE,0,1,1
167019,FALSE,1,2,2
167528,FALSE,0,1,1
167000,FALSE,0,1,1
167566,FALSE,0,1,1
167683,TRUE,0,NA,Not Applicable
167540,TRUE,0,NA,Not Applicable
167563,FALSE,0,1,1
167340,FALSE,0,1,1
167339,FALSE,0,1,1
167680,TRUE,0,NA,Not Applicable
167585,FALSE,0,1,1
167972,TRUE,0,NA,Not Applicable
167188,FALSE,0,1,1
167969,TRUE,0,NA,Not Applicable
167678,TRUE,0,NA,Not Applicable
167543,FALSE,0,1,1
167688,TRUE,0,NA,Not Applicable
167590,FALSE,0,1,1
167542,FALSE,0,1,1
168241,FALSE,0,1,1
167682,TRUE,0,NA,Not Applicable
168252,FALSE,0,1,1
167685,TRUE,0,NA,Not Applicable
168283,FALSE,0,1,1
168253,FALSE,0,1,1
167693,TRUE,0,NA,Not Applicable
167936,FALSE,0,1,1
167940,FALSE,0,1,1
168251,FALSE,0,1,1
168305,FALSE,0,1,1
168501,FALSE,0,1,1
168239,FALSE,0,1,1
167694,TRUE,0,NA,Not Applicable
168107,FALSE,0,1,1
167987,FALSE,0,1,1
168106,FALSE,0,1,1
168250,FALSE,0,1,1
168280,FALSE,0,1,1
168771,FALSE,0,1,1
168294,FALSE,0,1,1
168803,FALSE,0,1,1
168460,FALSE,0,1,1
168275,FALSE,0,1,1
168998,TRUE,0,NA,Not Applicable
169046,FALSE,0,1,1
168772,TRUE,0,NA,Not Applicable
168053,FALSE,0,1,1
168240,FALSE,0,1,1
168254,FALSE,0,1,1
168507,FALSE,0,1,1
169044,FALSE,0,1,1
168109,FALSE,0,1,1
168805,FALSE,0,1,1
169038,FALSE,0,1,1
168505,FALSE,0,1,1
168506,FALSE,0,1,1
169276,FALSE,0,1,1
169003,FALSE,0,1,1
168504,FALSE,0,1,1
168804,FALSE,0,1,1
169278,FALSE,0,1,1
168271,FALSE,0,1,1
169142,FALSE,0,1,1
169296,FALSE,0,1,1
169297,FALSE,0,1,1
169096,FALSE,0,1,1
168997,FALSE,0,1,1
169299,FALSE,0,1,1
169445,FALSE,0,1,1
169300,FALSE,0,1,1
169306,FALSE,0,1,1
169367,FALSE,0,1,1
169305,FALSE,0,1,1
169280,FALSE,0,1,1
169298,FALSE,0,1,1
169731,FALSE,0,1,1
169308,FALSE,0,1,1
169304,FALSE,0,1,1
169309,FALSE,0,1,1
169732,FALSE,0,1,1
169739,FALSE,0,1,1
169313,FALSE,0,1,1
169734,FALSE,0,1,1
169738,FALSE,0,1,1
169745,FALSE,0,1,1
169746,FALSE,0,1,1
169735,FALSE,0,1,1
169451,FALSE,0,1,1
169733,FALSE,0,1,1
169742,FALSE,1,2,2
169740,FALSE,1,2,2
169744,FALSE,0,1,1
169747,FALSE,0,1,1
169741,FALSE,1,2,2
169748,FALSE,0,1,1
169921,FALSE,0,1,1
169938,FALSE,0,1,1
170041,FALSE,0,1,1
170105,FALSE,0,1,1
170117,FALSE,0,1,1
170118,FALSE,0,1,1
170140,FALSE,0,1,1
170164,FALSE,0,1,1
170155,FALSE,0,1,1
170121,FALSE,0,1,1
170138,FALSE,0,1,1
170159,FALSE,0,1,1
170120,FALSE,0,1,1
170176,FALSE,0,1,1
170167,FALSE,0,1,1
170165,FALSE,0,1,1
170181,TRUE,0,NA,Not Applicable
170166,FALSE,0,1,1
170323,FALSE,0,1,1
170210,FALSE,0,1,1
170368,FALSE,0,1,1
170525,FALSE,0,1,1
170356,FALSE,0,1,1
170453,FALSE,0,1,1
170361,FALSE,0,1,1
170457,FALSE,0,1,1
170326,FALSE,0,1,1
170446,FALSE,0,1,1
170362,FALSE,0,1,1
170544,FALSE,0,1,1
170454,FALSE,0,1,1
170547,FALSE,0,1,1
170455,FALSE,0,1,1
170823,FALSE,0,1,1
170546,FALSE,0,1,1
170459,FALSE,0,1,1
170824,FALSE,0,1,1
170548,FALSE,0,1,1
170825,FALSE,0,1,1
170828,FALSE,0,1,1
170822,FALSE,0,1,1
170821,FALSE,0,1,1
170820,FALSE,0,1,1
170458,FALSE,0,1,1
170545,FALSE,0,1,1
170829,FALSE,0,1,1
170551,FALSE,0,1,1
170746,FALSE,0,1,1
170523,FALSE,0,1,1
170827,FALSE,0,1,1
170826,FALSE,0,1,1
17114,FALSE,0,1,1
170842,TRUE,0,NA,Not Applicable
171007,FALSE,0,1,1
171315,TRUE,0,NA,Not Applicable
170833,TRUE,0,NA,Not Applicable
171001,FALSE,0,1,1
171003,FALSE,0,1,1
170843,TRUE,0,NA,Not Applicable
170999,FALSE,0,1,1
170976,TRUE,0,NA,Not Applicable
170844,TRUE,0,NA,Not Applicable
171010,FALSE,0,1,1
170830,FALSE,0,1,1
170841,TRUE,0,NA,Not Applicable
171000,FALSE,0,1,1
171009,FALSE,0,1,1
170840,TRUE,0,NA,Not Applicable
171648,TRUE,0,NA,Not Applicable
171597,FALSE,0,1,1
171654,TRUE,0,NA,Not Applicable
171653,TRUE,0,NA,Not Applicable
171002,FALSE,0,1,1
171006,FALSE,0,1,1
171005,FALSE,0,1,1
171008,FALSE,0,1,1
171004,FALSE,0,1,1
171663,TRUE,0,NA,Not Applicable
171341,TRUE,0,NA,Not Applicable
171213,FALSE,0,1,1
171123,FALSE,0,1,1
170998,FALSE,0,1,1
171656,TRUE,0,NA,Not Applicable
171317,TRUE,0,NA,Not Applicable
171650,TRUE,0,NA,Not Applicable
171657,TRUE,0,NA,Not Applicable
171662,TRUE,0,NA,Not Applicable
171655,TRUE,0,NA,Not Applicable
171936,FALSE,0,1,1
171658,TRUE,0,NA,Not Applicable
171585,FALSE,0,1,1
171316,TRUE,0,NA,Not Applicable
171383,FALSE,0,1,1
171941,FALSE,0,1,1
171795,FALSE,0,1,1
172101,FALSE,0,1,1
171850,FALSE,0,1,1
171797,FALSE,0,1,1
171660,TRUE,0,NA,Not Applicable
172310,FALSE,0,1,1
171944,FALSE,0,1,1
172119,FALSE,0,1,1
171946,FALSE,0,1,1
172334,FALSE,0,1,1
172108,FALSE,0,1,1
172312,FALSE,0,1,1
172100,FALSE,0,1,1
172203,FALSE,0,1,1
172326,FALSE,0,1,1
172327,FALSE,0,1,1
172207,FALSE,0,1,1
172336,FALSE,0,1,1
172311,FALSE,0,1,1
172204,FALSE,0,1,1
172206,FALSE,0,1,1
172373,FALSE,0,1,1
172371,FALSE,0,1,1
172330,FALSE,0,1,1
172352,FALSE,0,1,1
172328,FALSE,0,1,1
172372,FALSE,0,1,1
17234,FALSE,0,1,1
172335,FALSE,0,1,1
172382,FALSE,0,1,1
172386,FALSE,0,1,1
172379,FALSE,0,1,1
172380,FALSE,0,1,1
172459,FALSE,0,1,1
172442,FALSE,0,1,1
172460,FALSE,0,1,1
172461,FALSE,0,1,1
172528,FALSE,0,1,1
172529,FALSE,0,1,1
172530,FALSE,0,1,1
172585,FALSE,0,1,1
172584,FALSE,0,1,1
172534,FALSE,0,1,1
172586,FALSE,0,1,1
172597,FALSE,0,1,1
172596,FALSE,0,1,1
172598,FALSE,0,1,1
172669,FALSE,0,1,1
172599,FALSE,0,1,1
173154,FALSE,0,1,1
172600,FALSE,0,1,1
172668,FALSE,0,1,1
173193,TRUE,0,NA,Not Applicable
172670,FALSE,0,1,1
173181,TRUE,0,NA,Not Applicable
173161,FALSE,0,1,1
173667,FALSE,0,1,1
173505,FALSE,0,1,1
173160,FALSE,0,1,1
173480,FALSE,0,1,1
174037,FALSE,0,1,1
174169,FALSE,0,1,1
1736,FALSE,0,1,1
173478,FALSE,0,1,1
174176,FALSE,0,1,1
174005,FALSE,0,1,1
174172,FALSE,0,1,1
174175,FALSE,0,1,1
174111,FALSE,0,1,1
174109,FALSE,0,1,1
174171,FALSE,0,1,1
174189,FALSE,0,1,1
174006,FALSE,0,1,1
174168,FALSE,0,1,1
174174,FALSE,0,1,1
174173,FALSE,0,1,1
174190,FALSE,0,1,1
174194,FALSE,1,2,2
174307,FALSE,0,1,1
174348,TRUE,0,NA,Not Applicable
174352,TRUE,0,NA,Not Applicable
174191,FALSE,0,1,1
174170,FALSE,0,1,1
174445,TRUE,0,NA,Not Applicable
174186,FALSE,0,1,1
174327,FALSE,0,1,1
174335,FALSE,0,1,1
174399,FALSE,0,1,1
17444,FALSE,0,1,1
174328,FALSE,0,1,1
174442,TRUE,0,NA,Not Applicable
174446,TRUE,0,NA,Not Applicable
174398,FALSE,0,1,1
174531,FALSE,0,1,1
174397,FALSE,0,1,1
174444,TRUE,0,NA,Not Applicable
174451,FALSE,0,1,1
17447,FALSE,0,1,1
174534,FALSE,0,1,1
174477,FALSE,0,1,1
174537,TRUE,0,NA,Not Applicable
174457,FALSE,0,1,1
17449,FALSE,0,1,1
174536,FALSE,0,1,1
17446,FALSE,0,1,1
174471,FALSE,0,1,1
174620,FALSE,0,1,1
174454,FALSE,0,1,1
174400,FALSE,0,1,1
174460,FALSE,0,1,1
174357,FALSE,0,1,1
174722,FALSE,0,1,1
174652,FALSE,0,1,1
174466,FALSE,0,1,1
17448,FALSE,0,1,1
174609,FALSE,1,2,2
174708,FALSE,0,1,1
174651,FALSE,0,1,1
174519,FALSE,0,1,1
174705,FALSE,0,1,1
174671,TRUE,0,NA,Not Applicable
174706,FALSE,0,1,1
174712,FALSE,0,1,1
174737,FALSE,0,1,1
174707,FALSE,0,1,1
174713,FALSE,0,1,1
174710,FALSE,0,1,1
175090,FALSE,0,1,1
174738,FALSE,0,1,1
174734,FALSE,0,1,1
175164,FALSE,0,1,1
174736,FALSE,0,1,1
175439,FALSE,1,2,2
174893,FALSE,1,2,2
175254,FALSE,0,1,1
175440,FALSE,1,2,2
175165,FALSE,0,1,1
175255,FALSE,0,1,1
175256,FALSE,0,1,1
175571,FALSE,0,1,1
175500,FALSE,0,1,1
175437,FALSE,0,1,1
175573,FALSE,0,1,1
175494,FALSE,0,1,1
17551,FALSE,0,1,1
175275,FALSE,0,1,1
175575,FALSE,0,1,1
175757,FALSE,0,1,1
175584,FALSE,0,1,1
175763,FALSE,1,2,2
175764,FALSE,1,2,2
175762,FALSE,1,2,2
175749,FALSE,1,2,2
175750,FALSE,1,2,2
175767,FALSE,1,2,2
175769,FALSE,1,2,2
175766,FALSE,1,2,2
175768,FALSE,1,2,2
175765,FALSE,1,2,2
175770,FALSE,1,2,2
175771,FALSE,1,2,2
175773,FALSE,1,2,2
175772,FALSE,1,2,2
175774,FALSE,1,2,2
175775,FALSE,1,2,2
175776,FALSE,1,2,2
175778,FALSE,0,1,1
175779,FALSE,0,1,1
17578,FALSE,0,1,1
175839,FALSE,0,1,1
175833,FALSE,0,1,1
175827,FALSE,0,1,1
175783,TRUE,0,NA,Not Applicable
175845,FALSE,0,1,1
176012,FALSE,0,1,1
176021,FALSE,0,1,1
176013,FALSE,0,1,1
176020,FALSE,0,1,1
176056,FALSE,0,1,1
176015,FALSE,0,1,1
176064,TRUE,0,NA,Not Applicable
176085,FALSE,0,1,1
176014,FALSE,0,1,1
176066,FALSE,0,1,1
176073,FALSE,0,1,1
176074,FALSE,0,1,1
176071,FALSE,0,1,1
176062,FALSE,0,1,1
176067,FALSE,0,1,1
176063,FALSE,0,1,1
176084,FALSE,0,1,1
176068,FALSE,0,1,1
176072,FALSE,0,1,1
176070,FALSE,0,1,1
176087,FALSE,0,1,1
176069,FALSE,0,1,1
176141,FALSE,0,1,1
176089,FALSE,0,1,1
176065,FALSE,1,2,2
176146,FALSE,0,1,1
176086,FALSE,0,1,1
176144,FALSE,0,1,1
176143,FALSE,0,1,1
176139,FALSE,0,1,1
176140,FALSE,0,1,1
17618,FALSE,0,1,1
17620,FALSE,0,1,1
176281,FALSE,0,1,1
176206,FALSE,0,1,1
17616,FALSE,0,1,1
176215,FALSE,0,1,1
176221,TRUE,0,NA,Not Applicable
176276,FALSE,0,1,1
176465,FALSE,0,1,1
176338,TRUE,0,NA,Not Applicable
176337,TRUE,0,NA,Not Applicable
176495,FALSE,0,1,1
176205,FALSE,0,1,1
176278,FALSE,0,1,1
176279,FALSE,0,1,1
176280,FALSE,0,1,1
176274,FALSE,0,1,1
17626,FALSE,0,1,1
17623,FALSE,0,1,1
176498,FALSE,0,1,1
176283,FALSE,0,1,1
176611,FALSE,0,1,1
176499,FALSE,0,1,1
176500,FALSE,0,1,1
176853,FALSE,0,1,1
176288,FALSE,0,1,1
17662,FALSE,0,1,1
176609,FALSE,0,1,1
176462,FALSE,0,1,1
176526,FALSE,1,2,2
176497,FALSE,0,1,1
176297,FALSE,0,1,1
176466,FALSE,0,1,1
176463,FALSE,0,1,1
176291,FALSE,0,1,1
176612,FALSE,0,1,1
176284,FALSE,0,1,1
17653,FALSE,0,1,1
176289,FALSE,0,1,1
176861,FALSE,0,1,1
17656,FALSE,0,1,1
17661,FALSE,0,1,1
176859,FALSE,0,1,1
176997,FALSE,0,1,1
17663,FALSE,0,1,1
176900,FALSE,0,1,1
176896,FALSE,0,1,1
176897,FALSE,0,1,1
176991,FALSE,0,1,1
176899,FALSE,0,1,1
176993,FALSE,0,1,1
176996,FALSE,0,1,1
17705,FALSE,0,1,1
176995,FALSE,0,1,1
176898,FALSE,0,1,1
177005,FALSE,0,1,1
176992,FALSE,0,1,1
177008,FALSE,0,1,1
177004,FALSE,0,1,1
177010,FALSE,0,1,1
177018,FALSE,0,1,1
176998,FALSE,0,1,1
177000,FALSE,0,1,1
177316,FALSE,0,1,1
176999,FALSE,0,1,1
177580,FALSE,0,1,1
177006,FALSE,0,1,1
177001,FALSE,0,1,1
177333,FALSE,0,1,1
177136,TRUE,0,NA,Not Applicable
177009,FALSE,0,1,1
17708,FALSE,0,1,1
177837,FALSE,0,1,1
177728,FALSE,0,1,1
177729,FALSE,0,1,1
177825,FALSE,0,1,1
177727,FALSE,0,1,1
177644,FALSE,0,1,1
177732,TRUE,0,NA,Not Applicable
177922,FALSE,0,1,1
177885,FALSE,0,1,1
177901,FALSE,0,1,1
177935,FALSE,0,1,1
177943,FALSE,0,1,1
177944,FALSE,0,1,1
178066,TRUE,0,NA,Not Applicable
178050,FALSE,0,1,1
178051,FALSE,0,1,1
178088,FALSE,0,1,1
178177,TRUE,0,NA,Not Applicable
178310,FALSE,0,1,1
178365,FALSE,0,1,1
178363,FALSE,0,1,1
178429,FALSE,1,2,2
178309,FALSE,0,1,1
17843,FALSE,0,1,1
17844,FALSE,0,1,1
178712,FALSE,0,1,1
178713,FALSE,0,1,1
178459,FALSE,0,1,1
178580,FALSE,0,1,1
178600,TRUE,0,NA,Not Applicable
178711,FALSE,0,1,1
178710,FALSE,0,1,1
178709,FALSE,0,1,1
178569,FALSE,0,1,1
178850,FALSE,0,1,1
178714,FALSE,0,1,1
178849,FALSE,0,1,1
179102,FALSE,0,1,1
178963,FALSE,0,1,1
179203,FALSE,0,1,1
178857,FALSE,0,1,1
17880,FALSE,0,1,1
179235,FALSE,0,1,1
179237,FALSE,0,1,1
178856,FALSE,0,1,1
178860,FALSE,0,1,1
179202,FALSE,0,1,1
178964,FALSE,0,1,1
179201,FALSE,0,1,1
179100,FALSE,1,2,2
17924,FALSE,0,1,1
179315,FALSE,0,1,1
179321,FALSE,0,1,1
179285,FALSE,0,1,1
179271,FALSE,0,1,1
179269,FALSE,0,1,1
179270,FALSE,0,1,1
179446,FALSE,0,1,1
179701,FALSE,0,1,1
179840,FALSE,0,1,1
179864,FALSE,0,1,1
179777,FALSE,0,1,1
179843,FALSE,0,1,1
17990,FALSE,0,1,1
179510,FALSE,0,1,1
180487,FALSE,0,1,1
180250,FALSE,0,1,1
179865,FALSE,0,1,1
180474,FALSE,0,1,1
181736,FALSE,0,1,1
180184,FALSE,0,1,1
179322,FALSE,0,1,1
179143,FALSE,0,1,1
180475,FALSE,0,1,1
180192,FALSE,0,1,1
179837,FALSE,0,1,1
180489,FALSE,0,1,1
180191,FALSE,0,1,1
180473,FALSE,0,1,1
180143,FALSE,0,1,1
180142,FALSE,0,1,1
180251,FALSE,0,1,1
180490,FALSE,0,1,1
180193,FALSE,0,1,1
180633,FALSE,0,1,1
180491,FALSE,0,1,1
181872,FALSE,0,1,1
180183,FALSE,0,1,1
181895,FALSE,0,1,1
181896,FALSE,0,1,1
181900,FALSE,0,1,1
180631,FALSE,0,1,1
181866,FALSE,0,1,1
180437,FALSE,0,1,1
181901,FALSE,0,1,1
180630,FALSE,0,1,1
181759,FALSE,0,1,1
181899,FALSE,0,1,1
181873,FALSE,0,1,1
181979,FALSE,0,1,1
181902,FALSE,0,1,1
181958,FALSE,0,1,1
181906,FALSE,0,1,1
182203,FALSE,0,1,1
181912,TRUE,0,NA,Not Applicable
181903,FALSE,0,1,1
181976,FALSE,0,1,1
181897,FALSE,0,1,1
182207,FALSE,0,1,1
182202,FALSE,0,1,1
181904,FALSE,0,1,1
181907,FALSE,0,1,1
182208,FALSE,0,1,1
182205,FALSE,0,1,1
182503,TRUE,0,NA,Not Applicable
181980,FALSE,0,1,1
182230,FALSE,0,1,1
182576,FALSE,0,1,1
182294,FALSE,0,1,1
182577,FALSE,0,1,1
182502,FALSE,0,1,1
182737,FALSE,0,1,1
182642,FALSE,0,1,1
182824,FALSE,0,1,1
182825,FALSE,0,1,1
182826,FALSE,0,1,1
182967,FALSE,0,1,1
182233,FALSE,0,1,1
182992,FALSE,0,1,1
182996,FALSE,0,1,1
183352,FALSE,1,2,2
183055,FALSE,0,1,1
182995,FALSE,0,1,1
183152,TRUE,0,NA,Not Applicable
182997,FALSE,0,1,1
182994,FALSE,0,1,1
183151,TRUE,0,NA,Not Applicable
182993,FALSE,0,1,1
183410,FALSE,0,1,1
183454,FALSE,0,1,1
183455,FALSE,0,1,1
183475,TRUE,0,NA,Not Applicable
183456,FALSE,0,1,1
183458,FALSE,1,2,2
183457,FALSE,0,1,1
183505,FALSE,0,1,1
183617,FALSE,0,1,1
183655,FALSE,0,1,1
183606,FALSE,0,1,1
183605,FALSE,0,1,1
183656,FALSE,0,1,1
183651,FALSE,0,1,1
183652,FALSE,0,1,1
183657,FALSE,0,1,1
183658,FALSE,0,1,1
183660,FALSE,0,1,1
183659,FALSE,0,1,1
183668,TRUE,0,NA,Not Applicable
183662,FALSE,0,1,1
183669,TRUE,0,NA,Not Applicable
183661,FALSE,0,1,1
183663,FALSE,0,1,1
183665,FALSE,0,1,1
183674,TRUE,0,NA,Not Applicable
183675,TRUE,0,NA,Not Applicable
183666,FALSE,0,1,1
183664,FALSE,0,1,1
183667,FALSE,0,1,1
183701,FALSE,1,2,2
183719,FALSE,0,1,1
183722,FALSE,0,1,1
183723,FALSE,0,1,1
183709,FALSE,0,1,1
183754,FALSE,0,1,1
183702,FALSE,1,2,2
183703,FALSE,1,2,2
183751,FALSE,0,1,1
183727,FALSE,0,1,1
183903,TRUE,0,NA,Not Applicable
183790,FALSE,0,1,1
183904,TRUE,0,NA,Not Applicable
183724,FALSE,0,1,1
183804,FALSE,0,1,1
183775,FALSE,0,1,1
183725,FALSE,0,1,1
183909,FALSE,0,1,1
183908,FALSE,0,1,1
183916,FALSE,1,2,2
183911,FALSE,0,1,1
183917,FALSE,1,2,2
183966,FALSE,0,1,1
183930,FALSE,0,1,1
183918,FALSE,1,2,2
183927,FALSE,0,1,1
183925,FALSE,0,1,1
183923,FALSE,0,1,1
183926,FALSE,0,1,1
183920,FALSE,0,1,1
183928,FALSE,0,1,1
183906,FALSE,1,2,2
183936,FALSE,0,1,1
183929,FALSE,0,1,1
183924,FALSE,0,1,1
183932,FALSE,0,1,1
183934,FALSE,0,1,1
183931,FALSE,0,1,1
183910,FALSE,0,1,1
183935,FALSE,0,1,1
184041,FALSE,0,1,1
184042,FALSE,0,1,1
183933,FALSE,0,1,1
184046,FALSE,0,1,1
184269,FALSE,0,1,1
184045,FALSE,0,1,1
184465,TRUE,0,NA,Not Applicable
184334,FALSE,0,1,1
184272,FALSE,0,1,1
184332,FALSE,0,1,1
184276,FALSE,0,1,1
184043,FALSE,0,1,1
184331,FALSE,0,1,1
184044,FALSE,0,1,1
184335,FALSE,0,1,1
184270,FALSE,0,1,1
184694,FALSE,0,1,1
184333,FALSE,0,1,1
184696,FALSE,0,1,1
184704,FALSE,0,1,1
184701,FALSE,0,1,1
184521,FALSE,0,1,1
184522,FALSE,0,1,1
184501,FALSE,0,1,1
184499,FALSE,0,1,1
184692,FALSE,0,1,1
184500,FALSE,0,1,1
184706,FALSE,0,1,1
184705,FALSE,0,1,1
184697,FALSE,0,1,1
184695,FALSE,0,1,1
184693,FALSE,0,1,1
184811,FALSE,0,1,1
184703,FALSE,0,1,1
184874,FALSE,0,1,1
184751,FALSE,0,1,1
184702,FALSE,0,1,1
184750,FALSE,0,1,1
184715,FALSE,0,1,1
184816,FALSE,0,1,1
184777,FALSE,0,1,1
184849,FALSE,0,1,1
184815,FALSE,0,1,1
184813,FALSE,0,1,1
184824,FALSE,0,1,1
184875,FALSE,0,1,1
185343,FALSE,0,1,1
184876,FALSE,0,1,1
185345,FALSE,0,1,1
184898,FALSE,0,1,1
185344,FALSE,0,1,1
185400,FALSE,0,1,1
185410,FALSE,0,1,1
185411,FALSE,0,1,1
185375,FALSE,0,1,1
185473,FALSE,0,1,1
185484,FALSE,0,1,1
185485,FALSE,0,1,1
185412,FALSE,0,1,1
185486,FALSE,0,1,1
185487,FALSE,0,1,1
185488,FALSE,0,1,1
185490,FALSE,0,1,1
185489,FALSE,0,1,1
185491,FALSE,0,1,1
185492,FALSE,0,1,1
185588,TRUE,0,NA,Not Applicable
185589,TRUE,0,NA,Not Applicable
185524,FALSE,0,1,1
185591,TRUE,0,NA,Not Applicable
185525,FALSE,0,1,1
185526,FALSE,0,1,1
185592,TRUE,0,NA,Not Applicable
185714,FALSE,1,2,2
185717,FALSE,1,2,2
185715,FALSE,1,2,2
185716,FALSE,1,2,2
185750,TRUE,0,NA,Not Applicable
185973,TRUE,0,NA,Not Applicable
185699,FALSE,0,1,1
185719,FALSE,1,2,2
185723,FALSE,0,1,1
185751,TRUE,0,NA,Not Applicable
185722,FALSE,0,1,1
185967,TRUE,0,NA,Not Applicable
185718,FALSE,1,2,2
185720,FALSE,1,2,2
185971,TRUE,0,NA,Not Applicable
185968,TRUE,0,NA,Not Applicable
186167,FALSE,0,1,1
186281,FALSE,1,2,2
185979,FALSE,0,1,1
186310,FALSE,0,1,1
185980,FALSE,0,1,1
186285,FALSE,0,1,1
186170,FALSE,0,1,1
185978,FALSE,0,1,1
186361,TRUE,0,NA,Not Applicable
186304,FALSE,0,1,1
185981,FALSE,0,1,1
186552,TRUE,0,NA,Not Applicable
185963,FALSE,0,1,1
186433,FALSE,0,1,1
186298,FALSE,0,1,1
187113,TRUE,0,NA,Not Applicable
186284,FALSE,0,1,1
186706,FALSE,0,1,1
186551,TRUE,0,NA,Not Applicable
186577,FALSE,0,1,1
187001,TRUE,0,NA,Not Applicable
18680,FALSE,0,1,1
186627,FALSE,0,1,1
186553,TRUE,0,NA,Not Applicable
187115,TRUE,0,NA,Not Applicable
187187,TRUE,0,NA,Not Applicable
186748,FALSE,0,1,1
187183,TRUE,0,NA,Not Applicable
187018,FALSE,0,1,1
186475,FALSE,1,2,2
187186,TRUE,0,NA,Not Applicable
186705,FALSE,0,1,1
186747,FALSE,0,1,1
186467,FALSE,0,1,1
18671,FALSE,0,1,1
186979,FALSE,0,1,1
187088,TRUE,0,NA,Not Applicable
187103,FALSE,0,1,1
187157,TRUE,0,NA,Not Applicable
186749,FALSE,0,1,1
186471,FALSE,0,1,1
186468,FALSE,0,1,1
187185,TRUE,0,NA,Not Applicable
187184,TRUE,0,NA,Not Applicable
187188,TRUE,0,NA,Not Applicable
187189,TRUE,0,NA,Not Applicable
187190,TRUE,0,NA,Not Applicable
187252,FALSE,0,1,1
187255,FALSE,0,1,1
187269,FALSE,1,2,2
187253,FALSE,0,1,1
187259,FALSE,0,1,1
187260,FALSE,0,1,1
187254,FALSE,0,1,1
187274,FALSE,0,1,1
187270,FALSE,0,1,1
187264,FALSE,0,1,1
187267,FALSE,0,1,1
187363,FALSE,0,1,1
187263,FALSE,0,1,1
187364,FALSE,0,1,1
187371,FALSE,0,1,1
187296,FALSE,0,1,1
187370,FALSE,0,1,1
187280,FALSE,0,1,1
187272,FALSE,0,1,1
187258,FALSE,0,1,1
187369,FALSE,0,1,1
187682,FALSE,0,1,1
187367,FALSE,0,1,1
187609,FALSE,0,1,1
187482,FALSE,0,1,1
187678,FALSE,0,1,1
187368,FALSE,0,1,1
187279,FALSE,0,1,1
187642,FALSE,0,1,1
187362,FALSE,0,1,1
187641,FALSE,0,1,1
187640,FALSE,0,1,1
187680,FALSE,0,1,1
187365,FALSE,0,1,1
187645,FALSE,0,1,1
187675,FALSE,0,1,1
187684,FALSE,0,1,1
187688,FALSE,1,2,2
187692,FALSE,0,1,1
187695,FALSE,1,2,2
187694,FALSE,0,1,1
18780,FALSE,0,1,1
187693,FALSE,0,1,1
187697,FALSE,0,1,1
187696,FALSE,1,2,2
187834,FALSE,0,1,1
187698,FALSE,0,1,1
187699,FALSE,0,1,1
187859,FALSE,0,1,1
187860,FALSE,0,1,1
187857,FALSE,1,2,2
187868,TRUE,0,NA,Not Applicable
187869,TRUE,0,NA,Not Applicable
187873,TRUE,0,NA,Not Applicable
187910,FALSE,0,1,1
187898,FALSE,0,1,1
187998,FALSE,0,1,1
187999,FALSE,0,1,1
188000,FALSE,0,1,1
188016,FALSE,0,1,1
188017,FALSE,0,1,1
188018,FALSE,0,1,1
188270,FALSE,0,1,1
188269,FALSE,0,1,1
188268,FALSE,0,1,1
188271,FALSE,0,1,1
188274,FALSE,0,1,1
188272,FALSE,0,1,1
188273,FALSE,0,1,1
18836,FALSE,0,1,1
188539,FALSE,0,1,1
188451,FALSE,0,1,1
18870,FALSE,0,1,1
188277,FALSE,0,1,1
188706,FALSE,0,1,1
18837,FALSE,0,1,1
189628,FALSE,0,1,1
188707,FALSE,0,1,1
188520,FALSE,0,1,1
188519,FALSE,0,1,1
18874,FALSE,0,1,1
189005,FALSE,0,1,1
189630,FALSE,0,1,1
189742,FALSE,0,1,1
188977,FALSE,0,1,1
189743,FALSE,0,1,1
189629,FALSE,0,1,1
189744,FALSE,0,1,1
189794,FALSE,0,1,1
189795,FALSE,0,1,1
189741,FALSE,0,1,1
190093,FALSE,0,1,1
19010,FALSE,0,1,1
190155,FALSE,0,1,1
190153,FALSE,0,1,1
190034,FALSE,0,1,1
190233,FALSE,0,1,1
190818,TRUE,0,NA,Not Applicable
190033,FALSE,0,1,1
190232,FALSE,0,1,1
190154,FALSE,0,1,1
190230,FALSE,0,1,1
190234,FALSE,0,1,1
19053,FALSE,0,1,1
190164,FALSE,0,1,1
190133,FALSE,1,2,2
19070,FALSE,0,1,1
190134,FALSE,1,2,2
190229,FALSE,0,1,1
190239,FALSE,0,1,1
190270,FALSE,0,1,1
19069,FALSE,0,1,1
19055,FALSE,0,1,1
190819,TRUE,0,NA,Not Applicable
190624,FALSE,0,1,1
190864,FALSE,0,1,1
190163,FALSE,0,1,1
190824,FALSE,0,1,1
190866,FALSE,1,2,2
19031,FALSE,0,1,1
190867,FALSE,0,1,1
190871,FALSE,0,1,1
190231,FALSE,0,1,1
190870,FALSE,0,1,1
190872,FALSE,1,2,2
190868,FALSE,0,1,1
190869,FALSE,1,2,2
190728,FALSE,0,1,1
190865,FALSE,1,2,2
190874,FALSE,0,1,1
190876,FALSE,1,2,2
190873,FALSE,0,1,1
190875,FALSE,0,1,1
190903,FALSE,0,1,1
190902,FALSE,0,1,1
191012,FALSE,0,1,1
191365,FALSE,0,1,1
19125,FALSE,0,1,1
191361,FALSE,0,1,1
191204,FALSE,0,1,1
191013,FALSE,0,1,1
191011,FALSE,0,1,1
191371,FALSE,0,1,1
19123,FALSE,0,1,1
191362,FALSE,0,1,1
191366,FALSE,0,1,1
191363,FALSE,0,1,1
191554,FALSE,0,1,1
191360,FALSE,0,1,1
191108,FALSE,0,1,1
191117,FALSE,0,1,1
191560,FALSE,1,2,2
191689,FALSE,0,1,1
191206,FALSE,0,1,1
191553,FALSE,0,1,1
191252,FALSE,0,1,1
191213,FALSE,0,1,1
191688,FALSE,0,1,1
191690,FALSE,0,1,1
191364,FALSE,0,1,1
191653,FALSE,0,1,1
191862,FALSE,0,1,1
191692,FALSE,0,1,1
192153,FALSE,0,1,1
191950,FALSE,0,1,1
192152,FALSE,0,1,1
191797,FALSE,0,1,1
191796,FALSE,0,1,1
191937,FALSE,0,1,1
192155,FALSE,0,1,1
192156,FALSE,0,1,1
192259,FALSE,0,1,1
192366,FALSE,0,1,1
192204,FALSE,0,1,1
192365,FALSE,1,2,2
192368,FALSE,1,2,2
192610,FALSE,0,1,1
192868,TRUE,0,NA,Not Applicable
192367,FALSE,1,2,2
192369,FALSE,0,1,1
192589,FALSE,0,1,1
192696,FALSE,0,1,1
192880,FALSE,0,1,1
193012,FALSE,0,1,1
192939,FALSE,0,1,1
193013,FALSE,0,1,1
193022,FALSE,0,1,1
193198,FALSE,0,1,1
193058,FALSE,0,1,1
193055,FALSE,0,1,1
193023,FALSE,0,1,1
19319,FALSE,0,1,1
193404,TRUE,0,NA,Not Applicable
193407,TRUE,0,NA,Not Applicable
193406,TRUE,0,NA,Not Applicable
193405,TRUE,0,NA,Not Applicable
193416,TRUE,0,NA,Not Applicable
193417,TRUE,0,NA,Not Applicable
193777,TRUE,0,NA,Not Applicable
193409,TRUE,0,NA,Not Applicable
193790,TRUE,0,NA,Not Applicable
193408,TRUE,0,NA,Not Applicable
193630,TRUE,0,NA,Not Applicable
193624,TRUE,0,NA,Not Applicable
193791,TRUE,0,NA,Not Applicable
193756,TRUE,0,NA,Not Applicable
193806,FALSE,0,1,1
193799,TRUE,0,NA,Not Applicable
194006,FALSE,0,1,1
194015,FALSE,0,1,1
194012,FALSE,0,1,1
194119,FALSE,0,1,1
194161,FALSE,0,1,1
194004,FALSE,0,1,1
194453,FALSE,1,2,2
194005,FALSE,0,1,1
194120,FALSE,1,2,2
194121,FALSE,0,1,1
194249,FALSE,0,1,1
194016,FALSE,0,1,1
194118,FALSE,0,1,1
194204,FALSE,0,1,1
194457,FALSE,0,1,1
194017,FALSE,0,1,1
194391,FALSE,0,1,1
194387,FALSE,0,1,1
194389,FALSE,0,1,1
194390,FALSE,0,1,1
194248,FALSE,0,1,1
194247,FALSE,0,1,1
194303,FALSE,0,1,1
194392,FALSE,0,1,1
194388,FALSE,0,1,1
194458,FALSE,0,1,1
19444,FALSE,0,1,1
194463,FALSE,0,1,1
194462,FALSE,0,1,1
194393,FALSE,0,1,1
194464,FALSE,0,1,1
194459,FALSE,0,1,1
194879,FALSE,0,1,1
194461,FALSE,0,1,1
194878,FALSE,0,1,1
194518,FALSE,0,1,1
194877,FALSE,0,1,1
194859,FALSE,0,1,1
194875,FALSE,0,1,1
194865,FALSE,0,1,1
19484,FALSE,0,1,1
19487,FALSE,0,1,1
194857,FALSE,0,1,1
194460,FALSE,0,1,1
194876,FALSE,0,1,1
194882,FALSE,0,1,1
194855,FALSE,0,1,1
194985,FALSE,0,1,1
194880,FALSE,0,1,1
194881,FALSE,0,1,1
195063,FALSE,0,1,1
194858,FALSE,0,1,1
195062,FALSE,0,1,1
194989,FALSE,1,2,2
194983,FALSE,0,1,1
194982,FALSE,0,1,1
195092,FALSE,0,1,1
195064,FALSE,0,1,1
195018,FALSE,0,1,1
195095,FALSE,0,1,1
195097,FALSE,0,1,1
195099,FALSE,0,1,1
195129,FALSE,0,1,1
195127,FALSE,0,1,1
195154,FALSE,0,1,1
195130,FALSE,0,1,1
195131,FALSE,0,1,1
195093,FALSE,0,1,1
195125,FALSE,0,1,1
195096,FALSE,0,1,1
195194,FALSE,0,1,1
195196,FALSE,0,1,1
195134,FALSE,0,1,1
195151,FALSE,0,1,1
195098,FALSE,0,1,1
195135,FALSE,0,1,1
195195,FALSE,0,1,1
195128,FALSE,0,1,1
195197,FALSE,0,1,1
195202,FALSE,0,1,1
195206,FALSE,0,1,1
195209,FALSE,0,1,1
195211,FALSE,0,1,1
195203,FALSE,0,1,1
195207,FALSE,0,1,1
195210,FALSE,0,1,1
195208,FALSE,0,1,1
195213,FALSE,0,1,1
195232,FALSE,0,1,1
195292,FALSE,0,1,1
195239,FALSE,0,1,1
195212,FALSE,0,1,1
195242,FALSE,0,1,1
195241,FALSE,0,1,1
195235,FALSE,0,1,1
195474,FALSE,1,2,2
195475,FALSE,1,2,2
195385,FALSE,0,1,1
195478,FALSE,1,2,2
195477,FALSE,1,2,2
195479,FALSE,1,2,2
195574,FALSE,1,2,2
195558,TRUE,0,NA,Not Applicable
195701,FALSE,0,1,1
195702,FALSE,0,1,1
195703,FALSE,0,1,1
195951,TRUE,0,NA,Not Applicable
195854,TRUE,0,NA,Not Applicable
195967,TRUE,0,NA,Not Applicable
195969,TRUE,0,NA,Not Applicable
195968,TRUE,0,NA,Not Applicable
195955,TRUE,0,NA,Not Applicable
195980,FALSE,0,1,1
195983,FALSE,0,1,1
196046,FALSE,0,1,1
195982,FALSE,0,1,1
196480,FALSE,0,1,1
196609,TRUE,0,NA,Not Applicable
196139,FALSE,0,1,1
196191,TRUE,0,NA,Not Applicable
196584,FALSE,1,2,2
196701,FALSE,0,1,1
196635,FALSE,0,1,1
196090,FALSE,0,1,1
196857,FALSE,1,2,2
196874,FALSE,0,1,1
196707,FALSE,0,1,1
196875,FALSE,0,1,1
196703,FALSE,0,1,1
196702,FALSE,0,1,1
196876,FALSE,0,1,1
196884,FALSE,0,1,1
197053,FALSE,0,1,1
196973,TRUE,0,NA,Not Applicable
196912,FALSE,0,1,1
196972,TRUE,0,NA,Not Applicable
196910,FALSE,0,1,1
197336,FALSE,0,1,1
196993,FALSE,0,1,1
196908,FALSE,0,1,1
196935,FALSE,0,1,1
197054,FALSE,0,1,1
197343,FALSE,0,1,1
197052,FALSE,0,1,1
19741,FALSE,0,1,1
197310,FALSE,0,1,1
197459,FALSE,0,1,1
197741,TRUE,0,NA,Not Applicable
197499,FALSE,0,1,1
19742,FALSE,0,1,1
197430,FALSE,0,1,1
197297,FALSE,0,1,1
197501,FALSE,0,1,1
197133,FALSE,0,1,1
19732,FALSE,0,1,1
197733,TRUE,0,NA,Not Applicable
198037,FALSE,0,1,1
197500,FALSE,0,1,1
197327,FALSE,0,1,1
197503,FALSE,0,1,1
197502,FALSE,0,1,1
198279,FALSE,0,1,1
197389,FALSE,0,1,1
197883,FALSE,0,1,1
197884,FALSE,0,1,1
197504,FALSE,0,1,1
197892,FALSE,0,1,1
197889,FALSE,0,1,1
197886,FALSE,0,1,1
198278,TRUE,0,NA,Not Applicable
197890,FALSE,0,1,1
197887,FALSE,0,1,1
197885,FALSE,0,1,1
198058,FALSE,0,1,1
198340,FALSE,0,1,1
197888,FALSE,0,1,1
198381,FALSE,0,1,1
198589,TRUE,0,NA,Not Applicable
198341,FALSE,0,1,1
198402,FALSE,0,1,1
198342,FALSE,0,1,1
198344,FALSE,0,1,1
199227,FALSE,0,1,1
199173,FALSE,0,1,1
199221,FALSE,0,1,1
198343,FALSE,0,1,1
199172,FALSE,0,1,1
199744,TRUE,0,NA,Not Applicable
200012,FALSE,0,1,1
199611,FALSE,0,1,1
199609,FALSE,0,1,1
199212,FALSE,0,1,1
199608,FALSE,0,1,1
199228,FALSE,0,1,1
200016,FALSE,0,1,1
199394,FALSE,0,1,1
199445,FALSE,0,1,1
199610,FALSE,0,1,1
199699,FALSE,0,1,1
199765,FALSE,0,1,1
199222,FALSE,0,1,1
199714,FALSE,0,1,1
200084,FALSE,0,1,1
199220,FALSE,0,1,1
199218,FALSE,0,1,1
200029,FALSE,0,1,1
199219,FALSE,0,1,1
199572,FALSE,0,1,1
200427,FALSE,0,1,1
200281,FALSE,0,1,1
200283,FALSE,1,2,2
200100,FALSE,0,1,1
200280,FALSE,1,2,2
200636,FALSE,0,1,1
200632,FALSE,0,1,1
200009,FALSE,0,1,1
200231,FALSE,0,1,1
200719,FALSE,0,1,1
200443,FALSE,0,1,1
200936,FALSE,0,1,1
200963,FALSE,0,1,1
200444,FALSE,0,1,1
200961,FALSE,0,1,1
200965,FALSE,0,1,1
201246,FALSE,0,1,1
201334,FALSE,0,1,1
200964,FALSE,0,1,1
201335,FALSE,0,1,1
201337,FALSE,0,1,1
201338,FALSE,0,1,1
201336,FALSE,0,1,1
201362,FALSE,0,1,1
201384,FALSE,0,1,1
201446,FALSE,0,1,1
201447,FALSE,0,1,1
201448,FALSE,0,1,1
201452,FALSE,0,1,1
201449,FALSE,0,1,1
201450,FALSE,0,1,1
201451,FALSE,0,1,1
201454,FALSE,0,1,1
201453,FALSE,0,1,1
201557,FALSE,0,1,1
201473,FALSE,0,1,1
201558,FALSE,0,1,1
201636,FALSE,0,1,1
201560,FALSE,0,1,1
201559,FALSE,0,1,1
201681,FALSE,0,1,1
201700,FALSE,1,2,2
201639,FALSE,0,1,1
201698,FALSE,0,1,1
201704,FALSE,1,2,2
201919,FALSE,0,1,1
201918,FALSE,0,1,1
201921,FALSE,0,1,1
201927,FALSE,0,1,1
201705,FALSE,1,2,2
202149,TRUE,0,NA,Not Applicable
201920,FALSE,0,1,1
202020,FALSE,0,1,1
202021,FALSE,0,1,1
202367,FALSE,0,1,1
202019,FALSE,0,1,1
202018,FALSE,0,1,1
201962,FALSE,0,1,1
202369,FALSE,0,1,1
202368,FALSE,0,1,1
202370,FALSE,0,1,1
202414,FALSE,0,1,1
202415,FALSE,0,1,1
202542,FALSE,0,1,1
202413,FALSE,0,1,1
202419,FALSE,0,1,1
202647,TRUE,0,NA,Not Applicable
202651,TRUE,0,NA,Not Applicable
202652,TRUE,0,NA,Not Applicable
202416,FALSE,0,1,1
202659,TRUE,0,NA,Not Applicable
202649,TRUE,0,NA,Not Applicable
202654,TRUE,0,NA,Not Applicable
202648,TRUE,0,NA,Not Applicable
202656,TRUE,0,NA,Not Applicable
202661,TRUE,0,NA,Not Applicable
202417,FALSE,0,1,1
202424,FALSE,1,2,2
202422,FALSE,0,1,1
202646,TRUE,0,NA,Not Applicable
202650,TRUE,0,NA,Not Applicable
202653,TRUE,0,NA,Not Applicable
202658,TRUE,0,NA,Not Applicable
202420,FALSE,0,1,1
202684,FALSE,0,1,1
202655,TRUE,0,NA,Not Applicable
202423,FALSE,0,1,1
202657,TRUE,0,NA,Not Applicable
202418,FALSE,0,1,1
202686,FALSE,0,1,1
202421,FALSE,0,1,1
202685,FALSE,0,1,1
202660,TRUE,0,NA,Not Applicable
202720,FALSE,0,1,1
202722,FALSE,0,1,1
202797,FALSE,0,1,1
202746,FALSE,0,1,1
202844,FALSE,0,1,1
202846,FALSE,0,1,1
202843,FALSE,0,1,1
202723,FALSE,0,1,1
202845,FALSE,0,1,1
202851,FALSE,0,1,1
202847,FALSE,0,1,1
202848,FALSE,0,1,1
20275,FALSE,0,1,1
202849,FALSE,0,1,1
202842,FALSE,0,1,1
202852,FALSE,0,1,1
202859,FALSE,0,1,1
202862,FALSE,0,1,1
202856,FALSE,0,1,1
202850,FALSE,0,1,1
202863,FALSE,0,1,1
202855,FALSE,0,1,1
202864,FALSE,0,1,1
202860,FALSE,0,1,1
202857,FALSE,0,1,1
202854,FALSE,0,1,1
202869,FALSE,0,1,1
202867,FALSE,0,1,1
202872,FALSE,0,1,1
202865,FALSE,0,1,1
202868,FALSE,0,1,1
202873,FALSE,0,1,1
202871,FALSE,0,1,1
202874,FALSE,0,1,1
202866,FALSE,0,1,1
202870,FALSE,0,1,1
202876,FALSE,0,1,1
202877,FALSE,0,1,1
202880,FALSE,0,1,1
202882,FALSE,0,1,1
202884,FALSE,0,1,1
202886,FALSE,0,1,1
202881,FALSE,0,1,1
202883,FALSE,0,1,1
202875,FALSE,0,1,1
202878,FALSE,0,1,1
202879,FALSE,0,1,1
202885,FALSE,0,1,1
202889,FALSE,0,1,1
202887,FALSE,0,1,1
202888,FALSE,0,1,1
202890,FALSE,0,1,1
202892,FALSE,0,1,1
202891,FALSE,0,1,1
202893,FALSE,0,1,1
202894,FALSE,0,1,1
202895,FALSE,0,1,1
202896,FALSE,0,1,1
202897,FALSE,0,1,1
202898,FALSE,0,1,1
202899,FALSE,0,1,1
202901,FALSE,0,1,1
202900,FALSE,0,1,1
202902,FALSE,0,1,1
202903,FALSE,0,1,1
202904,FALSE,0,1,1
202905,FALSE,0,1,1
202907,FALSE,0,1,1
202908,FALSE,0,1,1
202906,FALSE,0,1,1
202909,FALSE,0,1,1
202910,FALSE,0,1,1
202915,FALSE,0,1,1
202914,FALSE,0,1,1
202913,FALSE,0,1,1
202911,FALSE,0,1,1
202912,FALSE,0,1,1
202919,FALSE,0,1,1
202917,FALSE,0,1,1
202916,FALSE,0,1,1
202920,FALSE,0,1,1
202923,FALSE,0,1,1
202925,FALSE,0,1,1
202918,FALSE,0,1,1
202924,FALSE,0,1,1
202922,FALSE,0,1,1
202921,FALSE,0,1,1
202929,FALSE,0,1,1
202927,FALSE,0,1,1
202926,FALSE,0,1,1
202930,FALSE,0,1,1
202932,FALSE,0,1,1
202928,FALSE,0,1,1
202933,FALSE,0,1,1
202942,FALSE,0,1,1
202938,FALSE,0,1,1
202939,FALSE,0,1,1
202931,FALSE,0,1,1
202943,FALSE,0,1,1
202954,FALSE,0,1,1
202937,FALSE,0,1,1
202950,FALSE,0,1,1
202941,FALSE,0,1,1
202947,FALSE,0,1,1
202945,FALSE,0,1,1
202952,FALSE,0,1,1
202936,FALSE,0,1,1
202944,FALSE,0,1,1
202946,FALSE,0,1,1
202940,FALSE,0,1,1
202948,FALSE,0,1,1
202959,FALSE,0,1,1
202961,FALSE,0,1,1
202964,FALSE,0,1,1
202963,FALSE,0,1,1
202958,FALSE,0,1,1
202962,FALSE,0,1,1
202960,FALSE,0,1,1
202951,FALSE,0,1,1
202966,FALSE,0,1,1
202968,FALSE,0,1,1
202949,FALSE,0,1,1
202967,FALSE,0,1,1
202953,FALSE,0,1,1
202955,FALSE,0,1,1
202965,FALSE,0,1,1
202956,FALSE,0,1,1
202973,FALSE,0,1,1
202969,FALSE,0,1,1
202980,FALSE,0,1,1
202972,FALSE,0,1,1
202970,FALSE,0,1,1
202974,FALSE,0,1,1
202979,FALSE,0,1,1
202978,FALSE,0,1,1
202977,FALSE,0,1,1
202981,FALSE,0,1,1
202983,FALSE,0,1,1
202976,FALSE,0,1,1
202982,FALSE,0,1,1
202987,FALSE,0,1,1
202975,FALSE,0,1,1
202986,FALSE,0,1,1
202992,FALSE,0,1,1
202988,FALSE,0,1,1
202984,FALSE,0,1,1
202985,FALSE,0,1,1
202999,FALSE,0,1,1
203000,FALSE,0,1,1
202989,FALSE,0,1,1
202994,FALSE,0,1,1
202993,FALSE,0,1,1
202998,FALSE,0,1,1
203001,FALSE,0,1,1
202990,FALSE,0,1,1
202995,FALSE,0,1,1
202997,FALSE,0,1,1
203005,FALSE,0,1,1
203003,FALSE,0,1,1
203009,FALSE,0,1,1
203004,FALSE,0,1,1
203013,FALSE,0,1,1
203006,FALSE,0,1,1
203014,FALSE,0,1,1
203007,FALSE,0,1,1
203010,FALSE,0,1,1
203019,FALSE,0,1,1
203008,FALSE,0,1,1
203020,FALSE,0,1,1
203011,FALSE,0,1,1
203021,FALSE,0,1,1
203015,FALSE,0,1,1
203017,FALSE,0,1,1
203024,FALSE,0,1,1
203022,FALSE,0,1,1
203025,FALSE,0,1,1
203023,FALSE,0,1,1
203026,FALSE,0,1,1
203027,FALSE,0,1,1
203029,FALSE,0,1,1
203028,FALSE,0,1,1
203030,FALSE,0,1,1
203031,FALSE,0,1,1
203032,FALSE,0,1,1
203033,FALSE,0,1,1
203035,FALSE,0,1,1
203034,FALSE,0,1,1
203036,FALSE,0,1,1
203037,FALSE,0,1,1
203038,FALSE,0,1,1
203039,FALSE,0,1,1
203044,FALSE,0,1,1
203043,FALSE,0,1,1
203040,FALSE,0,1,1
203045,FALSE,0,1,1
203042,FALSE,0,1,1
203048,FALSE,0,1,1
203047,FALSE,0,1,1
203050,FALSE,0,1,1
203053,FALSE,0,1,1
203051,FALSE,0,1,1
203054,FALSE,0,1,1
203049,FALSE,0,1,1
203052,FALSE,0,1,1
203055,FALSE,0,1,1
203057,FALSE,0,1,1
203060,FALSE,0,1,1
203059,FALSE,0,1,1
203064,FALSE,0,1,1
203072,FALSE,0,1,1
203063,FALSE,0,1,1
203062,FALSE,0,1,1
203070,FALSE,0,1,1
203061,FALSE,0,1,1
203067,FALSE,0,1,1
203065,FALSE,0,1,1
203066,FALSE,0,1,1
203068,FALSE,0,1,1
203079,FALSE,0,1,1
203071,FALSE,0,1,1
203076,FALSE,0,1,1
203081,FALSE,0,1,1
203069,FALSE,0,1,1
203073,FALSE,0,1,1
203084,FALSE,0,1,1
203074,FALSE,0,1,1
203082,FALSE,0,1,1
203085,FALSE,0,1,1
203077,FALSE,0,1,1
203078,FALSE,0,1,1
203075,FALSE,0,1,1
203090,FALSE,0,1,1
203086,FALSE,0,1,1
203087,FALSE,0,1,1
203091,FALSE,0,1,1
203083,FALSE,0,1,1
203099,FALSE,0,1,1
203093,FALSE,0,1,1
203098,FALSE,0,1,1
203088,FALSE,0,1,1
203092,FALSE,0,1,1
203101,FALSE,0,1,1
203103,FALSE,0,1,1
203097,FALSE,0,1,1
203096,FALSE,0,1,1
203094,FALSE,0,1,1
203089,FALSE,0,1,1
203106,FALSE,0,1,1
203102,FALSE,0,1,1
203109,FALSE,0,1,1
203095,FALSE,0,1,1
203105,FALSE,0,1,1
203110,FALSE,0,1,1
203104,FALSE,0,1,1
203111,FALSE,0,1,1
203108,FALSE,0,1,1
203107,FALSE,0,1,1
203100,FALSE,0,1,1
203114,FALSE,0,1,1
203112,FALSE,0,1,1
203115,FALSE,0,1,1
203113,FALSE,0,1,1
203117,FALSE,0,1,1
203122,FALSE,0,1,1
203118,FALSE,0,1,1
203123,FALSE,0,1,1
203116,FALSE,0,1,1
203119,FALSE,0,1,1
203121,FALSE,0,1,1
203131,FALSE,0,1,1
203126,FALSE,0,1,1
203120,FALSE,0,1,1
203137,FALSE,0,1,1
203134,FALSE,0,1,1
203125,FALSE,0,1,1
203124,FALSE,0,1,1
203133,FALSE,0,1,1
203132,FALSE,0,1,1
203130,FALSE,0,1,1
203138,FALSE,0,1,1
203128,FALSE,0,1,1
203129,FALSE,0,1,1
203127,FALSE,0,1,1
203135,FALSE,0,1,1
203140,FALSE,0,1,1
203136,FALSE,0,1,1
203143,FALSE,0,1,1
203149,FALSE,0,1,1
203141,FALSE,0,1,1
203148,FALSE,0,1,1
203142,FALSE,0,1,1
203144,FALSE,0,1,1
203145,FALSE,0,1,1
203146,FALSE,0,1,1
203155,FALSE,0,1,1
203150,FALSE,0,1,1
203147,FALSE,0,1,1
203152,FALSE,0,1,1
203151,FALSE,0,1,1
203348,TRUE,0,NA,Not Applicable
203154,FALSE,0,1,1
203608,TRUE,0,NA,Not Applicable
203541,FALSE,0,1,1
203153,FALSE,0,1,1
203731,FALSE,0,1,1
203733,FALSE,0,1,1
203708,FALSE,0,1,1
203734,TRUE,0,NA,Not Applicable
203767,FALSE,0,1,1
203768,FALSE,0,1,1
203769,TRUE,0,NA,Not Applicable
203792,TRUE,0,NA,Not Applicable
203799,FALSE,0,1,1
203800,FALSE,0,1,1
203801,FALSE,0,1,1
203842,FALSE,0,1,1
203979,FALSE,0,1,1
204018,FALSE,0,1,1
203908,FALSE,0,1,1
203868,FALSE,0,1,1
203843,FALSE,0,1,1
204300,FALSE,0,1,1
204020,FALSE,0,1,1
204299,FALSE,0,1,1
204301,FALSE,0,1,1
204306,FALSE,0,1,1
204354,FALSE,0,1,1
204364,FALSE,0,1,1
204365,FALSE,0,1,1
204368,FALSE,0,1,1
204366,FALSE,0,1,1
204360,FALSE,0,1,1
204355,FALSE,0,1,1
204367,FALSE,0,1,1
204369,FALSE,0,1,1
204497,FALSE,0,1,1
204370,FALSE,0,1,1
204524,FALSE,0,1,1
204372,FALSE,0,1,1
204373,FALSE,0,1,1
204371,FALSE,0,1,1
204525,FALSE,0,1,1
204570,FALSE,0,1,1
204543,FALSE,0,1,1
204568,FALSE,0,1,1
204821,FALSE,0,1,1
204673,FALSE,0,1,1
204672,FALSE,0,1,1
204569,FALSE,0,1,1
204575,FALSE,0,1,1
204567,FALSE,0,1,1
204523,FALSE,0,1,1
204819,FALSE,0,1,1
204995,FALSE,0,1,1
204818,FALSE,0,1,1
204544,FALSE,0,1,1
204994,FALSE,0,1,1
205215,TRUE,0,NA,Not Applicable
205092,FALSE,0,1,1
204976,FALSE,0,1,1
204975,FALSE,0,1,1
205139,TRUE,0,NA,Not Applicable
204974,FALSE,0,1,1
205090,FALSE,0,1,1
205093,FALSE,0,1,1
205128,FALSE,0,1,1
205091,FALSE,0,1,1
205130,FALSE,0,1,1
205129,FALSE,0,1,1
206148,FALSE,0,1,1
205138,TRUE,0,NA,Not Applicable
205095,FALSE,0,1,1
205603,FALSE,0,1,1
205214,TRUE,0,NA,Not Applicable
206044,FALSE,0,1,1
205724,FALSE,0,1,1
205703,FALSE,0,1,1
205604,FALSE,0,1,1
206032,FALSE,0,1,1
205165,FALSE,0,1,1
205631,FALSE,0,1,1
206171,FALSE,1,2,2
206146,FALSE,0,1,1
206169,FALSE,1,2,2
206033,FALSE,0,1,1
205993,FALSE,0,1,1
205994,FALSE,1,2,2
206027,FALSE,0,1,1
206170,FALSE,1,2,2
206198,FALSE,0,1,1
206149,FALSE,0,1,1
206197,FALSE,0,1,1
206435,FALSE,0,1,1
206199,FALSE,0,1,1
206404,FALSE,0,1,1
206482,FALSE,0,1,1
206483,FALSE,0,1,1
206484,FALSE,0,1,1
206267,FALSE,0,1,1
206434,FALSE,0,1,1
206405,FALSE,0,1,1
206481,FALSE,0,1,1
206407,FALSE,0,1,1
206414,FALSE,0,1,1
206408,FALSE,0,1,1
206272,FALSE,0,1,1
206406,FALSE,0,1,1
206412,FALSE,0,1,1
206211,FALSE,0,1,1
206413,FALSE,0,1,1
206433,FALSE,0,1,1
206487,FALSE,0,1,1
206485,FALSE,0,1,1
206486,FALSE,0,1,1
20672,FALSE,0,1,1
20676,FALSE,0,1,1
206885,FALSE,0,1,1
20677,FALSE,0,1,1
206906,FALSE,0,1,1
20680,FALSE,0,1,1
20671,FALSE,0,1,1
20681,FALSE,0,1,1
206488,FALSE,0,1,1
207404,FALSE,0,1,1
20692,FALSE,0,1,1
207170,FALSE,1,2,2
207251,FALSE,0,1,1
207551,FALSE,0,1,1
207835,FALSE,0,1,1
207553,FALSE,0,1,1
207552,FALSE,0,1,1
207637,FALSE,0,1,1
20781,FALSE,0,1,1
207836,FALSE,0,1,1
208068,FALSE,0,1,1
208067,FALSE,0,1,1
208069,FALSE,0,1,1
207881,FALSE,0,1,1
208070,FALSE,0,1,1
208072,FALSE,0,1,1
208073,FALSE,0,1,1
208358,FALSE,0,1,1
208336,FALSE,0,1,1
208359,FALSE,0,1,1
208383,FALSE,0,1,1
208360,FALSE,0,1,1
208382,FALSE,0,1,1
208384,FALSE,0,1,1
208385,FALSE,0,1,1
208386,FALSE,0,1,1
208388,FALSE,0,1,1
208389,FALSE,0,1,1
208391,FALSE,0,1,1
208387,FALSE,0,1,1
208392,FALSE,0,1,1
208574,FALSE,0,1,1
208683,FALSE,0,1,1
208575,FALSE,1,2,2
208573,FALSE,0,1,1
208576,FALSE,1,2,2
208684,FALSE,0,1,1
208650,FALSE,0,1,1
208651,FALSE,0,1,1
208685,FALSE,0,1,1
208696,FALSE,0,1,1
208697,FALSE,0,1,1
208694,FALSE,0,1,1
208713,FALSE,0,1,1
209095,FALSE,1,2,2
208902,FALSE,0,1,1
208910,FALSE,0,1,1
208899,FALSE,0,1,1
208919,FALSE,0,1,1
208903,FALSE,1,2,2
208714,FALSE,0,1,1
209099,FALSE,1,2,2
208695,FALSE,0,1,1
208904,FALSE,0,1,1
208976,FALSE,0,1,1
209097,FALSE,1,2,2
209201,FALSE,0,1,1
209105,FALSE,1,2,2
209101,FALSE,1,2,2
209287,TRUE,0,NA,Not Applicable
209096,FALSE,1,2,2
209195,FALSE,0,1,1
209104,FALSE,1,2,2
209321,FALSE,0,1,1
209106,FALSE,1,2,2
209194,FALSE,0,1,1
209098,FALSE,1,2,2
209320,FALSE,0,1,1
209102,FALSE,1,2,2
209103,FALSE,1,2,2
209322,FALSE,0,1,1
209319,FALSE,0,1,1
209323,FALSE,0,1,1
209561,FALSE,0,1,1
209562,FALSE,0,1,1
209570,FALSE,0,1,1
209564,FALSE,0,1,1
20963,FALSE,0,1,1
209560,FALSE,0,1,1
209670,FALSE,1,2,2
209569,FALSE,0,1,1
20965,FALSE,0,1,1
20964,FALSE,1,2,2
20978,FALSE,0,1,1
209566,FALSE,0,1,1
20977,FALSE,1,2,2
209563,FALSE,0,1,1
210023,FALSE,0,1,1
209850,FALSE,0,1,1
209567,FALSE,0,1,1
209699,FALSE,0,1,1
209568,FALSE,0,1,1
210190,FALSE,0,1,1
209886,FALSE,0,1,1
210189,FALSE,0,1,1
210265,FALSE,0,1,1
210396,FALSE,0,1,1
210262,FALSE,0,1,1
210729,FALSE,0,1,1
210466,FALSE,0,1,1
210270,FALSE,0,1,1
210641,FALSE,0,1,1
210269,FALSE,0,1,1
210263,FALSE,0,1,1
211366,FALSE,0,1,1
210323,FALSE,0,1,1
21073,FALSE,0,1,1
210264,FALSE,0,1,1
210642,FALSE,0,1,1
210268,FALSE,0,1,1
210469,FALSE,0,1,1
21074,FALSE,0,1,1
210813,FALSE,0,1,1
211490,FALSE,0,1,1
211381,FALSE,0,1,1
211488,FALSE,0,1,1
211489,FALSE,0,1,1
211367,FALSE,0,1,1
210812,FALSE,0,1,1
211426,FALSE,0,1,1
210814,FALSE,0,1,1
211494,FALSE,0,1,1
211383,FALSE,0,1,1
21153,FALSE,0,1,1
211541,FALSE,0,1,1
211539,FALSE,0,1,1
211538,FALSE,0,1,1
211540,FALSE,0,1,1
211542,FALSE,0,1,1
211537,FALSE,0,1,1
211544,FALSE,0,1,1
211545,FALSE,0,1,1
211543,FALSE,0,1,1
211555,FALSE,0,1,1
211579,FALSE,0,1,1
211554,FALSE,0,1,1
211552,FALSE,0,1,1
211572,FALSE,0,1,1
211580,FALSE,0,1,1
211578,FALSE,0,1,1
211581,FALSE,0,1,1
211612,FALSE,0,1,1
211611,FALSE,0,1,1
211613,FALSE,0,1,1
211614,FALSE,0,1,1
211629,FALSE,0,1,1
211628,FALSE,0,1,1
211630,FALSE,0,1,1
211631,FALSE,0,1,1
211632,FALSE,0,1,1
211634,FALSE,0,1,1
211633,FALSE,0,1,1
211635,FALSE,0,1,1
211701,FALSE,0,1,1
211700,FALSE,0,1,1
211702,FALSE,0,1,1
211711,FALSE,0,1,1
211721,FALSE,0,1,1
211703,FALSE,0,1,1
211704,FALSE,0,1,1
211713,FALSE,0,1,1
211712,FALSE,0,1,1
211714,FALSE,0,1,1
211722,FALSE,0,1,1
211718,FALSE,0,1,1
211719,FALSE,0,1,1
211724,FALSE,0,1,1
211735,FALSE,0,1,1
211728,FALSE,0,1,1
211759,FALSE,0,1,1
211771,FALSE,0,1,1
211770,FALSE,0,1,1
211776,FALSE,0,1,1
211734,FALSE,0,1,1
211775,FALSE,0,1,1
211769,FALSE,0,1,1
211760,FALSE,0,1,1
211773,FALSE,0,1,1
211777,FALSE,0,1,1
211758,FALSE,0,1,1
211827,TRUE,0,NA,Not Applicable
211774,FALSE,0,1,1
211826,TRUE,0,NA,Not Applicable
211778,FALSE,0,1,1
211780,FALSE,0,1,1
211857,TRUE,0,NA,Not Applicable
211781,FALSE,0,1,1
211829,TRUE,0,NA,Not Applicable
211891,TRUE,0,NA,Not Applicable
211779,FALSE,0,1,1
211828,TRUE,0,NA,Not Applicable
21179,FALSE,0,1,1
211847,TRUE,0,NA,Not Applicable
211836,TRUE,0,NA,Not Applicable
211890,TRUE,0,NA,Not Applicable
211837,TRUE,0,NA,Not Applicable
211889,TRUE,0,NA,Not Applicable
211942,FALSE,0,1,1
211853,TRUE,0,NA,Not Applicable
211848,TRUE,0,NA,Not Applicable
211839,TRUE,0,NA,Not Applicable
211941,FALSE,0,1,1
212086,FALSE,0,1,1
21276,FALSE,0,1,1
21225,FALSE,0,1,1
21210,FALSE,0,1,1
213402,FALSE,0,1,1
21218,FALSE,0,1,1
212087,FALSE,0,1,1
21224,FALSE,0,1,1
213113,FALSE,0,1,1
21226,FALSE,0,1,1
213117,FALSE,0,1,1
212196,FALSE,0,1,1
21320,FALSE,0,1,1
21310,FALSE,0,1,1
21314,FALSE,0,1,1
213172,FALSE,0,1,1
212323,FALSE,0,1,1
213021,FALSE,0,1,1
213515,FALSE,0,1,1
213514,FALSE,0,1,1
213510,FALSE,0,1,1
213535,FALSE,0,1,1
213508,FALSE,0,1,1
213517,FALSE,0,1,1
213707,FALSE,0,1,1
213516,FALSE,0,1,1
213536,FALSE,0,1,1
213704,FALSE,0,1,1
21367,FALSE,0,1,1
213532,FALSE,0,1,1
213706,FALSE,0,1,1
213712,FALSE,0,1,1
213713,FALSE,1,2,2
213705,FALSE,0,1,1
213708,FALSE,0,1,1
213602,FALSE,0,1,1
213718,FALSE,1,2,2
213717,FALSE,1,2,2
213715,FALSE,1,2,2
213716,FALSE,1,2,2
213719,FALSE,1,2,2
213711,FALSE,0,1,1
213709,FALSE,0,1,1
213714,FALSE,1,2,2
213723,FALSE,0,1,1
213710,FALSE,0,1,1
213721,FALSE,1,2,2
213722,FALSE,0,1,1
213720,FALSE,1,2,2
213737,FALSE,0,1,1
21373,FALSE,0,1,1
213738,FALSE,0,1,1
213739,FALSE,0,1,1
213740,FALSE,0,1,1
213764,FALSE,0,1,1
213765,FALSE,0,1,1
213763,FALSE,0,1,1
214126,FALSE,0,1,1
214146,TRUE,0,NA,Not Applicable
213766,FALSE,0,1,1
214147,FALSE,0,1,1
213788,FALSE,0,1,1
214148,FALSE,0,1,1
214112,FALSE,0,1,1
214265,FALSE,0,1,1
214150,FALSE,0,1,1
214149,FALSE,0,1,1
214387,FALSE,0,1,1
214393,FALSE,0,1,1
214401,FALSE,0,1,1
214475,FALSE,0,1,1
214699,FALSE,0,1,1
214605,FALSE,0,1,1
214700,FALSE,0,1,1
214706,FALSE,0,1,1
214701,FALSE,0,1,1
214912,FALSE,0,1,1
214752,FALSE,0,1,1
214753,FALSE,0,1,1
214983,FALSE,0,1,1
214974,FALSE,1,2,2
214997,FALSE,0,1,1
215048,FALSE,0,1,1
214996,FALSE,0,1,1
214975,FALSE,1,2,2
215051,FALSE,0,1,1
215049,FALSE,0,1,1
215055,FALSE,0,1,1
215054,FALSE,0,1,1
215050,FALSE,0,1,1
215053,FALSE,0,1,1
215052,FALSE,0,1,1
215252,TRUE,0,NA,Not Applicable
215099,FALSE,0,1,1
215258,TRUE,0,NA,Not Applicable
215257,TRUE,0,NA,Not Applicable
215249,TRUE,0,NA,Not Applicable
215254,TRUE,0,NA,Not Applicable
215253,TRUE,0,NA,Not Applicable
215259,TRUE,0,NA,Not Applicable
215273,TRUE,0,NA,Not Applicable
215255,TRUE,0,NA,Not Applicable
215274,TRUE,0,NA,Not Applicable
215264,TRUE,0,NA,Not Applicable
215545,FALSE,0,1,1
215276,TRUE,0,NA,Not Applicable
215272,TRUE,0,NA,Not Applicable
215263,TRUE,0,NA,Not Applicable
215548,FALSE,0,1,1
215261,TRUE,0,NA,Not Applicable
215553,FALSE,0,1,1
215260,TRUE,0,NA,Not Applicable
215268,TRUE,0,NA,Not Applicable
21577,FALSE,0,1,1
21549,FALSE,0,1,1
215556,FALSE,0,1,1
215898,FALSE,0,1,1
215554,FALSE,0,1,1
215555,FALSE,0,1,1
216110,FALSE,0,1,1
215902,FALSE,0,1,1
215552,FALSE,0,1,1
215897,FALSE,0,1,1
21576,FALSE,0,1,1
215899,FALSE,0,1,1
215900,FALSE,0,1,1
215904,FALSE,0,1,1
215901,FALSE,0,1,1
215905,FALSE,0,1,1
216000,TRUE,0,NA,Not Applicable
215903,FALSE,0,1,1
216173,FALSE,0,1,1
216166,FALSE,0,1,1
216171,FALSE,0,1,1
216213,FALSE,0,1,1
216241,FALSE,0,1,1
216257,FALSE,0,1,1
216170,FALSE,0,1,1
216161,FALSE,0,1,1
216269,FALSE,0,1,1
216270,FALSE,0,1,1
216260,FALSE,0,1,1
216262,FALSE,0,1,1
216259,FALSE,0,1,1
216239,FALSE,0,1,1
216263,FALSE,1,2,2
216258,FALSE,0,1,1
21635,FALSE,0,1,1
216266,FALSE,0,1,1
216474,FALSE,0,1,1
216172,FALSE,0,1,1
21636,FALSE,0,1,1
216734,FALSE,0,1,1
216835,FALSE,0,1,1
216832,FALSE,0,1,1
21664,FALSE,0,1,1
216732,FALSE,1,2,2
216394,FALSE,0,1,1
216475,FALSE,0,1,1
216536,FALSE,0,1,1
216535,FALSE,0,1,1
216858,FALSE,0,1,1
216854,FALSE,0,1,1
216848,FALSE,0,1,1
217037,FALSE,0,1,1
217034,FALSE,0,1,1
217033,FALSE,0,1,1
216853,FALSE,0,1,1
217045,FALSE,0,1,1
217046,FALSE,0,1,1
216861,FALSE,0,1,1
217047,FALSE,0,1,1
216862,FALSE,0,1,1
216857,FALSE,0,1,1
217039,FALSE,0,1,1
217040,FALSE,0,1,1
216871,FALSE,0,1,1
217051,FALSE,0,1,1
217048,FALSE,0,1,1
217060,FALSE,0,1,1
217054,FALSE,0,1,1
217049,FALSE,0,1,1
217061,FALSE,0,1,1
217068,FALSE,0,1,1
217055,FALSE,0,1,1
217057,FALSE,0,1,1
217058,FALSE,0,1,1
217066,FALSE,0,1,1
217062,FALSE,0,1,1
217065,FALSE,0,1,1
217069,FALSE,0,1,1
217063,FALSE,0,1,1
217071,FALSE,0,1,1
217067,FALSE,0,1,1
217070,FALSE,0,1,1
217072,FALSE,0,1,1
217073,FALSE,0,1,1
217074,FALSE,0,1,1
217076,FALSE,0,1,1
217075,FALSE,0,1,1
217077,FALSE,0,1,1
217079,FALSE,0,1,1
217082,FALSE,0,1,1
217080,FALSE,0,1,1
217081,FALSE,0,1,1
217084,FALSE,0,1,1
217083,FALSE,0,1,1
217086,FALSE,0,1,1
217085,FALSE,0,1,1
217088,FALSE,0,1,1
217087,FALSE,0,1,1
217090,FALSE,0,1,1
217089,FALSE,0,1,1
217092,FALSE,0,1,1
217091,FALSE,0,1,1
217093,FALSE,0,1,1
217096,FALSE,0,1,1
217099,FALSE,0,1,1
217098,FALSE,0,1,1
217097,FALSE,0,1,1
217100,FALSE,0,1,1
217236,FALSE,0,1,1
217102,FALSE,0,1,1
217103,FALSE,0,1,1
217101,FALSE,0,1,1
217234,FALSE,0,1,1
217238,FALSE,0,1,1
217237,FALSE,0,1,1
217239,FALSE,0,1,1
217245,FALSE,0,1,1
217240,FALSE,0,1,1
217241,FALSE,0,1,1
217248,FALSE,0,1,1
217244,FALSE,0,1,1
217242,FALSE,0,1,1
217247,FALSE,0,1,1
217251,FALSE,0,1,1
217246,FALSE,0,1,1
217243,FALSE,0,1,1
217250,FALSE,0,1,1
217249,FALSE,0,1,1
217252,FALSE,0,1,1
217254,FALSE,0,1,1
217256,FALSE,0,1,1
217253,FALSE,0,1,1
217258,FALSE,0,1,1
217257,FALSE,0,1,1
217264,FALSE,0,1,1
217255,FALSE,0,1,1
217270,FALSE,0,1,1
217260,FALSE,0,1,1
217272,FALSE,0,1,1
217265,FALSE,0,1,1
217269,FALSE,0,1,1
217259,FALSE,0,1,1
217262,FALSE,0,1,1
217271,FALSE,0,1,1
217261,FALSE,0,1,1
217266,FALSE,0,1,1
217274,FALSE,0,1,1
217273,FALSE,0,1,1
217275,FALSE,0,1,1
217278,FALSE,0,1,1
217280,FALSE,0,1,1
217284,FALSE,0,1,1
217277,FALSE,0,1,1
217276,FALSE,0,1,1
217283,FALSE,0,1,1
217282,FALSE,0,1,1
217279,FALSE,0,1,1
217281,FALSE,0,1,1
217337,FALSE,0,1,1
217288,FALSE,0,1,1
217289,FALSE,0,1,1
217287,FALSE,0,1,1
217286,FALSE,0,1,1
217285,FALSE,0,1,1
217291,FALSE,0,1,1
217344,FALSE,0,1,1
217339,FALSE,0,1,1
217292,FALSE,0,1,1
217341,FALSE,0,1,1
217342,FALSE,0,1,1
217345,FALSE,0,1,1
217343,FALSE,0,1,1
217340,FALSE,0,1,1
217338,FALSE,0,1,1
217378,FALSE,0,1,1
217418,FALSE,0,1,1
217413,FALSE,0,1,1
217526,TRUE,0,NA,Not Applicable
217759,FALSE,0,1,1
217753,FALSE,0,1,1
217414,FALSE,0,1,1
217419,FALSE,0,1,1
217479,FALSE,0,1,1
217756,FALSE,0,1,1
217757,FALSE,0,1,1
217478,FALSE,0,1,1
217416,FALSE,0,1,1
217415,FALSE,0,1,1
217768,FALSE,0,1,1
217761,FALSE,0,1,1
217762,FALSE,0,1,1
217764,FALSE,0,1,1
217763,FALSE,0,1,1
217755,FALSE,0,1,1
217769,FALSE,0,1,1
217765,FALSE,0,1,1
217770,FALSE,0,1,1
217760,FALSE,0,1,1
218206,FALSE,0,1,1
218292,FALSE,0,1,1
218293,FALSE,0,1,1
218207,FALSE,0,1,1
218205,FALSE,0,1,1
218294,FALSE,0,1,1
217979,FALSE,0,1,1
218295,FALSE,0,1,1
218208,FALSE,0,1,1
218298,FALSE,0,1,1
218297,FALSE,0,1,1
218213,FALSE,0,1,1
218296,FALSE,0,1,1
218303,FALSE,0,1,1
218304,FALSE,0,1,1
218305,FALSE,0,1,1
218307,FALSE,0,1,1
218306,FALSE,0,1,1
218308,FALSE,0,1,1
218309,FALSE,0,1,1
218310,FALSE,0,1,1
218312,FALSE,0,1,1
218313,FALSE,0,1,1
218314,FALSE,0,1,1
218315,FALSE,0,1,1
218319,FALSE,0,1,1
218316,FALSE,0,1,1
218317,FALSE,0,1,1
218318,FALSE,0,1,1
218320,FALSE,0,1,1
218580,FALSE,0,1,1
218544,FALSE,0,1,1
218578,FALSE,0,1,1
218579,FALSE,0,1,1
218582,FALSE,0,1,1
218633,FALSE,0,1,1
218581,FALSE,0,1,1
218634,FALSE,0,1,1
218636,FALSE,0,1,1
218681,FALSE,0,1,1
218637,FALSE,0,1,1
218635,FALSE,0,1,1
218711,FALSE,0,1,1
218714,FALSE,0,1,1
218712,FALSE,0,1,1
218716,FALSE,0,1,1
218715,FALSE,0,1,1
218713,FALSE,0,1,1
218721,FALSE,0,1,1
218717,FALSE,0,1,1
218720,FALSE,0,1,1
218727,FALSE,0,1,1
218725,FALSE,1,2,2
218719,FALSE,0,1,1
218718,FALSE,0,1,1
218728,TRUE,0,NA,Not Applicable
218726,FALSE,0,1,1
218722,FALSE,0,1,1
218729,FALSE,1,2,2
218723,FALSE,0,1,1
218724,FALSE,1,2,2
218731,FALSE,0,1,1
218743,FALSE,0,1,1
218732,FALSE,1,2,2
218745,FALSE,0,1,1
218734,FALSE,0,1,1
218739,FALSE,0,1,1
218738,FALSE,0,1,1
218730,FALSE,1,2,2
218740,FALSE,0,1,1
218737,FALSE,0,1,1
218733,FALSE,1,2,2
218741,FALSE,0,1,1
218736,FALSE,0,1,1
218747,FALSE,0,1,1
218742,FALSE,0,1,1
218735,FALSE,0,1,1
218746,FALSE,0,1,1
218744,FALSE,0,1,1
218749,FALSE,0,1,1
218748,TRUE,0,NA,Not Applicable
218753,FALSE,0,1,1
218752,FALSE,0,1,1
218751,FALSE,0,1,1
218801,FALSE,0,1,1
21920,FALSE,0,1,1
218838,FALSE,0,1,1
219536,FALSE,0,1,1
218750,FALSE,0,1,1
219795,FALSE,0,1,1
219640,FALSE,0,1,1
219780,FALSE,0,1,1
219781,FALSE,0,1,1
219782,FALSE,0,1,1
21981,FALSE,0,1,1
219964,FALSE,0,1,1
219537,FALSE,0,1,1
219784,FALSE,0,1,1
220077,FALSE,0,1,1
219828,FALSE,0,1,1
220081,FALSE,0,1,1
220211,FALSE,0,1,1
220213,FALSE,0,1,1
220082,FALSE,0,1,1
220495,FALSE,0,1,1
220245,FALSE,0,1,1
220212,FALSE,0,1,1
220356,FALSE,0,1,1
22037,FALSE,0,1,1
220808,TRUE,0,NA,Not Applicable
220243,FALSE,0,1,1
220221,FALSE,1,2,2
22073,FALSE,0,1,1
22074,FALSE,0,1,1
220357,FALSE,0,1,1
220244,FALSE,0,1,1
220508,FALSE,0,1,1
220246,FALSE,0,1,1
221017,FALSE,0,1,1
220988,FALSE,0,1,1
220794,FALSE,0,1,1
220791,FALSE,0,1,1
220793,FALSE,0,1,1
220792,FALSE,0,1,1
221012,FALSE,0,1,1
220790,FALSE,0,1,1
221014,FALSE,0,1,1
22123,FALSE,0,1,1
22122,FALSE,0,1,1
221408,FALSE,0,1,1
221135,FALSE,0,1,1
221137,FALSE,0,1,1
221446,FALSE,0,1,1
221433,FALSE,0,1,1
221436,FALSE,0,1,1
221437,FALSE,0,1,1
221434,FALSE,0,1,1
221443,FALSE,0,1,1
22141,FALSE,0,1,1
221438,FALSE,0,1,1
221447,FALSE,0,1,1
221460,TRUE,0,NA,Not Applicable
221463,FALSE,0,1,1
221566,FALSE,0,1,1
22163,FALSE,0,1,1
221567,FALSE,0,1,1
221703,FALSE,0,1,1
221704,FALSE,0,1,1
221737,FALSE,0,1,1
221710,FALSE,0,1,1
221739,FALSE,0,1,1
221740,FALSE,0,1,1
221741,FALSE,0,1,1
221742,FALSE,0,1,1
221746,FALSE,0,1,1
221745,FALSE,0,1,1
221748,FALSE,0,1,1
221743,FALSE,0,1,1
221747,FALSE,0,1,1
221752,FALSE,0,1,1
221750,FALSE,0,1,1
221751,FALSE,0,1,1
221753,FALSE,0,1,1
221757,FALSE,0,1,1
221756,FALSE,0,1,1
221843,FALSE,0,1,1
221754,FALSE,0,1,1
221761,FALSE,0,1,1
221759,FALSE,0,1,1
221810,FALSE,0,1,1
221846,FALSE,0,1,1
221845,FALSE,0,1,1
221758,FALSE,0,1,1
221844,FALSE,0,1,1
221760,FALSE,0,1,1
22197,FALSE,0,1,1
22213,FALSE,0,1,1
222393,FALSE,0,1,1
222414,FALSE,0,1,1
22199,FALSE,0,1,1
22228,FALSE,0,1,1
22198,FALSE,0,1,1
222415,FALSE,0,1,1
222416,FALSE,0,1,1
222413,FALSE,0,1,1
222601,FALSE,0,1,1
222613,FALSE,0,1,1
222422,FALSE,0,1,1
222876,FALSE,0,1,1
222875,FALSE,0,1,1
222742,FALSE,0,1,1
222616,FALSE,0,1,1
222496,FALSE,1,2,2
222423,FALSE,0,1,1
222617,FALSE,0,1,1
22293,FALSE,0,1,1
222425,FALSE,0,1,1
22286,FALSE,0,1,1
22300,FALSE,0,1,1
223018,FALSE,0,1,1
22299,FALSE,0,1,1
223160,FALSE,0,1,1
223000,FALSE,0,1,1
223052,FALSE,0,1,1
223019,FALSE,0,1,1
223225,FALSE,0,1,1
223001,FALSE,0,1,1
223224,FALSE,0,1,1
223222,FALSE,0,1,1
222621,FALSE,0,1,1
223327,FALSE,0,1,1
223223,FALSE,0,1,1
223253,FALSE,0,1,1
223336,TRUE,0,NA,Not Applicable
223334,TRUE,0,NA,Not Applicable
223337,TRUE,0,NA,Not Applicable
223332,TRUE,0,NA,Not Applicable
223338,TRUE,0,NA,Not Applicable
223708,FALSE,0,1,1
223564,FALSE,0,1,1
223340,TRUE,0,NA,Not Applicable
223707,FALSE,0,1,1
223439,FALSE,0,1,1
223438,FALSE,0,1,1
224354,FALSE,0,1,1
224067,FALSE,0,1,1
223709,FALSE,0,1,1
224070,FALSE,0,1,1
223712,FALSE,0,1,1
223437,FALSE,0,1,1
224515,TRUE,0,NA,Not Applicable
22453,FALSE,0,1,1
22450,TRUE,0,NA,Not Applicable
224407,FALSE,0,1,1
224576,FALSE,0,1,1
224519,TRUE,0,NA,Not Applicable
224579,FALSE,0,1,1
224578,FALSE,0,1,1
224540,FALSE,0,1,1
224581,FALSE,0,1,1
224580,FALSE,0,1,1
224582,FALSE,0,1,1
224710,FALSE,0,1,1
224775,FALSE,0,1,1
224577,FALSE,0,1,1
224589,FALSE,0,1,1
224773,FALSE,0,1,1
224588,FALSE,0,1,1
224898,FALSE,0,1,1
224774,FALSE,0,1,1
224778,FALSE,0,1,1
224776,FALSE,0,1,1
224779,FALSE,0,1,1
225434,TRUE,0,NA,Not Applicable
225436,TRUE,0,NA,Not Applicable
224777,FALSE,0,1,1
225435,TRUE,0,NA,Not Applicable
225490,FALSE,0,1,1
224782,FALSE,0,1,1
224899,FALSE,0,1,1
224781,FALSE,0,1,1
225439,TRUE,0,NA,Not Applicable
225503,FALSE,0,1,1
225487,FALSE,0,1,1
225532,FALSE,0,1,1
225527,FALSE,0,1,1
225528,FALSE,0,1,1
225529,FALSE,0,1,1
225485,FALSE,0,1,1
225685,FALSE,0,1,1
225670,FALSE,0,1,1
225686,FALSE,0,1,1
225687,FALSE,0,1,1
225688,FALSE,0,1,1
225689,FALSE,0,1,1
225751,FALSE,0,1,1
225873,FALSE,0,1,1
225876,FALSE,0,1,1
225875,FALSE,0,1,1
225874,FALSE,0,1,1
225878,FALSE,0,1,1
225881,FALSE,0,1,1
225882,FALSE,0,1,1
225886,FALSE,0,1,1
225885,FALSE,0,1,1
225883,FALSE,0,1,1
225884,FALSE,0,1,1
225893,FALSE,0,1,1
226000,FALSE,0,1,1
225890,FALSE,0,1,1
225887,FALSE,0,1,1
226001,FALSE,0,1,1
226002,FALSE,0,1,1
225889,FALSE,0,1,1
226004,FALSE,0,1,1
225888,FALSE,0,1,1
226005,FALSE,0,1,1
225891,FALSE,0,1,1
226003,FALSE,0,1,1
22612,FALSE,0,1,1
226162,FALSE,0,1,1
226168,FALSE,0,1,1
226260,TRUE,0,NA,Not Applicable
226259,TRUE,0,NA,Not Applicable
226258,TRUE,0,NA,Not Applicable
226291,FALSE,0,1,1
226262,TRUE,0,NA,Not Applicable
226404,FALSE,0,1,1
226261,TRUE,0,NA,Not Applicable
226773,FALSE,0,1,1
226405,FALSE,0,1,1
226730,FALSE,0,1,1
226728,FALSE,0,1,1
226561,FALSE,0,1,1
226770,FALSE,0,1,1
226729,FALSE,0,1,1
226406,FALSE,0,1,1
22715,FALSE,0,1,1
228199,FALSE,0,1,1
227012,FALSE,0,1,1
227009,FALSE,0,1,1
227011,FALSE,0,1,1
227246,FALSE,0,1,1
228051,FALSE,0,1,1
228052,FALSE,0,1,1
227094,FALSE,0,1,1
227245,FALSE,0,1,1
227010,FALSE,0,1,1
228053,FALSE,0,1,1
228370,TRUE,0,NA,Not Applicable
228373,TRUE,0,NA,Not Applicable
228375,TRUE,0,NA,Not Applicable
228139,FALSE,0,1,1
228142,FALSE,0,1,1
228378,TRUE,0,NA,Not Applicable
228376,TRUE,0,NA,Not Applicable
227442,FALSE,0,1,1
228371,TRUE,0,NA,Not Applicable
228372,TRUE,0,NA,Not Applicable
22745,FALSE,0,1,1
228374,TRUE,0,NA,Not Applicable
228200,FALSE,0,1,1
228377,TRUE,0,NA,Not Applicable
228380,TRUE,0,NA,Not Applicable
228379,TRUE,0,NA,Not Applicable
228382,TRUE,0,NA,Not Applicable
228381,TRUE,0,NA,Not Applicable
228385,TRUE,0,NA,Not Applicable
228383,TRUE,0,NA,Not Applicable
228384,TRUE,0,NA,Not Applicable
228388,TRUE,0,NA,Not Applicable
228386,TRUE,0,NA,Not Applicable
228453,TRUE,0,NA,Not Applicable
228390,TRUE,0,NA,Not Applicable
228387,TRUE,0,NA,Not Applicable
228389,TRUE,0,NA,Not Applicable
228452,TRUE,0,NA,Not Applicable
228577,FALSE,0,1,1
22852,FALSE,0,1,1
228580,FALSE,0,1,1
228578,FALSE,0,1,1
228579,FALSE,0,1,1
228581,FALSE,0,1,1
228584,FALSE,0,1,1
228590,FALSE,0,1,1
228582,FALSE,0,1,1
228591,FALSE,0,1,1
228587,FALSE,0,1,1
228808,FALSE,0,1,1
228583,FALSE,0,1,1
228593,FALSE,0,1,1
228585,FALSE,0,1,1
228589,FALSE,0,1,1
228588,FALSE,0,1,1
228592,FALSE,0,1,1
228813,FALSE,0,1,1
228811,FALSE,0,1,1
228913,FALSE,0,1,1
22914,FALSE,0,1,1
228912,FALSE,0,1,1
22919,FALSE,0,1,1
228812,FALSE,0,1,1
22912,FALSE,0,1,1
229408,FALSE,0,1,1
229227,FALSE,0,1,1
228878,FALSE,0,1,1
229406,FALSE,0,1,1
229435,FALSE,0,1,1
229407,FALSE,0,1,1
229437,FALSE,0,1,1
229434,FALSE,0,1,1
229405,FALSE,0,1,1
229439,FALSE,0,1,1
229436,FALSE,0,1,1
229438,FALSE,0,1,1
229441,FALSE,0,1,1
229440,FALSE,0,1,1
229443,FALSE,0,1,1
229447,FALSE,0,1,1
229446,FALSE,0,1,1
229442,FALSE,0,1,1
229448,FALSE,0,1,1
229449,FALSE,0,1,1
229453,FALSE,0,1,1
229452,FALSE,0,1,1
229450,FALSE,0,1,1
229498,FALSE,0,1,1
229501,FALSE,0,1,1
22952,FALSE,0,1,1
229624,FALSE,0,1,1
22958,FALSE,0,1,1
229620,FALSE,0,1,1
229625,FALSE,0,1,1
229622,FALSE,0,1,1
229626,FALSE,0,1,1
229627,FALSE,0,1,1
229628,FALSE,0,1,1
229637,FALSE,0,1,1
229630,FALSE,0,1,1
229629,FALSE,0,1,1
229636,FALSE,0,1,1
229635,FALSE,0,1,1
229631,FALSE,0,1,1
229638,FALSE,0,1,1
229692,FALSE,0,1,1
229632,FALSE,0,1,1
229693,FALSE,0,1,1
229696,FALSE,0,1,1
229694,FALSE,0,1,1
229695,FALSE,0,1,1
229709,FALSE,0,1,1
229697,FALSE,0,1,1
229799,FALSE,1,2,2
229807,FALSE,0,1,1
229698,FALSE,0,1,1
229851,TRUE,0,NA,Not Applicable
229814,FALSE,0,1,1
229816,FALSE,0,1,1
229811,FALSE,0,1,1
229852,TRUE,0,NA,Not Applicable
229805,FALSE,0,1,1
229704,FALSE,0,1,1
23009,FALSE,0,1,1
229710,FALSE,0,1,1
229705,FALSE,0,1,1
23010,FALSE,0,1,1
229838,FALSE,0,1,1
23001,FALSE,0,1,1
229813,FALSE,0,1,1
230931,FALSE,0,1,1
23017,FALSE,0,1,1
230932,FALSE,0,1,1
230929,FALSE,0,1,1
231346,FALSE,0,1,1
230986,FALSE,0,1,1
230928,FALSE,0,1,1
231678,FALSE,0,1,1
231510,FALSE,0,1,1
231349,FALSE,0,1,1
231113,FALSE,0,1,1
231345,FALSE,0,1,1
230930,FALSE,0,1,1
231707,TRUE,0,NA,Not Applicable
231350,FALSE,0,1,1
231114,FALSE,0,1,1
231709,FALSE,0,1,1
231891,FALSE,0,1,1
231713,TRUE,0,NA,Not Applicable
231574,FALSE,1,2,2
231805,FALSE,0,1,1
231892,FALSE,0,1,1
231925,FALSE,0,1,1
231907,FALSE,0,1,1
231893,FALSE,0,1,1
231908,FALSE,0,1,1
231906,FALSE,0,1,1
231909,FALSE,0,1,1
232023,FALSE,0,1,1
231910,FALSE,0,1,1
23255,FALSE,0,1,1
23229,FALSE,0,1,1
232460,FALSE,0,1,1
232140,FALSE,0,1,1
23225,FALSE,0,1,1
231905,FALSE,0,1,1
232625,FALSE,0,1,1
232623,FALSE,0,1,1
232624,FALSE,0,1,1
232633,FALSE,1,2,2
232755,FALSE,0,1,1
232757,FALSE,0,1,1
232760,FALSE,0,1,1
232754,FALSE,0,1,1
232756,FALSE,0,1,1
232758,FALSE,0,1,1
232630,FALSE,0,1,1
232764,FALSE,0,1,1
232763,FALSE,0,1,1
232759,FALSE,0,1,1
232761,FALSE,0,1,1
232762,FALSE,0,1,1
232926,TRUE,0,NA,Not Applicable
232767,FALSE,0,1,1
233208,FALSE,0,1,1
232766,FALSE,0,1,1
233040,FALSE,0,1,1
233299,TRUE,0,NA,Not Applicable
232765,FALSE,0,1,1
233047,FALSE,0,1,1
233043,FALSE,0,1,1
233300,TRUE,0,NA,Not Applicable
232788,FALSE,0,1,1
232800,FALSE,0,1,1
233212,FALSE,0,1,1
233311,TRUE,0,NA,Not Applicable
233316,TRUE,0,NA,Not Applicable
233310,TRUE,0,NA,Not Applicable
233317,TRUE,0,NA,Not Applicable
233312,TRUE,0,NA,Not Applicable
23334,FALSE,0,1,1
233309,TRUE,0,NA,Not Applicable
233645,FALSE,0,1,1
233650,FALSE,0,1,1
233649,FALSE,0,1,1
234462,FALSE,0,1,1
234463,FALSE,0,1,1
234464,FALSE,0,1,1
234620,FALSE,0,1,1
234619,FALSE,0,1,1
234654,TRUE,0,NA,Not Applicable
234621,FALSE,0,1,1
234874,FALSE,0,1,1
234875,FALSE,0,1,1
234876,FALSE,0,1,1
235611,FALSE,1,2,2
236506,FALSE,0,1,1
236507,FALSE,0,1,1
236514,FALSE,0,1,1
236511,FALSE,0,1,1
236516,FALSE,0,1,1
236519,FALSE,0,1,1
236509,FALSE,0,1,1
236529,FALSE,0,1,1
236530,FALSE,0,1,1
236736,TRUE,0,NA,Not Applicable
236526,FALSE,0,1,1
24296,FALSE,0,1,1
24129,FALSE,0,1,1
236536,FALSE,0,1,1
24295,FALSE,0,1,1
24061,FALSE,0,1,1
24219,FALSE,0,1,1
24064,FALSE,0,1,1
24304,FALSE,0,1,1
24305,FALSE,0,1,1
24931,FALSE,0,1,1
24932,FALSE,0,1,1
24987,FALSE,0,1,1
25999,FALSE,0,1,1
24983,FALSE,0,1,1
25040,FALSE,0,1,1
25030,FALSE,0,1,1
25033,FALSE,0,1,1
24984,FALSE,0,1,1
26585,FALSE,0,1,1
25031,FALSE,0,1,1
25395,FALSE,0,1,1
25868,FALSE,0,1,1
26674,FALSE,0,1,1
26646,FALSE,0,1,1
26431,FALSE,0,1,1
25870,FALSE,0,1,1
26164,FALSE,0,1,1
25791,FALSE,0,1,1
26673,FALSE,0,1,1
26285,FALSE,0,1,1
25869,FALSE,0,1,1
26719,FALSE,0,1,1
26722,FALSE,0,1,1
27121,FALSE,0,1,1
26724,FALSE,0,1,1
27099,FALSE,0,1,1
26734,FALSE,0,1,1
27305,FALSE,1,2,2
26732,FALSE,0,1,1
26821,FALSE,0,1,1
26737,FALSE,0,1,1
26741,FALSE,0,1,1
27219,FALSE,0,1,1
27052,FALSE,0,1,1
27347,FALSE,0,1,1
26777,FALSE,0,1,1
27082,FALSE,0,1,1
26735,FALSE,0,1,1
27323,FALSE,0,1,1
27220,FALSE,0,1,1
28014,FALSE,0,1,1
26822,FALSE,0,1,1
28045,FALSE,0,1,1
27379,FALSE,0,1,1
27557,FALSE,0,1,1
27569,FALSE,0,1,1
28022,FALSE,0,1,1
27467,TRUE,0,NA,Not Applicable
28088,FALSE,0,1,1
28049,FALSE,0,1,1
28040,FALSE,0,1,1
28089,FALSE,0,1,1
28048,FALSE,0,1,1
28047,FALSE,0,1,1
28046,FALSE,0,1,1
30112,FALSE,0,1,1
28197,FALSE,0,1,1
28176,FALSE,0,1,1
29559,FALSE,0,1,1
28230,FALSE,0,1,1
30310,FALSE,0,1,1
29004,FALSE,0,1,1
28235,FALSE,0,1,1
30313,FALSE,0,1,1
30494,FALSE,0,1,1
29752,FALSE,0,1,1
29435,FALSE,0,1,1
31938,FALSE,0,1,1
30130,FALSE,0,1,1
31502,FALSE,0,1,1
31391,FALSE,0,1,1
31939,TRUE,0,NA,Not Applicable
31796,FALSE,1,2,2
31059,FALSE,0,1,1
31842,TRUE,0,NA,Not Applicable
31937,FALSE,0,1,1
31980,FALSE,0,1,1
31972,FALSE,0,1,1
32396,FALSE,0,1,1
31071,FALSE,0,1,1
32227,FALSE,0,1,1
32610,FALSE,0,1,1
32520,FALSE,0,1,1
32564,FALSE,0,1,1
32538,FALSE,0,1,1
32894,FALSE,0,1,1
32453,FALSE,0,1,1
32500,FALSE,1,2,2
32956,FALSE,0,1,1
32702,FALSE,0,1,1
32955,FALSE,0,1,1
32395,FALSE,0,1,1
32751,FALSE,0,1,1
32828,FALSE,0,1,1
33025,FALSE,0,1,1
33238,FALSE,0,1,1
33239,FALSE,0,1,1
33308,FALSE,0,1,1
33322,FALSE,0,1,1
34681,FALSE,0,1,1
34554,FALSE,0,1,1
34686,FALSE,0,1,1
34687,FALSE,0,1,1
34857,FALSE,1,2,2
35024,FALSE,0,1,1
35140,FALSE,0,1,1
35142,FALSE,0,1,1
35489,FALSE,0,1,1
35491,FALSE,0,1,1
35493,FALSE,0,1,1
35492,FALSE,0,1,1
35615,FALSE,0,1,1
35411,FALSE,0,1,1
35676,FALSE,0,1,1
35623,FALSE,0,1,1
35691,FALSE,0,1,1
36190,FALSE,0,1,1
35640,FALSE,0,1,1
35958,FALSE,0,1,1
36083,FALSE,0,1,1
36155,FALSE,0,1,1
36906,FALSE,0,1,1
36416,FALSE,0,1,1
36189,FALSE,1,2,2
36456,FALSE,0,1,1
36989,FALSE,0,1,1
36450,FALSE,0,1,1
37120,FALSE,0,1,1
37091,FALSE,0,1,1
37057,FALSE,0,1,1
37080,FALSE,0,1,1
38194,FALSE,1,2,2
38196,FALSE,0,1,1
38193,FALSE,0,1,1
38283,FALSE,0,1,1
37215,FALSE,0,1,1
38195,FALSE,0,1,1
38153,FALSE,0,1,1
38272,FALSE,0,1,1
38120,FALSE,0,1,1
38277,FALSE,1,2,2
37560,FALSE,0,1,1
38269,FALSE,1,2,2
38249,FALSE,0,1,1
38777,FALSE,0,1,1
38776,FALSE,0,1,1
39299,FALSE,0,1,1
38119,FALSE,0,1,1
39862,TRUE,0,NA,Not Applicable
38282,FALSE,0,1,1
39321,FALSE,0,1,1
39556,FALSE,0,1,1
39863,FALSE,0,1,1
38296,FALSE,0,1,1
40348,FALSE,0,1,1
39541,FALSE,0,1,1
39536,FALSE,0,1,1
40037,FALSE,0,1,1
40262,FALSE,0,1,1
39554,FALSE,0,1,1
40261,FALSE,0,1,1
40868,FALSE,0,1,1
40038,FALSE,0,1,1
40649,FALSE,0,1,1
40350,FALSE,0,1,1
40975,FALSE,0,1,1
40125,FALSE,0,1,1
40625,FALSE,0,1,1
4,FALSE,0,1,1
40768,FALSE,0,1,1
40976,FALSE,0,1,1
40039,FALSE,0,1,1
41088,FALSE,0,1,1
40907,FALSE,1,2,2
40973,FALSE,1,2,2
40879,FALSE,0,1,1
40822,FALSE,0,1,1
41147,FALSE,0,1,1
40823,FALSE,0,1,1
41382,FALSE,0,1,1
41150,FALSE,0,1,1
41166,FALSE,0,1,1
41181,FALSE,0,1,1
41163,FALSE,0,1,1
41149,FALSE,0,1,1
41386,FALSE,0,1,1
41943,FALSE,1,2,2
41945,FALSE,0,1,1
41942,FALSE,1,2,2
41387,FALSE,0,1,1
41941,FALSE,0,1,1
42310,FALSE,0,1,1
41790,FALSE,0,1,1
41944,FALSE,0,1,1
41384,FALSE,0,1,1
41396,FALSE,0,1,1
42197,FALSE,0,1,1
42022,FALSE,0,1,1
44225,FALSE,0,1,1
42311,FALSE,0,1,1
42313,FALSE,0,1,1
44224,FALSE,0,1,1
42316,FALSE,0,1,1
42308,FALSE,0,1,1
42307,FALSE,0,1,1
44026,FALSE,0,1,1
45179,FALSE,0,1,1
45181,FALSE,0,1,1
44223,FALSE,0,1,1
45359,FALSE,0,1,1
45176,FALSE,0,1,1
44025,FALSE,0,1,1
44396,FALSE,0,1,1
44922,FALSE,0,1,1
45497,FALSE,0,1,1
44282,FALSE,0,1,1
44363,FALSE,0,1,1
44719,FALSE,0,1,1
44185,FALSE,0,1,1
45636,FALSE,0,1,1
45444,FALSE,0,1,1
45561,FALSE,0,1,1
45567,FALSE,0,1,1
45637,FALSE,0,1,1
45909,FALSE,0,1,1
45875,FALSE,0,1,1
46316,FALSE,0,1,1
45923,FALSE,0,1,1
46601,FALSE,0,1,1
46908,FALSE,0,1,1
46926,FALSE,0,1,1
46956,FALSE,0,1,1
46948,FALSE,1,2,2
46957,FALSE,0,1,1
46958,FALSE,0,1,1
46959,FALSE,0,1,1
47395,FALSE,0,1,1
47406,FALSE,0,1,1
47394,FALSE,0,1,1
47425,FALSE,0,1,1
47426,FALSE,0,1,1
47424,FALSE,0,1,1
47589,FALSE,0,1,1
47504,FALSE,0,1,1
47602,FALSE,0,1,1
47608,FALSE,0,1,1
47684,FALSE,0,1,1
49056,FALSE,1,2,2
48201,FALSE,1,2,2
50457,FALSE,0,1,1
47609,FALSE,0,1,1
49343,FALSE,0,1,1
50057,FALSE,0,1,1
50393,FALSE,0,1,1
49399,FALSE,0,1,1
50469,FALSE,0,1,1
50473,FALSE,0,1,1
50465,FALSE,0,1,1
50861,FALSE,0,1,1
50860,FALSE,0,1,1
50513,FALSE,0,1,1
51302,FALSE,1,2,2
50859,FALSE,0,1,1
51301,FALSE,1,2,2
51010,FALSE,0,1,1
51303,FALSE,1,2,2
51472,FALSE,0,1,1
52107,FALSE,0,1,1
51407,FALSE,0,1,1
52112,FALSE,0,1,1
51465,FALSE,0,1,1
51463,FALSE,0,1,1
51502,FALSE,0,1,1
51509,FALSE,0,1,1
51409,FALSE,0,1,1
51305,FALSE,1,2,2
53128,TRUE,0,NA,Not Applicable
52473,FALSE,1,2,2
51304,FALSE,1,2,2
52343,FALSE,0,1,1
52111,FALSE,0,1,1
52872,FALSE,0,1,1
52487,FALSE,0,1,1
53521,FALSE,0,1,1
53762,FALSE,0,1,1
53583,FALSE,0,1,1
55759,FALSE,0,1,1
53757,FALSE,0,1,1
54762,TRUE,0,NA,Not Applicable
52506,FALSE,0,1,1
53121,FALSE,0,1,1
56444,FALSE,0,1,1
56436,FALSE,0,1,1
58473,FALSE,0,1,1
57822,FALSE,0,1,1
58893,FALSE,0,1,1
56421,FALSE,0,1,1
58468,FALSE,0,1,1
53761,FALSE,0,1,1
56447,FALSE,0,1,1
55927,FALSE,0,1,1
56450,FALSE,0,1,1
58976,TRUE,0,NA,Not Applicable
56439,FALSE,0,1,1
58254,FALSE,0,1,1
58977,TRUE,0,NA,Not Applicable
59700,FALSE,0,1,1
59331,FALSE,0,1,1
59702,FALSE,0,1,1
58895,FALSE,0,1,1
59946,FALSE,1,2,2
60058,FALSE,0,1,1
59913,FALSE,0,1,1
60362,FALSE,0,1,1
60360,FALSE,0,1,1
60814,FALSE,0,1,1
61463,TRUE,0,NA,Not Applicable
60813,FALSE,0,1,1
61215,FALSE,0,1,1
61099,FALSE,0,1,1
60733,TRUE,0,NA,Not Applicable
61628,TRUE,0,NA,Not Applicable
61803,FALSE,0,1,1
61653,TRUE,0,NA,Not Applicable
62913,FALSE,0,1,1
60958,FALSE,0,1,1
61496,FALSE,0,1,1
62604,FALSE,0,1,1
62175,FALSE,0,1,1
62039,FALSE,1,2,2
61996,FALSE,0,1,1
62909,FALSE,0,1,1
61985,FALSE,0,1,1
62028,FALSE,0,1,1
62732,FALSE,0,1,1
61989,FALSE,0,1,1
62520,FALSE,0,1,1
62926,FALSE,0,1,1
62964,FALSE,0,1,1
61993,FALSE,0,1,1
62930,FALSE,0,1,1
62925,FALSE,0,1,1
62929,FALSE,0,1,1
63072,FALSE,0,1,1
62916,FALSE,1,2,2
62927,FALSE,0,1,1
63729,FALSE,0,1,1
63087,FALSE,0,1,1
64123,FALSE,0,1,1
64022,FALSE,0,1,1
64149,FALSE,0,1,1
64060,FALSE,0,1,1
64238,FALSE,0,1,1
64268,FALSE,0,1,1
64698,FALSE,0,1,1
64359,FALSE,0,1,1
64879,FALSE,0,1,1
64709,FALSE,0,1,1
65062,FALSE,0,1,1
65453,FALSE,0,1,1
65442,FALSE,0,1,1
65656,FALSE,0,1,1
65455,FALSE,0,1,1
65726,FALSE,0,1,1
66609,FALSE,0,1,1
66607,FALSE,0,1,1
66602,FALSE,0,1,1
66696,FALSE,0,1,1
66832,FALSE,0,1,1
66844,FALSE,0,1,1
66830,FALSE,0,1,1
66850,FALSE,0,1,1
66831,FALSE,0,1,1
66954,FALSE,0,1,1
67883,TRUE,0,NA,Not Applicable
67980,FALSE,0,1,1
67937,FALSE,0,1,1
67652,FALSE,0,1,1
67935,FALSE,0,1,1
67634,FALSE,0,1,1
68450,TRUE,0,NA,Not Applicable
68026,FALSE,0,1,1
68027,FALSE,0,1,1
68544,FALSE,0,1,1
68550,FALSE,1,2,2
68714,FALSE,0,1,1
68848,FALSE,0,1,1
68824,FALSE,0,1,1
69134,FALSE,0,1,1
68846,FALSE,0,1,1
69751,FALSE,0,1,1
69541,FALSE,0,1,1
69619,FALSE,0,1,1
69845,FALSE,0,1,1
69846,FALSE,0,1,1
69924,FALSE,0,1,1
69848,FALSE,0,1,1
69847,FALSE,0,1,1
69804,FALSE,0,1,1
69809,FALSE,1,2,2
70144,FALSE,0,1,1
70109,FALSE,0,1,1
69047,FALSE,0,1,1
69849,FALSE,0,1,1
71109,FALSE,0,1,1
71116,FALSE,0,1,1
70183,FALSE,0,1,1
70110,FALSE,0,1,1
71396,FALSE,0,1,1
71378,FALSE,0,1,1
71760,FALSE,0,1,1
71303,FALSE,0,1,1
71368,FALSE,0,1,1
71853,FALSE,0,1,1
71367,FALSE,0,1,1
71609,FALSE,0,1,1
71450,FALSE,0,1,1
73836,FALSE,0,1,1
71446,FALSE,0,1,1
73080,FALSE,0,1,1
72289,FALSE,0,1,1
73955,FALSE,0,1,1
73988,FALSE,0,1,1
73982,FALSE,1,2,2
73851,FALSE,0,1,1
73582,FALSE,0,1,1
72730,FALSE,0,1,1
72683,FALSE,0,1,1
73998,FALSE,0,1,1
73996,FALSE,0,1,1
73997,FALSE,0,1,1
74009,FALSE,0,1,1
74014,FALSE,0,1,1
74203,FALSE,0,1,1
73957,FALSE,0,1,1
74317,FALSE,0,1,1
74019,FALSE,0,1,1
74513,FALSE,0,1,1
74020,FALSE,0,1,1
74281,FALSE,0,1,1
74165,FALSE,0,1,1
74016,FALSE,0,1,1
74285,FALSE,0,1,1
75437,FALSE,0,1,1
78121,FALSE,1,2,2
74905,FALSE,0,1,1
78150,FALSE,0,1,1
79252,FALSE,0,1,1
78264,FALSE,0,1,1
75438,FALSE,0,1,1
79423,FALSE,0,1,1
80333,FALSE,0,1,1
79418,FALSE,0,1,1
79413,FALSE,0,1,1
79601,FALSE,0,1,1
80137,FALSE,0,1,1
78846,FALSE,0,1,1
80070,FALSE,0,1,1
79565,FALSE,0,1,1
80023,FALSE,0,1,1
80605,FALSE,0,1,1
80337,FALSE,0,1,1
80351,FALSE,0,1,1
79534,FALSE,0,1,1
80331,FALSE,0,1,1
80135,FALSE,0,1,1
81178,FALSE,0,1,1
80925,FALSE,0,1,1
81226,FALSE,0,1,1
80653,FALSE,0,1,1
81225,FALSE,0,1,1
81029,FALSE,0,1,1
80794,FALSE,0,1,1
83107,FALSE,1,2,2
80491,FALSE,0,1,1
82613,FALSE,0,1,1
83251,FALSE,0,1,1
83252,FALSE,0,1,1
83253,FALSE,0,1,1
83279,TRUE,0,NA,Not Applicable
83255,FALSE,0,1,1
83257,FALSE,0,1,1
83344,FALSE,0,1,1
83272,FALSE,0,1,1
83262,FALSE,0,1,1
83437,FALSE,0,1,1
83819,FALSE,0,1,1
83900,FALSE,0,1,1
8387,FALSE,0,1,1
83952,FALSE,1,2,2
83925,FALSE,0,1,1
8389,FALSE,0,1,1
84040,FALSE,0,1,1
84293,FALSE,0,1,1
84041,FALSE,0,1,1
84383,FALSE,0,1,1
84294,FALSE,0,1,1
84295,FALSE,0,1,1
84391,FALSE,0,1,1
84393,FALSE,0,1,1
84602,FALSE,0,1,1
8438,FALSE,0,1,1
84562,FALSE,1,2,2
8439,FALSE,0,1,1
84572,FALSE,0,1,1
8440,FALSE,0,1,1
84882,FALSE,0,1,1
85074,TRUE,0,NA,Not Applicable
8462,FALSE,0,1,1
84573,FALSE,0,1,1
85161,TRUE,0,NA,Not Applicable
84779,FALSE,0,1,1
85114,FALSE,0,1,1
85225,FALSE,1,2,2
85216,FALSE,0,1,1
85217,FALSE,0,1,1
8515,FALSE,0,1,1
85162,FALSE,0,1,1
85446,FALSE,0,1,1
85532,FALSE,0,1,1
85400,FALSE,0,1,1
85445,FALSE,0,1,1
85531,FALSE,0,1,1
85537,FALSE,0,1,1
85534,FALSE,0,1,1
85451,FALSE,0,1,1
85533,FALSE,0,1,1
85666,FALSE,0,1,1
85669,FALSE,0,1,1
85539,FALSE,0,1,1
85536,FALSE,0,1,1
85587,FALSE,0,1,1
85535,FALSE,0,1,1
85538,FALSE,0,1,1
85671,FALSE,0,1,1
85530,FALSE,0,1,1
85668,FALSE,0,1,1
85667,FALSE,0,1,1
85670,FALSE,0,1,1
85672,FALSE,0,1,1
85664,FALSE,0,1,1
85555,FALSE,0,1,1
85845,FALSE,0,1,1
85710,FALSE,0,1,1
85798,FALSE,0,1,1
85854,FALSE,0,1,1
85858,FALSE,0,1,1
85821,FALSE,0,1,1
85853,FALSE,0,1,1
85859,FALSE,0,1,1
85865,FALSE,0,1,1
85862,FALSE,0,1,1
85857,FALSE,0,1,1
85855,FALSE,0,1,1
85849,FALSE,0,1,1
85723,FALSE,0,1,1
85850,FALSE,0,1,1
85860,FALSE,0,1,1
85856,FALSE,0,1,1
85868,FALSE,0,1,1
85867,FALSE,0,1,1
85874,FALSE,0,1,1
85869,FALSE,0,1,1
85866,FALSE,0,1,1
85872,FALSE,0,1,1
85875,FALSE,0,1,1
85873,FALSE,0,1,1
85879,FALSE,0,1,1
85871,FALSE,0,1,1
85881,FALSE,0,1,1
85877,FALSE,0,1,1
85876,FALSE,0,1,1
85882,FALSE,0,1,1
85878,FALSE,0,1,1
85891,FALSE,0,1,1
85886,FALSE,0,1,1
85883,FALSE,0,1,1
85887,FALSE,0,1,1
85885,FALSE,0,1,1
85888,FALSE,0,1,1
85896,FALSE,0,1,1
85892,FALSE,0,1,1
85901,FALSE,0,1,1
85889,FALSE,0,1,1
85894,FALSE,0,1,1
85900,FALSE,0,1,1
85895,FALSE,0,1,1
85898,FALSE,0,1,1
85902,FALSE,0,1,1
85897,FALSE,0,1,1
85905,FALSE,0,1,1
85903,FALSE,0,1,1
85908,FALSE,0,1,1
85909,FALSE,0,1,1
85910,FALSE,0,1,1
85899,FALSE,0,1,1
85904,FALSE,0,1,1
85911,FALSE,0,1,1
85918,FALSE,0,1,1
85916,FALSE,0,1,1
85913,FALSE,0,1,1
85912,FALSE,0,1,1
85914,FALSE,0,1,1
85915,FALSE,0,1,1
85919,FALSE,0,1,1
85920,FALSE,0,1,1
85921,FALSE,0,1,1
85923,FALSE,0,1,1
85924,FALSE,0,1,1
85927,FALSE,0,1,1
85926,FALSE,0,1,1
85925,FALSE,0,1,1
85928,FALSE,0,1,1
85930,FALSE,0,1,1
85929,FALSE,0,1,1
85987,TRUE,0,NA,Not Applicable
86055,FALSE,0,1,1
86051,FALSE,1,2,2
86054,FALSE,1,2,2
86052,FALSE,1,2,2
86056,FALSE,0,1,1
86248,FALSE,0,1,1
86061,FALSE,0,1,1
86157,TRUE,0,NA,Not Applicable
86139,FALSE,0,1,1
86063,FALSE,0,1,1
86243,TRUE,0,NA,Not Applicable
86455,FALSE,0,1,1
86449,FALSE,0,1,1
86454,FALSE,0,1,1
86427,FALSE,0,1,1
86428,FALSE,0,1,1
86437,FALSE,0,1,1
86464,FALSE,0,1,1
86456,FALSE,0,1,1
86677,FALSE,0,1,1
86674,FALSE,0,1,1
86503,FALSE,0,1,1
86776,FALSE,0,1,1
86675,FALSE,0,1,1
86742,FALSE,0,1,1
86741,FALSE,0,1,1
86830,FALSE,0,1,1
86780,TRUE,0,NA,Not Applicable
86832,FALSE,0,1,1
86782,FALSE,0,1,1
86861,FALSE,0,1,1
86870,FALSE,0,1,1
86831,FALSE,0,1,1
86856,FALSE,0,1,1
87119,FALSE,0,1,1
86833,FALSE,0,1,1
87049,FALSE,0,1,1
87117,FALSE,0,1,1
86873,FALSE,0,1,1
87051,FALSE,0,1,1
87050,FALSE,0,1,1
86871,FALSE,0,1,1
87118,FALSE,0,1,1
87157,FALSE,0,1,1
87210,FALSE,0,1,1
87161,FALSE,0,1,1
87033,FALSE,0,1,1
87204,FALSE,0,1,1
87218,FALSE,0,1,1
87156,FALSE,0,1,1
87207,FALSE,0,1,1
87336,FALSE,0,1,1
87212,FALSE,0,1,1
87256,FALSE,0,1,1
87211,FALSE,0,1,1
87337,FALSE,0,1,1
87257,FALSE,0,1,1
87338,FALSE,0,1,1
87340,FALSE,0,1,1
87341,FALSE,0,1,1
87339,FALSE,0,1,1
87342,FALSE,0,1,1
87673,FALSE,0,1,1
87343,FALSE,0,1,1
87335,FALSE,0,1,1
87803,FALSE,0,1,1
87827,FALSE,0,1,1
87828,FALSE,0,1,1
87443,FALSE,0,1,1
87870,FALSE,0,1,1
87662,FALSE,0,1,1
87860,FALSE,0,1,1
87859,FALSE,0,1,1
87829,FALSE,0,1,1
87865,FALSE,0,1,1
87869,FALSE,0,1,1
87867,FALSE,0,1,1
87858,FALSE,0,1,1
87871,FALSE,0,1,1
87868,FALSE,0,1,1
87929,FALSE,0,1,1
87913,FALSE,0,1,1
87872,FALSE,0,1,1
87914,FALSE,0,1,1
89371,FALSE,0,1,1
89316,FALSE,0,1,1
87956,FALSE,0,1,1
89370,FALSE,0,1,1
87954,FALSE,0,1,1
89317,FALSE,0,1,1
8928,FALSE,0,1,1
88879,FALSE,0,1,1
89372,FALSE,0,1,1
89374,FALSE,0,1,1
89237,FALSE,0,1,1
89376,FALSE,0,1,1
89377,FALSE,0,1,1
89373,FALSE,0,1,1
89384,FALSE,0,1,1
89386,FALSE,0,1,1
89437,FALSE,0,1,1
89382,FALSE,0,1,1
89387,FALSE,0,1,1
89383,FALSE,0,1,1
89378,FALSE,0,1,1
89385,FALSE,0,1,1
89380,FALSE,0,1,1
89436,FALSE,0,1,1
89431,FALSE,0,1,1
89445,FALSE,0,1,1
89448,FALSE,0,1,1
89446,FALSE,0,1,1
89447,FALSE,0,1,1
89450,FALSE,0,1,1
89449,FALSE,0,1,1
89453,FALSE,0,1,1
89451,FALSE,0,1,1
89455,FALSE,0,1,1
89454,FALSE,0,1,1
89469,TRUE,0,NA,Not Applicable
89585,FALSE,0,1,1
89607,FALSE,0,1,1
89608,FALSE,0,1,1
89609,FALSE,0,1,1
89638,FALSE,0,1,1
89639,FALSE,0,1,1
89684,FALSE,0,1,1
89763,FALSE,0,1,1
89795,FALSE,0,1,1
89770,FALSE,0,1,1
89797,FALSE,0,1,1
89910,FALSE,0,1,1
89871,FALSE,0,1,1
89819,FALSE,0,1,1
89834,FALSE,0,1,1
89875,FALSE,0,1,1
89912,FALSE,0,1,1
89975,FALSE,0,1,1
89941,FALSE,0,1,1
89932,FALSE,0,1,1
89931,FALSE,0,1,1
89930,FALSE,0,1,1
89977,FALSE,0,1,1
89976,FALSE,0,1,1
89979,FALSE,0,1,1
89980,FALSE,0,1,1
90123,TRUE,0,NA,Not Applicable
89981,FALSE,0,1,1
90125,TRUE,0,NA,Not Applicable
90126,TRUE,0,NA,Not Applicable
90128,TRUE,0,NA,Not Applicable
90124,TRUE,0,NA,Not Applicable
90127,TRUE,0,NA,Not Applicable
90130,TRUE,0,NA,Not Applicable
90133,TRUE,0,NA,Not Applicable
90129,TRUE,0,NA,Not Applicable
90131,TRUE,0,NA,Not Applicable
90134,FALSE,0,1,1
90138,FALSE,0,1,1
90137,FALSE,0,1,1
90140,FALSE,0,1,1
90136,FALSE,0,1,1
90135,FALSE,0,1,1
90139,FALSE,0,1,1
90141,FALSE,0,1,1
90145,FALSE,0,1,1
90143,FALSE,0,1,1
90142,FALSE,0,1,1
90151,FALSE,0,1,1
90144,FALSE,0,1,1
90146,FALSE,0,1,1
90147,FALSE,0,1,1
90150,FALSE,0,1,1
90155,FALSE,0,1,1
90154,FALSE,0,1,1
90158,FALSE,0,1,1
90153,FALSE,0,1,1
90152,FALSE,0,1,1
90157,FALSE,0,1,1
90149,FALSE,0,1,1
90148,FALSE,0,1,1
90156,FALSE,0,1,1
90161,FALSE,0,1,1
90162,FALSE,0,1,1
90166,FALSE,0,1,1
90164,FALSE,0,1,1
90160,FALSE,0,1,1
90163,FALSE,0,1,1
90159,FALSE,0,1,1
90167,FALSE,0,1,1
90169,FALSE,0,1,1
90165,FALSE,0,1,1
90170,FALSE,0,1,1
90173,FALSE,0,1,1
90168,FALSE,0,1,1
90174,FALSE,0,1,1
90178,FALSE,0,1,1
90171,FALSE,0,1,1
90176,FALSE,0,1,1
90177,FALSE,0,1,1
90179,FALSE,0,1,1
90175,FALSE,0,1,1
90172,FALSE,0,1,1
90199,FALSE,0,1,1
90182,FALSE,0,1,1
90212,FALSE,0,1,1
90181,FALSE,0,1,1
90206,FALSE,0,1,1
90180,FALSE,0,1,1
90213,FALSE,0,1,1
90333,FALSE,0,1,1
91789,FALSE,0,1,1
91788,FALSE,0,1,1
91776,FALSE,0,1,1
91885,FALSE,0,1,1
91887,FALSE,0,1,1
90214,FALSE,0,1,1
91975,FALSE,0,1,1
91892,FALSE,0,1,1
91888,FALSE,0,1,1
91801,FALSE,0,1,1
91891,FALSE,0,1,1
92196,FALSE,0,1,1
91890,FALSE,0,1,1
91976,FALSE,0,1,1
92078,FALSE,0,1,1
92346,FALSE,0,1,1
92194,FALSE,0,1,1
92344,FALSE,0,1,1
92347,FALSE,0,1,1
92348,FALSE,0,1,1
92280,FALSE,0,1,1
92231,FALSE,0,1,1
92104,FALSE,0,1,1
92349,FALSE,0,1,1
92232,FALSE,0,1,1
92309,FALSE,0,1,1
92345,FALSE,0,1,1
92419,FALSE,0,1,1
96895,FALSE,0,1,1
96897,FALSE,0,1,1
96903,FALSE,0,1,1
96904,FALSE,0,1,1
96896,FALSE,0,1,1
96930,FALSE,0,1,1
96947,FALSE,0,1,1
96905,FALSE,0,1,1
96941,FALSE,1,2,2
97006,FALSE,0,1,1
96948,FALSE,0,1,1
97038,FALSE,1,2,2
97040,FALSE,1,2,2
97041,FALSE,1,2,2
97044,FALSE,1,2,2
97045,FALSE,1,2,2
97090,TRUE,0,NA,Not Applicable
97308,FALSE,0,1,1
97193,FALSE,1,2,2
97310,FALSE,0,1,1
97194,FALSE,0,1,1
97309,FALSE,0,1,1
98181,TRUE,0,NA,Not Applicable
97312,FALSE,0,1,1
97311,FALSE,0,1,1
98747,FALSE,0,1,1
98037,FALSE,0,1,1
98704,FALSE,0,1,1
98036,FALSE,0,1,1
99207,FALSE,0,1,1
99128,FALSE,0,1,1
98518,TRUE,0,NA,Not Applicable
98916,FALSE,0,1,1
98180,TRUE,0,NA,Not Applicable
99025,FALSE,0,1,1
99034,FALSE,0,1,1
99204,FALSE,0,1,1
99375,FALSE,0,1,1
99032,FALSE,0,1,1
99875,TRUE,0,NA,Not Applicable
99561,FALSE,0,1,1
99031,FALSE,0,1,1
99033,FALSE,0,1,1
99877,FALSE,0,1,1
99751,FALSE,0,1,1
99880,FALSE,0,1,1
99733,FALSE,0,1,1
99562,FALSE,0,1,1
99876,TRUE,0,NA,Not Applicable
99878,FALSE,0,1,1
99910,FALSE,0,1,1
99881,TRUE,0,NA,Not Applicable
