plasmid_id,plasmid_name,TGframe,orf_frame,strand,start,stop,length_aa,overlap,has_promoter,has_polyA,dist_promoter,dist_polyA,expressible,is_risk,risk_category
100798,pAAV-syn-FLEX-splitTVA-EGFP-tTA,-2,1,+,1351,1653,101,partial_target_gene,TRUE,TRUE,745,1904,TRUE,TRUE,High (Expressible)
100798,pAAV-syn-FLEX-splitTVA-EGFP-tTA,-1,3,+,1389,2843,485,spanning_target_gene,TRUE,TRUE,783,714,TRUE,TRUE,High (Expressible)
100520,pLC242-GFP-SAMTOR,-1,2,-,1377,2510,378,spanning_target_gene,TRUE,TRUE,906,1925,TRUE,TRUE,High (Expressible)
100047,pAAV.CAG.LSL.EGFP,-3,3,-,3584,3898,105,partial_target_gene,TRUE,TRUE,2778,4918,TRUE,TRUE,High (Expressible)
102417,pVC-Ds-E1b:eGFP-Ds,3,1,+,1552,2442,297,spanning_target_gene,TRUE,TRUE,905,192,TRUE,TRUE,High (Expressible)
100735,FKBP-GTSE1(638-720)-GFP,-2,2,-,905,1312,136,partial_target_gene,TRUE,TRUE,342,798,TRUE,TRUE,High (Expressible)
104562,pcDNA-Nup37-EGFP-polyA,-2,3,-,2499,3044,182,partial_target_gene,TRUE,TRUE,1679,77,TRUE,TRUE,High (Expressible)
100284,AL05_pDonor.DMD,-2,1,-,2428,3057,210,partial_target_gene,TRUE,TRUE,2381,702,TRUE,TRUE,High (Expressible)
101866,pKAM-E-Flag-GFP,-2,1,-,4390,4884,165,partial_target_gene,TRUE,TRUE,3266,794,TRUE,TRUE,High (Expressible)
102885,PB-CAG-DDdCas9VP192-T2A-GFP-IRES-Neo,-2,1,-,5766,6581,272,partial_target_gene,TRUE,TRUE,6453,2381,TRUE,TRUE,High (Expressible)
101287,MRLC-DD-pIRES-EGFP-AP4-mito,-2,3,-,2501,2845,115,partial_target_gene,TRUE,TRUE,1831,912,TRUE,TRUE,High (Expressible)
102540,pMi(3xP3-EGFP),-1,3,-,734,1534,267,spanning_target_gene,TRUE,TRUE,745,90,TRUE,TRUE,High (Expressible)
102254,GFP-BICDN-CIBN,-1,2,-,607,1677,357,spanning_target_gene,TRUE,TRUE,38,2066,TRUE,TRUE,High (Expressible)
105239,PAX6 donor plasmid,-1,2,-,1016,2236,407,spanning_target_gene,TRUE,TRUE,1488,1377,TRUE,TRUE,High (Expressible)
100287,AL62_pDonor.DMD.TS,-2,1,-,2485,3114,210,partial_target_gene,TRUE,TRUE,2438,702,TRUE,TRUE,High (Expressible)
100015,NsvBa,-2,3,-,3983,4333,117,partial_target_gene,TRUE,TRUE,668,223,TRUE,TRUE,High (Expressible)
100519,pLC242-GFP-Sestrin2,-1,2,-,1377,2759,461,spanning_target_gene,TRUE,TRUE,906,1901,TRUE,TRUE,High (Expressible)
100014,NavBp,-2,3,-,4022,4372,117,partial_target_gene,TRUE,TRUE,668,223,TRUE,TRUE,High (Expressible)
104442,GST-BHMT-I/G,-1,1,+,433,1293,287,spanning_target_gene,TRUE,TRUE,208,6831,TRUE,TRUE,High (Expressible)
105072,Mc4r->M71-IRES-tauGFP ACNF TV,-1,3,-,9278,10276,333,spanning_target_gene,TRUE,TRUE,7040,58,TRUE,TRUE,High (Expressible)
101292,GFP-mROCK1-delta4,-1,2,-,1326,2489,388,spanning_target_gene,TRUE,TRUE,29,3576,TRUE,TRUE,High (Expressible)
104454,PB-TRE-EGFP-EF1a-rtTA,-2,1,-,2434,2844,137,partial_target_gene,TRUE,TRUE,670,2046,TRUE,TRUE,High (Expressible)
101921,pINDUCER dCas9-TET1CD,3,1,+,12106,13197,364,spanning_target_gene,TRUE,TRUE,1387,839,TRUE,TRUE,High (Expressible)
102891,PB-tight-DDdCas9VPP300-T2A-GFP-IRES-Neo,-2,2,-,8008,8625,206,partial_target_gene,TRUE,TRUE,6989,2386,TRUE,TRUE,High (Expressible)
100288,AC62_pDonor.DMD.TS.DR,-2,1,-,2485,3114,210,partial_target_gene,TRUE,TRUE,2438,702,TRUE,TRUE,High (Expressible)
105299,pEGFP Tensin3,-1,2,-,1295,2077,261,spanning_target_gene,TRUE,TRUE,29,4473,TRUE,TRUE,High (Expressible)
105073,Drd1a->M71-IRES-tauGFP ACNF TV,-1,3,-,7381,8379,333,spanning_target_gene,TRUE,TRUE,7383,58,TRUE,TRUE,High (Expressible)
101920,pINDUCER dCas9-TET1CDMut,3,2,+,12110,13201,364,spanning_target_gene,TRUE,TRUE,1391,839,TRUE,TRUE,High (Expressible)
101865,pKAM-GFP,-2,3,-,1533,2027,165,partial_target_gene,TRUE,TRUE,118,794,TRUE,TRUE,High (Expressible)
104381,SLC30A10-GFP,3,3,+,2013,2804,264,spanning_target_gene,TRUE,TRUE,1504,105,TRUE,TRUE,High (Expressible)
105297,pEGFP Tensin1,-1,1,-,1338,2309,324,spanning_target_gene,TRUE,TRUE,29,5082,TRUE,TRUE,High (Expressible)
102889,PB-tight-DDdCas9VP192-T2A-GFP-IRES-Neo,-2,1,-,5923,6738,272,partial_target_gene,TRUE,TRUE,4904,2390,TRUE,TRUE,High (Expressible)
102887,PB-CAG-DDdCas9VPP300-T2A-GFP-IRES-Neo,-2,2,-,10932,11549,206,partial_target_gene,TRUE,TRUE,8742,2386,TRUE,TRUE,High (Expressible)
102725,Ad-EphA3 WT,-1,2,-,17386,18165,260,spanning_target_gene,TRUE,TRUE,29,90,TRUE,TRUE,High (Expressible)
102726,Ad-EphA3 KD,-1,3,-,4260,5039,260,spanning_target_gene,TRUE,TRUE,29,90,TRUE,TRUE,High (Expressible)
104075,eGFP-KCC2,-1,2,-,538,2265,576,spanning_target_gene,TRUE,TRUE,29,2618,TRUE,TRUE,High (Expressible)
105198,b2AR->M71-IRES-tauGFP-ACNF TV,-1,1,-,1526,2524,333,spanning_target_gene,TRUE,TRUE,7290,58,TRUE,TRUE,High (Expressible)
102724,Ad-EFNA1,-1,2,-,15886,16665,260,spanning_target_gene,TRUE,TRUE,29,90,TRUE,TRUE,High (Expressible)
105540,pENN.AAV.hSyn.HI.eGFP-Cre.WPRE.SV40,3,2,+,1136,2008,291,spanning_target_gene,TRUE,TRUE,232,1704,TRUE,TRUE,High (Expressible)
105962,pME GFP-DCX,3,1,+,628,1473,282,spanning_target_gene,TRUE,TRUE,2367,3231,TRUE,TRUE,High (Expressible)
105962,pME GFP-DCX,-2,1,-,394,714,107,partial_target_gene,TRUE,TRUE,2133,3990,TRUE,TRUE,High (Expressible)
105962,pME GFP-DCX,-1,3,-,581,1462,294,spanning_target_gene,TRUE,TRUE,2320,3242,TRUE,TRUE,High (Expressible)
105545,pAAV.CMV.HI.eGFP-Cre.WPRE.SV40,3,3,+,1071,1943,291,spanning_target_gene,TRUE,TRUE,269,1707,TRUE,TRUE,High (Expressible)
105549,pAAV.GFAP.eGFP.WPRE.hGH,3,1,+,2314,3297,328,spanning_target_gene,TRUE,TRUE,3950,629,TRUE,TRUE,High (Expressible)
105551,pENN.AAV.CamKII.HI.GFP-Cre.WPRE.SV40,3,3,+,1659,2531,291,spanning_target_gene,TRUE,TRUE,201,1707,TRUE,TRUE,High (Expressible)
106941,pEGFP-N1 Full length Importin beta,3,3,+,3150,3944,265,spanning_target_gene,TRUE,TRUE,2641,105,TRUE,TRUE,High (Expressible)
105946,HS-aPKC-CAAX-GFP,3,1,+,1741,2688,316,spanning_target_gene,TRUE,TRUE,3663,1847,TRUE,TRUE,High (Expressible)
105808,pKK-RNAi-nucEGFPmiR-mCherry-TEV,-1,2,+,569,2053,495,spanning_target_gene,TRUE,TRUE,608,1193,TRUE,TRUE,High (Expressible)
105812,pKK-RNAi-nucEGFPmiR-TEV-mCherry,-1,1,+,583,2067,495,spanning_target_gene,TRUE,TRUE,608,1179,TRUE,TRUE,High (Expressible)
105810,pKK-RNAi-nucCHERRYmiR-EGFP-TEV,-2,3,-,2046,2423,126,partial_target_gene,TRUE,TRUE,65,815,TRUE,TRUE,High (Expressible)
105811,pKK-RNAi-nucEGFPmiR-TEV-FLAG,-1,2,+,572,2056,495,spanning_target_gene,TRUE,TRUE,608,495,TRUE,TRUE,High (Expressible)
106334,pENTR4-EGFP_opt,3,3,+,60,1013,318,spanning_target_gene,TRUE,TRUE,2367,1955,TRUE,TRUE,High (Expressible)
105958,ath5:GFP-CAAX,-2,2,-,7143,7469,109,partial_target_gene,TRUE,TRUE,679,11911,TRUE,TRUE,High (Expressible)
105961,bactin:GFP-DCX,-1,3,-,6651,7469,273,spanning_target_gene,TRUE,TRUE,6002,1128,TRUE,TRUE,High (Expressible)
105952,HS-Utrophin-GFP,-1,1,-,2771,3637,289,spanning_target_gene,TRUE,TRUE,2122,795,TRUE,TRUE,High (Expressible)
105959,ath5:GFP-DCX,-1,1,-,6458,7276,273,spanning_target_gene,TRUE,TRUE,5093,1128,TRUE,TRUE,High (Expressible)
107195,cmamxA1-GFP,3,2,+,1604,2389,262,spanning_target_gene,TRUE,TRUE,1095,105,TRUE,TRUE,High (Expressible)
107696,pEGFP-Zdk1-EB1C,-1,2,-,598,1395,266,spanning_target_gene,TRUE,TRUE,29,569,TRUE,TRUE,High (Expressible)
105807,pKK-RNAi-nucEGFPmiR-FLAG-TEV,-1,3,+,582,2066,495,spanning_target_gene,TRUE,TRUE,608,512,TRUE,TRUE,High (Expressible)
107194,anxA1-GFP,3,2,+,1604,2389,262,spanning_target_gene,TRUE,TRUE,1095,105,TRUE,TRUE,High (Expressible)
108221,pEGFP.90 beta,-1,3,-,636,1940,435,spanning_target_gene,TRUE,TRUE,29,1772,TRUE,TRUE,High (Expressible)
108231,pTRIPZ-EGFP:WTIP,-2,1,-,6956,7399,148,partial_target_gene,TRUE,TRUE,674,5402,TRUE,TRUE,High (Expressible)
107505,pLenti CMV Puro DEST (w118-1) eGFP,-1,1,-,3793,4782,330,spanning_target_gene,TRUE,TRUE,624,1486,TRUE,TRUE,High (Expressible)
108226,pET/LEGH,-1,1,-,222,983,254,spanning_target_gene,TRUE,TRUE,119,66,TRUE,TRUE,High (Expressible)
107551,pCW57.1 N-term GFP tTA,-1,3,-,369,1892,508,spanning_target_gene,TRUE,TRUE,1667,1874,TRUE,TRUE,High (Expressible)
108080,Vmn2r1-D-tauGFP TV,-1,2,-,3582,4679,366,spanning_target_gene,TRUE,TRUE,3625,13,TRUE,TRUE,High (Expressible)
10843,pEGFP-NMHC II-C,-2,1,-,6276,6704,143,partial_target_gene,TRUE,TRUE,5700,798,TRUE,TRUE,High (Expressible)
108406,pcDNA5-eGFP-PC1-3HA,-2,3,-,4534,5040,169,partial_target_gene,TRUE,TRUE,1598,12567,TRUE,TRUE,High (Expressible)
108895,pME-EGFP-P2A-APEX2-NS,3,1,+,646,1401,252,spanning_target_gene,TRUE,TRUE,2380,2979,TRUE,TRUE,High (Expressible)
108641,Hulk-ubi-lacZ-to-Green,-2,1,-,10455,10760,102,partial_target_gene,TRUE,TRUE,10473,105,TRUE,TRUE,High (Expressible)
109019,pLenti-X1-Neo-GFP-ATL1-G20TM,-2,2,-,730,1092,121,partial_target_gene,TRUE,TRUE,694,3237,TRUE,TRUE,High (Expressible)
109027,pLenti-X1-Neo-GFP-FAM134B-LIRmut,-3,3,-,1947,2339,131,partial_target_gene,TRUE,TRUE,732,3313,TRUE,TRUE,High (Expressible)
110494,7Gli:GFP,-2,3,-,44,463,140,partial_target_gene,TRUE,TRUE,1524,1375,TRUE,TRUE,High (Expressible)
109025,pLenti-X1-Neo-GFP-ATL3-deltaTM,-1,1,-,1229,2056,276,spanning_target_gene,TRUE,TRUE,14,3386,TRUE,TRUE,High (Expressible)
10952,pEGFP-Bik,-2,3,-,1256,1657,134,partial_target_gene,TRUE,TRUE,694,400,TRUE,TRUE,High (Expressible)
11150,pCAG-GFP,3,2,+,1652,2632,327,spanning_target_gene,TRUE,TRUE,988,17,TRUE,TRUE,High (Expressible)
11150,pCAG-GFP,-1,1,-,1716,2636,307,spanning_target_gene,TRUE,TRUE,1052,13,TRUE,TRUE,High (Expressible)
109018,pLenti-X1-Neo-GFP-ATL1,-2,3,-,2097,2459,121,partial_target_gene,TRUE,TRUE,694,3564,TRUE,TRUE,High (Expressible)
109024,pLenti-X1-Neo-GFP-ATL3,-1,1,-,4514,5341,276,spanning_target_gene,TRUE,TRUE,14,3677,TRUE,TRUE,High (Expressible)
110203,pTK-enhNC1.1_M3-MCS-2A-eGFP-SV40pA,3,2,+,1253,2068,272,spanning_target_gene,TRUE,TRUE,273,25,TRUE,TRUE,High (Expressible)
110170,pEGFP-MyosinVb-Ctail,-1,1,-,598,1386,263,spanning_target_gene,TRUE,TRUE,29,1446,TRUE,TRUE,High (Expressible)
110191,pEGFP-N1_MeCP2(deltaNIC),-2,1,-,598,1239,214,partial_target_gene,TRUE,TRUE,38,798,TRUE,TRUE,High (Expressible)
109295,pEGFPN1zetaYF1-6,-2,1,-,395,844,150,partial_target_gene,TRUE,TRUE,190,798,TRUE,TRUE,High (Expressible)
110190,pEGFP-N1_MeCP2(deltaNC),-2,1,-,1114,1494,127,partial_target_gene,TRUE,TRUE,551,798,TRUE,TRUE,High (Expressible)
110834,EFS-GFP,-2,1,-,108,500,131,partial_target_gene,TRUE,TRUE,1861,1375,TRUE,TRUE,High (Expressible)
110497,Yes-EGFP,3,2,+,2219,2983,255,spanning_target_gene,TRUE,TRUE,1710,105,TRUE,TRUE,High (Expressible)
111191,EGFP-GEM,-1,1,-,656,1612,319,spanning_target_gene,TRUE,TRUE,29,902,TRUE,TRUE,High (Expressible)
110498,EGFP-RILP,-1,3,-,538,1392,285,spanning_target_gene,TRUE,TRUE,29,1276,TRUE,TRUE,High (Expressible)
110734,pHDR-CDKN2A-Ex2-CMV-EGFP,-1,1,-,4391,5434,348,spanning_target_gene,TRUE,TRUE,107,7065,TRUE,TRUE,High (Expressible)
109026,pLenti-X1-Neo-GFP-FAM134B,-3,3,-,768,1160,131,partial_target_gene,TRUE,TRUE,732,3313,TRUE,TRUE,High (Expressible)
11155,pUB-GFP,-1,2,+,4709,558,325,spanning_target_gene,TRUE,TRUE,477,3212,TRUE,TRUE,High (Expressible)
110060,FUW mCherry-GFP-LC3,-1,3,-,3174,4883,570,spanning_target_gene,TRUE,TRUE,23,1588,TRUE,TRUE,High (Expressible)
11153,pCMV-GFP,-1,3,-,371,1300,310,spanning_target_gene,TRUE,TRUE,38,13,TRUE,TRUE,High (Expressible)
111933,pEGFP-N1-IL6,-2,1,-,1514,2038,175,partial_target_gene,TRUE,TRUE,223,798,TRUE,TRUE,High (Expressible)
110833,TATA-GFP,2,3,+,18,497,160,partial_target_gene,TRUE,TRUE,1178,1412,TRUE,TRUE,High (Expressible)
11154,pEF-GFP,-1,3,-,1029,2126,366,spanning_target_gene,TRUE,TRUE,763,13,TRUE,TRUE,High (Expressible)
11106,GFP-VIVIT,-2,2,-,454,777,108,partial_target_gene,TRUE,TRUE,2585,798,TRUE,TRUE,High (Expressible)
111207,TNFR2-GFP,-2,2,-,1585,2160,192,partial_target_gene,TRUE,TRUE,958,798,TRUE,TRUE,High (Expressible)
111934,pEGFP-N1-STAT3,-2,2,-,2644,2994,117,partial_target_gene,TRUE,TRUE,2089,798,TRUE,TRUE,High (Expressible)
112213,pAAV-5U6-sgRNAs-hsyn-EGFP,3,1,+,2104,3387,428,spanning_target_gene,TRUE,TRUE,184,6477,TRUE,TRUE,High (Expressible)
112744,pLJM1 Raptor GFP,3,1,+,7243,8259,339,spanning_target_gene,TRUE,TRUE,3840,1419,TRUE,TRUE,High (Expressible)
112246,pEGFP Cited2,-1,2,-,591,1454,288,spanning_target_gene,TRUE,TRUE,29,846,TRUE,TRUE,High (Expressible)
112847,pSYN-LL5BIP-GFP,-1,3,-,1233,2123,297,spanning_target_gene,TRUE,TRUE,784,100,TRUE,TRUE,High (Expressible)
112843,pcDNA3.1(+)/Puro/FA/GFP-C--Catulin-3,3,3,+,960,1763,268,spanning_target_gene,TRUE,TRUE,278,32,TRUE,TRUE,High (Expressible)
112245,pEGFPc1 hp47phox (S303/304/328D),-1,2,-,667,1566,300,spanning_target_gene,TRUE,TRUE,29,1178,TRUE,TRUE,High (Expressible)
112250,p87AAVEGFP hp47phox (S303/304/328D),-1,2,-,1186,2142,319,spanning_target_gene,TRUE,TRUE,609,1087,TRUE,TRUE,High (Expressible)
112156,eGFP-PRM-3R,-2,1,-,4379,4840,154,partial_target_gene,TRUE,TRUE,2585,798,TRUE,TRUE,High (Expressible)
112839,pcDNA3.1(+)/Puro/FA/GFP-N--Grb2-4,-1,2,-,661,1611,317,spanning_target_gene,TRUE,TRUE,14,76,TRUE,TRUE,High (Expressible)
112666,pZ:F3-CAGGS GPHTK-F,-1,3,-,1597,3486,630,spanning_target_gene,TRUE,TRUE,1011,1106,TRUE,TRUE,High (Expressible)
112846,pSYN-GFP-LL5BIP,2,2,+,26,502,159,partial_target_gene,TRUE,TRUE,2121,1722,TRUE,TRUE,High (Expressible)
112846,pSYN-GFP-LL5BIP,-2,2,-,225,539,105,partial_target_gene,TRUE,TRUE,2320,1685,TRUE,TRUE,High (Expressible)
112837,pcDNA3.1(+)/Puro/FA/GFP-N--Grb2-2,-1,3,-,662,1501,280,spanning_target_gene,TRUE,TRUE,14,479,TRUE,TRUE,High (Expressible)
112926,pKLV2-U6gRNASAM(gEmpty)-TREGFP-PGKpuroBFP-W,-1,3,-,913,1791,293,spanning_target_gene,TRUE,TRUE,3,2748,TRUE,TRUE,High (Expressible)
112840,pcDNA3.1(+)/Puro/FA/GFP-N--Grb2-5,-1,1,-,676,1689,338,spanning_target_gene,TRUE,TRUE,14,479,TRUE,TRUE,High (Expressible)
113695,pJEP318-pAAV-U6SaCas9gRNA(emx1sg1)-EFS-GFP-KASH-pA,-2,3,-,466,825,120,partial_target_gene,TRUE,TRUE,80,989,TRUE,TRUE,High (Expressible)
113697,pJEP320-pAAV-U6SaCas9gRNA(CREB3)_EFS-GFP-KASH-pA,-2,2,-,465,824,120,partial_target_gene,TRUE,TRUE,79,989,TRUE,TRUE,High (Expressible)
113933,GFP-LiMETER-v1,-1,3,-,718,1653,312,spanning_target_gene,TRUE,TRUE,43,706,TRUE,TRUE,High (Expressible)
114025,pcDNA5-puro-eGFP-HEC1-d80,-1,1,-,961,1797,279,spanning_target_gene,TRUE,TRUE,246,1644,TRUE,TRUE,High (Expressible)
112927,pKLV2-U6gRNASAM(gTetO)-TREGFP-PGKpuroBFP-W,-1,2,-,3694,4572,293,spanning_target_gene,TRUE,TRUE,3,2747,TRUE,TRUE,High (Expressible)
113694,pJEP317-pAAV-U6SaCas9gRNA(SapI)-EFS-GFP- KASH-pA,-2,3,-,463,822,120,partial_target_gene,TRUE,TRUE,77,989,TRUE,TRUE,High (Expressible)
113934,GFP-LiMETER-v2,-1,1,-,747,1682,312,spanning_target_gene,TRUE,TRUE,43,685,TRUE,TRUE,High (Expressible)
114128,pDEST-FRT/TO-eGFP-REV7,-1,2,-,349,1215,289,spanning_target_gene,TRUE,TRUE,144,625,TRUE,TRUE,High (Expressible)
113696,pJEP319-pAAV-U6SaCas9gRNA(emx1sg2)-EFS-GFP-KASH-pA,-2,2,-,445,804,120,partial_target_gene,TRUE,TRUE,81,989,TRUE,TRUE,High (Expressible)
114050,pLacI-GFP-HEC1-d207,-1,1,-,1784,2572,263,spanning_target_gene,TRUE,TRUE,1141,1416,TRUE,TRUE,High (Expressible)
114030,pcDNA5-hygro-eGFP-HEC1-d80,-1,1,-,885,1721,279,spanning_target_gene,TRUE,TRUE,246,1644,TRUE,TRUE,High (Expressible)
114051,pcDNA5-hygro-eGFP-HEC1-d207,-1,1,-,948,1736,263,spanning_target_gene,TRUE,TRUE,246,1311,TRUE,TRUE,High (Expressible)
114287,pCWXPGR-pTF-Wnt3a,-2,3,-,1145,1786,214,partial_target_gene,TRUE,TRUE,3273,3285,TRUE,TRUE,High (Expressible)
114278,pCWXPGR-pTF-NeuroD1,-2,3,-,1162,1782,207,partial_target_gene,TRUE,TRUE,3309,3285,TRUE,TRUE,High (Expressible)
114277,pCWXPGR-pTF-dnTCF4,-2,1,-,1344,2357,338,partial_target_gene,TRUE,TRUE,3585,3285,TRUE,TRUE,High (Expressible)
114281,pCWXPGR-pTF-betaCatenin,-2,3,-,2494,3141,216,partial_target_gene,TRUE,TRUE,4458,3285,TRUE,TRUE,High (Expressible)
114276,pCWXPGR-pTF-DVL2deltaDIX,-2,1,-,1899,2573,225,partial_target_gene,TRUE,TRUE,4167,3285,TRUE,TRUE,High (Expressible)
114284,pCWXPGR-pTF-Kir2.1,-2,3,-,1498,2175,226,partial_target_gene,TRUE,TRUE,3462,3285,TRUE,TRUE,High (Expressible)
114280,pCWXPGR-pTF-Ngn2,-2,2,-,1151,1771,207,partial_target_gene,TRUE,TRUE,3027,3285,TRUE,TRUE,High (Expressible)
114291,pCWXPGR-pTF-ERK:MEK,-2,2,-,2429,3049,207,partial_target_gene,TRUE,TRUE,4557,3285,TRUE,TRUE,High (Expressible)
114279,pCWXPGR-pTF-NT3,-2,2,-,1031,1756,242,partial_target_gene,TRUE,TRUE,2907,3285,TRUE,TRUE,High (Expressible)
114295,pCLX-M38s/TOP-dGFP,-1,2,-,7078,220,253,spanning_target_gene,TRUE,TRUE,2074,1226,TRUE,TRUE,High (Expressible)
114286,pCWXPGR-pTF-EpoRtm,-2,1,-,897,1688,264,partial_target_gene,TRUE,TRUE,2880,3285,TRUE,TRUE,High (Expressible)
114289,pCWXPGR-pTF-EpoR,-2,2,-,1631,2251,207,partial_target_gene,TRUE,TRUE,3759,3285,TRUE,TRUE,High (Expressible)
114290,pCWXPGR-pTF-Epo,-2,2,-,3392,4078,229,partial_target_gene,TRUE,TRUE,2748,3285,TRUE,TRUE,High (Expressible)
114312,pCLX-KRT7-GFP,-2,3,-,1144,1605,154,partial_target_gene,TRUE,TRUE,3020,1785,TRUE,TRUE,High (Expressible)
114313,RIX-F2Oct4F3-GFP,-2,2,-,10911,11369,153,partial_target_gene,TRUE,TRUE,5795,1945,TRUE,TRUE,High (Expressible)
114734,negEKARet-cyto,-2,3,-,1849,2406,186,partial_target_gene,TRUE,TRUE,796,742,TRUE,TRUE,High (Expressible)
114462,pMRXIP-GFP-hATG2A,2,3,+,1152,1979,276,partial_target_gene,TRUE,TRUE,1338,7923,TRUE,TRUE,High (Expressible)
114380,pAAVS1-TRE-MA4-GFP,-1,3,-,8373,9164,264,spanning_target_gene,TRUE,TRUE,6992,90,TRUE,TRUE,High (Expressible)
114723,EKARet-PSD,-2,1,-,2926,3483,186,partial_target_gene,TRUE,TRUE,1873,690,TRUE,TRUE,High (Expressible)
114723,EKARet-PSD,-1,3,-,3419,4321,301,spanning_target_gene,TRUE,TRUE,2366,6920,TRUE,TRUE,High (Expressible)
114733,negAKARet-cyto,-2,3,-,2080,2625,182,partial_target_gene,TRUE,TRUE,1027,742,TRUE,TRUE,High (Expressible)
114308,pCWXPGR-pTF-Ngn3,-2,3,-,924,1556,211,partial_target_gene,TRUE,TRUE,2866,3285,TRUE,TRUE,High (Expressible)
115783,LV-Sox10MCS5-GFP,-2,1,-,4719,5048,110,partial_target_gene,TRUE,TRUE,2092,1600,TRUE,TRUE,High (Expressible)
115918,pBS-f1(-)-GAPDH-IRES-EGFP,-1,3,-,1598,2422,275,spanning_target_gene,TRUE,TRUE,1497,31,TRUE,TRUE,High (Expressible)
114732,AKARet-PSD,-2,1,-,3157,3702,182,partial_target_gene,TRUE,TRUE,2104,690,TRUE,TRUE,High (Expressible)
114732,AKARet-PSD,-1,3,-,3215,4540,442,spanning_target_gene,TRUE,TRUE,2162,7139,TRUE,TRUE,High (Expressible)
115973,pLV.PGK.GFP.miR9T,-2,1,-,2242,2895,218,partial_target_gene,TRUE,TRUE,1478,1436,TRUE,TRUE,High (Expressible)
117101,SLAC1-deltaN,-1,2,-,1822,2904,361,spanning_target_gene,TRUE,TRUE,884,58,TRUE,TRUE,High (Expressible)
116946,pMRXIP-GFP-YKT6,2,1,+,484,819,112,partial_target_gene,TRUE,TRUE,1830,2704,TRUE,TRUE,High (Expressible)
117100,SLAC1-FL,-1,2,-,2356,3438,361,spanning_target_gene,TRUE,TRUE,1418,58,TRUE,TRUE,High (Expressible)
117097,MCA1-eGFP,-1,1,-,1149,2105,319,spanning_target_gene,TRUE,TRUE,1148,58,TRUE,TRUE,High (Expressible)
117413,pMXs GFP-LC3-RFP,3,1,+,484,1596,371,spanning_target_gene,TRUE,TRUE,961,1158,TRUE,TRUE,High (Expressible)
117104,SLAH2,-1,2,-,1549,2388,280,spanning_target_gene,TRUE,TRUE,1550,58,TRUE,TRUE,High (Expressible)
117776,pPRISM-Stop-cmlc2-eGFP,-1,3,-,2695,3672,326,spanning_target_gene,TRUE,TRUE,1943,58,TRUE,TRUE,High (Expressible)
117098,MCA2-eGFP,-1,1,-,1134,2090,319,spanning_target_gene,TRUE,TRUE,1133,58,TRUE,TRUE,High (Expressible)
117770,pPRISM-TagRFP-cmlc2-eGFP,-1,3,-,3186,4163,326,spanning_target_gene,TRUE,TRUE,2691,58,TRUE,TRUE,High (Expressible)
117767,pPRISM-TagRFP-gcry-eGFP,-1,3,-,3297,4274,326,spanning_target_gene,TRUE,TRUE,2802,58,TRUE,TRUE,High (Expressible)
117815,pGTag-eGFP-CAAX-SV40,3,1,+,745,1830,362,spanning_target_gene,TRUE,TRUE,43,83,TRUE,TRUE,High (Expressible)
117779,pPRISM-gal4-VP16-gcry-eGFP,-1,1,-,3494,4471,326,spanning_target_gene,TRUE,TRUE,2742,58,TRUE,TRUE,High (Expressible)
117813,pGTag-eGFP-SV40,3,2,+,746,1861,372,spanning_target_gene,TRUE,TRUE,43,12,TRUE,TRUE,High (Expressible)
117773,pPRISM-Stop-gcry-eGFP,-1,3,-,2806,3783,326,spanning_target_gene,TRUE,TRUE,2054,58,TRUE,TRUE,High (Expressible)
117788,pPRISM-Fuse-cmlc2-eGFP,-1,3,-,3108,4085,326,spanning_target_gene,TRUE,TRUE,2613,58,TRUE,TRUE,High (Expressible)
117721,GFP-MAPPER,3,3,+,615,1421,269,spanning_target_gene,TRUE,TRUE,39,883,TRUE,TRUE,High (Expressible)
117417,pMXsIP GFP-VMP1,-1,3,-,1905,2768,288,spanning_target_gene,TRUE,TRUE,1289,2491,TRUE,TRUE,High (Expressible)
116879,CAG-Cremyc-2A-GFP,-1,1,-,2988,3881,298,spanning_target_gene,TRUE,TRUE,2899,13,TRUE,TRUE,High (Expressible)
117814,pGTag-eGFP-B-actin,3,2,+,746,1978,411,spanning_target_gene,TRUE,TRUE,43,3075,TRUE,TRUE,High (Expressible)
117794,pPRISM-Cre-cmlc2-eGFP,-1,1,-,3758,4735,326,spanning_target_gene,TRUE,TRUE,3006,58,TRUE,TRUE,High (Expressible)
117103,SLAC-deltaCdeltaN,-1,2,-,883,1818,312,spanning_target_gene,TRUE,TRUE,884,58,TRUE,TRUE,High (Expressible)
117095,MtPT4-eGFP,-1,1,-,1575,2426,284,spanning_target_gene,TRUE,TRUE,1574,58,TRUE,TRUE,High (Expressible)
117095,MtPT4-eGFP,-2,2,-,1376,1675,100,partial_target_gene,TRUE,TRUE,1375,809,TRUE,TRUE,High (Expressible)
117816,pGTag-eGFP-CAAX-B-actin,3,1,+,745,1830,362,spanning_target_gene,TRUE,TRUE,43,3276,TRUE,TRUE,High (Expressible)
117782,pPRISM-gal4-VP16-cmlc2-eGFP,-1,1,-,3383,4360,326,spanning_target_gene,TRUE,TRUE,2631,58,TRUE,TRUE,High (Expressible)
117105,SLAH3,-1,3,-,2836,3675,280,spanning_target_gene,TRUE,TRUE,1898,58,TRUE,TRUE,High (Expressible)
117791,pPRISM-Cre-gcry-eGFP,-1,1,-,3869,4846,326,spanning_target_gene,TRUE,TRUE,3117,58,TRUE,TRUE,High (Expressible)
117785,pPRISM-Fuse-gcry-eGFP,-1,1,-,3476,4453,326,spanning_target_gene,TRUE,TRUE,2724,58,TRUE,TRUE,High (Expressible)
117889,AtALMT1-upGFP 3',-1,1,-,1865,2710,282,spanning_target_gene,TRUE,TRUE,924,58,TRUE,TRUE,High (Expressible)
117863,CIPK2-upGFP,-1,1,-,2333,3178,282,spanning_target_gene,TRUE,TRUE,1392,58,TRUE,TRUE,High (Expressible)
117867,OsNRAT-upGFP,-1,1,-,2603,3448,282,spanning_target_gene,TRUE,TRUE,1662,58,TRUE,TRUE,High (Expressible)
117882,CHL1 P492L-eGFP,-1,3,-,2665,3549,295,spanning_target_gene,TRUE,TRUE,1724,58,TRUE,TRUE,High (Expressible)
117865,ZmNRAT-upGFP,-1,1,-,2621,3466,282,spanning_target_gene,TRUE,TRUE,1680,58,TRUE,TRUE,High (Expressible)
117887,AtALMT1-upGFP 5',-1,1,-,1547,2392,282,spanning_target_gene,TRUE,TRUE,606,58,TRUE,TRUE,High (Expressible)
117893,TaALMT1-upGFP 3',-1,1,-,1670,2515,282,spanning_target_gene,TRUE,TRUE,729,58,TRUE,TRUE,High (Expressible)
117893,TaALMT1-upGFP 3',-2,2,-,1180,1764,195,partial_target_gene,TRUE,TRUE,239,809,TRUE,TRUE,High (Expressible)
117895,OsPQL upGFP,-1,1,-,2225,3070,282,spanning_target_gene,TRUE,TRUE,1284,58,TRUE,TRUE,High (Expressible)
117801,Control-cx43.4-48H-pPRISM,-1,3,-,3189,4166,326,spanning_target_gene,TRUE,TRUE,4945,58,TRUE,TRUE,High (Expressible)
117880,CHL1 T101D-eGFP,-1,3,-,2665,3549,295,spanning_target_gene,TRUE,TRUE,1724,58,TRUE,TRUE,High (Expressible)
117871,TaALMT-upGFP,-1,1,-,2342,3187,282,spanning_target_gene,TRUE,TRUE,1401,58,TRUE,TRUE,High (Expressible)
117871,TaALMT-upGFP,-2,2,-,1852,2436,195,partial_target_gene,TRUE,TRUE,911,809,TRUE,TRUE,High (Expressible)
117878,CHL1 T101A-eGFP,-1,3,-,2665,3549,295,spanning_target_gene,TRUE,TRUE,1724,58,TRUE,TRUE,High (Expressible)
117876,CHL1 wt-eGFP,-1,3,-,2665,3549,295,spanning_target_gene,TRUE,TRUE,1724,58,TRUE,TRUE,High (Expressible)
117905,OsSLAC1 eGFP,3,3,+,2598,3515,306,spanning_target_gene,TRUE,TRUE,1657,68,TRUE,TRUE,High (Expressible)
117905,OsSLAC1 eGFP,-2,1,-,2202,2774,191,partial_target_gene,TRUE,TRUE,1261,809,TRUE,TRUE,High (Expressible)
117905,OsSLAC1 eGFP,-1,3,-,925,3525,867,spanning_target_gene,TRUE,TRUE,2373,58,TRUE,TRUE,High (Expressible)
117869,CBL5-upGFP,3,1,+,1474,2409,312,spanning_target_gene,TRUE,TRUE,533,68,TRUE,TRUE,High (Expressible)
117869,CBL5-upGFP,-1,1,-,1574,2419,282,spanning_target_gene,TRUE,TRUE,633,58,TRUE,TRUE,High (Expressible)
117891,TaALMT1-upGFP 5',-1,1,-,1640,2485,282,spanning_target_gene,TRUE,TRUE,699,58,TRUE,TRUE,High (Expressible)
117903,AtCOPT6 upGFP,-1,1,-,1400,2245,282,spanning_target_gene,TRUE,TRUE,459,58,TRUE,TRUE,High (Expressible)
117899,AtCOPT1 upGFP,-1,1,-,1475,2320,282,spanning_target_gene,TRUE,TRUE,534,58,TRUE,TRUE,High (Expressible)
117897,AtPQL upGFP,-1,1,-,1829,2674,282,spanning_target_gene,TRUE,TRUE,888,58,TRUE,TRUE,High (Expressible)
117901,AtCOPT2 upGFP,-1,1,-,1439,2251,271,spanning_target_gene,TRUE,TRUE,498,58,TRUE,TRUE,High (Expressible)
117929,pmGFP-ADAR2,-1,2,-,793,1947,385,spanning_target_gene,TRUE,TRUE,42,1752,TRUE,TRUE,High (Expressible)
117927,pmGFP-ADAR1-p150,-1,1,-,844,1644,267,spanning_target_gene,TRUE,TRUE,42,3673,TRUE,TRUE,High (Expressible)
118072,pLenti-EGFP-Rabin8,-1,3,-,3493,4323,277,spanning_target_gene,TRUE,TRUE,895,2698,TRUE,TRUE,High (Expressible)
118089,p6-8,-1,1,+,6319,7278,320,spanning_target_gene,TRUE,TRUE,3555,4307,TRUE,TRUE,High (Expressible)
118313,GFP-Epac1 SAAX,3,3,+,678,1790,371,spanning_target_gene,TRUE,TRUE,804,2526,TRUE,TRUE,High (Expressible)
118315,GFP-RalGDS,3,2,+,680,1666,329,spanning_target_gene,TRUE,TRUE,804,258,TRUE,TRUE,High (Expressible)
118360,hSUMO1 GFP,-1,1,-,538,1296,253,spanning_target_gene,TRUE,TRUE,29,453,TRUE,TRUE,High (Expressible)
118312,GFP-Epac1 CAAX,3,1,+,622,1734,371,spanning_target_gene,TRUE,TRUE,804,2526,TRUE,TRUE,High (Expressible)
118483,pLEX307 GFP-Kif26b-C,-2,2,-,4997,5317,107,partial_target_gene,TRUE,TRUE,721,935,TRUE,TRUE,High (Expressible)
118317,GFP-RanV19 E1RA2,-1,3,-,668,1573,302,spanning_target_gene,TRUE,TRUE,29,3270,TRUE,TRUE,High (Expressible)
118628,SITS-EGFP-ccdb,-1,3,-,241,1125,295,spanning_target_gene,TRUE,TRUE,71,2179,TRUE,TRUE,High (Expressible)
118330,GFP-Braf R188L,-1,1,-,758,1768,337,spanning_target_gene,TRUE,TRUE,6,2481,TRUE,TRUE,High (Expressible)
118743,pCAG-EGFP-Snapin,3,2,+,1646,2668,341,spanning_target_gene,TRUE,TRUE,988,381,TRUE,TRUE,High (Expressible)
119061,pVC-Tol2-Pax3a_enh5-E1b:eGFP-Tol2,3,1,+,1792,2682,297,spanning_target_gene,TRUE,TRUE,1565,192,TRUE,TRUE,High (Expressible)
118912,pOCC94,3,3,+,1713,2543,277,spanning_target_gene,TRUE,TRUE,1712,108,TRUE,TRUE,High (Expressible)
118912,pOCC94,-1,2,-,1726,2514,263,spanning_target_gene,TRUE,TRUE,1725,137,TRUE,TRUE,High (Expressible)
119059,pVC-Ds-Pax3a_enh5-E1b:eGFP-Ds,3,1,+,1687,2577,297,spanning_target_gene,TRUE,TRUE,1563,192,TRUE,TRUE,High (Expressible)
118870,pOCC16,3,3,+,528,1424,299,spanning_target_gene,TRUE,TRUE,527,22,TRUE,TRUE,High (Expressible)
118870,pOCC16,-1,1,-,541,1356,272,spanning_target_gene,TRUE,TRUE,540,90,TRUE,TRUE,High (Expressible)
118979,pEGFP-N1-CATULIN,3,3,+,2808,3638,277,spanning_target_gene,TRUE,TRUE,2155,105,TRUE,TRUE,High (Expressible)
120179,pCMV-GFP-CENPBpA-fixed-length-clone-1,-1,3,-,573,1625,351,spanning_target_gene,TRUE,TRUE,38,144,TRUE,TRUE,High (Expressible)
118911,pOCC93,3,3,+,534,1364,277,spanning_target_gene,TRUE,TRUE,533,108,TRUE,TRUE,High (Expressible)
118911,pOCC93,-1,2,-,547,1335,263,spanning_target_gene,TRUE,TRUE,546,137,TRUE,TRUE,High (Expressible)
11928,GFP-Ub,-1,3,-,650,1702,351,spanning_target_gene,TRUE,TRUE,29,90,TRUE,TRUE,High (Expressible)
118910,pOCC92,3,3,+,540,1370,277,spanning_target_gene,TRUE,TRUE,539,108,TRUE,TRUE,High (Expressible)
118910,pOCC92,-1,2,-,553,1341,263,spanning_target_gene,TRUE,TRUE,552,137,TRUE,TRUE,High (Expressible)
120193,pCMV-GFP-CENPBpA-del,-1,3,-,558,1583,342,spanning_target_gene,TRUE,TRUE,38,144,TRUE,TRUE,High (Expressible)
120187,pCMV-GFP-CENPBpA-fixed-length-clone-9,-1,3,+,780,1832,351,spanning_target_gene,TRUE,TRUE,608,2611,TRUE,TRUE,High (Expressible)
119906,epB_UbC_CymRV5-nls-GFP_DEx2,-2,1,-,2556,2948,131,partial_target_gene,TRUE,TRUE,482,886,TRUE,TRUE,High (Expressible)
120191,pCMV-GFP-CENPBpA-fixed-length-clone-13,-1,1,-,572,1624,351,spanning_target_gene,TRUE,TRUE,38,144,TRUE,TRUE,High (Expressible)
120184,pCMV-GFP-CENPBpA-fixed-length-clone-6,-1,3,-,597,1649,351,spanning_target_gene,TRUE,TRUE,38,144,TRUE,TRUE,High (Expressible)
119816,pLentipuro3/TO/V5-GW/EGFP-Firefly Luciferase,-1,1,+,6793,7701,303,spanning_target_gene,TRUE,TRUE,1706,5568,TRUE,TRUE,High (Expressible)
120162,pCMV-GFP-CENPBpA,-1,2,-,622,1674,351,spanning_target_gene,TRUE,TRUE,38,144,TRUE,TRUE,High (Expressible)
120188,pCMV-GFP-CENPBpA-fixed-length-clone-10,-1,2,-,601,1653,351,spanning_target_gene,TRUE,TRUE,38,144,TRUE,TRUE,High (Expressible)
120181,pCMV-GFP-CENPBpA-fixed-length-clone-3,-1,2,+,1250,2302,351,spanning_target_gene,TRUE,TRUE,608,2611,TRUE,TRUE,High (Expressible)
120182,pCMV-GFP-CENPBpA-fixed-length-clone-4,-1,1,+,4558,670,282,spanning_target_gene,TRUE,TRUE,815,2611,TRUE,TRUE,High (Expressible)
118850,MiniCoopR mitfa:EGFP,-2,1,-,3671,3976,102,partial_target_gene,TRUE,TRUE,3689,105,TRUE,TRUE,High (Expressible)
120180,pCMV-GFP-CENPBpA-fixed-length-clone-2,-1,2,-,571,1623,351,spanning_target_gene,TRUE,TRUE,38,144,TRUE,TRUE,High (Expressible)
120185,pCMV-GFP-CENPBpA-fixed-length-clone-7,-1,3,-,591,1643,351,spanning_target_gene,TRUE,TRUE,38,144,TRUE,TRUE,High (Expressible)
120189,pCMV-GFP-CENPBpA-fixed-length-clone-11,-1,2,-,622,1671,350,spanning_target_gene,TRUE,TRUE,38,144,TRUE,TRUE,High (Expressible)
120518,CAG-EGFP-Elavl2IR,-1,1,-,1666,2913,416,spanning_target_gene,TRUE,TRUE,1691,716,TRUE,TRUE,High (Expressible)
120190,pCMV-GFP-CENPBpA-fixed-length-clone-12,-1,2,-,592,1644,351,spanning_target_gene,TRUE,TRUE,38,144,TRUE,TRUE,High (Expressible)
120186,pCMV-GFP-CENPBpA-fixed-length-clone-8,-1,3,-,593,1567,325,spanning_target_gene,TRUE,TRUE,38,223,TRUE,TRUE,High (Expressible)
120183,pCMV-GFP-CENPBpA-fixed-length-clone-5,-1,3,+,963,2015,351,spanning_target_gene,TRUE,TRUE,608,2611,TRUE,TRUE,High (Expressible)
120194,pCMV-GFP-RPS5pA,-1,2,-,627,1790,388,spanning_target_gene,TRUE,TRUE,38,13,TRUE,TRUE,High (Expressible)
120192,pCMV-GFP-CENPBpA-fixed-length-clone-14,-1,1,+,3418,4470,351,spanning_target_gene,TRUE,TRUE,608,2611,TRUE,TRUE,High (Expressible)
120867,PB-Aka-P2A-GFP,-1,2,-,3376,4782,469,spanning_target_gene,TRUE,TRUE,1201,13,TRUE,TRUE,High (Expressible)
121479,pEGFP-N1/PD-L1_ECD,3,1,+,2068,2886,273,spanning_target_gene,TRUE,TRUE,796,105,TRUE,TRUE,High (Expressible)
121148,GFP-hPIKfyve,-1,3,-,1301,2176,292,spanning_target_gene,TRUE,TRUE,29,6342,TRUE,TRUE,High (Expressible)
121480,pEGFP-N1/PD-L1_ICD,-2,2,-,1150,1512,121,partial_target_gene,TRUE,TRUE,2585,798,TRUE,TRUE,High (Expressible)
121509,pAAVsc.U6-sgFah.Intron9.CMV/CB-EGFP,3,2,+,914,1888,325,spanning_target_gene,TRUE,TRUE,590,136,TRUE,TRUE,High (Expressible)
121508,pAAVsc.U6-sgFah.CMV/CB-EGFP,3,1,+,820,1794,325,spanning_target_gene,TRUE,TRUE,590,136,TRUE,TRUE,High (Expressible)
121511,pAAVsc.U6-sgIdua.CMV/CB-EGFP,3,1,+,892,1866,325,spanning_target_gene,TRUE,TRUE,590,136,TRUE,TRUE,High (Expressible)
121510,pAAVsc.U6-sgAspa.CMV/CB-EGFP,3,1,+,946,1920,325,spanning_target_gene,TRUE,TRUE,589,136,TRUE,TRUE,High (Expressible)
121764,KY801: pMVP (L3-L2) P2A-eGFP + polyA,-2,2,-,394,786,131,partial_target_gene,TRUE,TRUE,2133,717,TRUE,TRUE,High (Expressible)
121763,LC402: pMVP (L3-L2) eGFP + polyA,-2,2,-,394,723,110,partial_target_gene,TRUE,TRUE,2133,717,TRUE,TRUE,High (Expressible)
121771,LC801: pMVP (L3-L2) eGFP + WPRE,-2,1,-,394,723,110,partial_target_gene,TRUE,TRUE,2133,3504,TRUE,TRUE,High (Expressible)
121772,KZ901: pMVP (L3-L2) P2A-eGFP + WPRE,-2,1,-,394,786,131,partial_target_gene,TRUE,TRUE,2133,3504,TRUE,TRUE,High (Expressible)
121974,GBSGFP in pBS-KS,-2,1,-,1094,1513,140,partial_target_gene,TRUE,TRUE,1074,808,TRUE,TRUE,High (Expressible)
121974,GBSGFP in pBS-KS,-1,3,-,1254,2231,326,spanning_target_gene,TRUE,TRUE,1234,90,TRUE,TRUE,High (Expressible)
121946,pCAG-AkCas12b-2AeGFP,-2,2,-,4521,5477,319,partial_target_gene,TRUE,TRUE,2764,718,TRUE,TRUE,High (Expressible)
122246,pMB4,-2,1,-,2437,2769,111,partial_target_gene,TRUE,TRUE,1725,1843,TRUE,TRUE,High (Expressible)
122246,pMB4,-1,3,-,2342,3607,422,spanning_target_gene,TRUE,TRUE,1630,1005,TRUE,TRUE,High (Expressible)
122163,p3xEGFP-N1,2,1,+,1249,1734,162,partial_target_gene,TRUE,TRUE,1767,122,TRUE,TRUE,High (Expressible)
122247,pMB30,-2,1,-,2221,2553,111,partial_target_gene,TRUE,TRUE,1728,1843,TRUE,TRUE,High (Expressible)
122247,pMB30,-1,3,-,2126,3391,422,spanning_target_gene,TRUE,TRUE,1633,1005,TRUE,TRUE,High (Expressible)
12243,pLOX-gfp-iresTK,-1,1,+,2767,3549,261,spanning_target_gene,TRUE,TRUE,1849,2004,TRUE,TRUE,High (Expressible)
122490,pStrep-3xEGFP-N1,-2,3,-,387,701,105,partial_target_gene,TRUE,TRUE,2585,2262,TRUE,TRUE,High (Expressible)
122488,pStrep-1xEGFP-N1,-2,3,-,387,710,108,partial_target_gene,TRUE,TRUE,2585,798,TRUE,TRUE,High (Expressible)
122471,pFRT/TO/GFP-SCAF4 (CRISPR_resistant),-1,1,-,8876,389,302,spanning_target_gene,TRUE,TRUE,144,3481,TRUE,TRUE,High (Expressible)
122492,pStrep-5xEGFP-N1,-2,3,-,387,701,105,partial_target_gene,TRUE,TRUE,2585,3726,TRUE,TRUE,High (Expressible)
12252,pRRLSIN.cPPT.PGK-GFP.WPRE,-2,2,-,1894,2547,218,partial_target_gene,TRUE,TRUE,1478,1366,TRUE,TRUE,High (Expressible)
122472,pFRT/TO/GFP-SCAF8 (CRISPR_resistant),-1,3,-,729,1733,335,spanning_target_gene,TRUE,TRUE,144,3754,TRUE,TRUE,High (Expressible)
122491,pStrep-4xEGFP-N1,-2,3,-,387,701,105,partial_target_gene,TRUE,TRUE,2585,2994,TRUE,TRUE,High (Expressible)
122496,pStrep-9xEGFP-N1,-2,3,-,387,701,105,partial_target_gene,TRUE,TRUE,2585,6654,TRUE,TRUE,High (Expressible)
122493,pStrep-6xEGFP-N1,-2,3,-,387,701,105,partial_target_gene,TRUE,TRUE,2585,4458,TRUE,TRUE,High (Expressible)
122500,pAAV-CAG-Flex-Rev-3xGFP,-1,2,+,1706,3184,493,spanning_target_gene,TRUE,TRUE,2697,797,TRUE,TRUE,High (Expressible)
122499,pStrep-12xEGFP-N1,-2,3,-,387,701,105,partial_target_gene,TRUE,TRUE,2585,8850,TRUE,TRUE,High (Expressible)
122523,pLenti-hPGK-eGFP-SynaptoZip,-2,3,-,1674,2327,218,partial_target_gene,TRUE,TRUE,1478,3325,TRUE,TRUE,High (Expressible)
122525,pAAV-hSyn-eGFP-SynaptoZip,2,1,+,208,657,150,partial_target_gene,TRUE,TRUE,1888,3307,TRUE,TRUE,High (Expressible)
122489,pStrep-2xEGFP-N1,-2,3,-,387,701,105,partial_target_gene,TRUE,TRUE,2585,1530,TRUE,TRUE,High (Expressible)
122495,pStrep-8xEGFP-N1,-2,3,-,387,701,105,partial_target_gene,TRUE,TRUE,2585,5922,TRUE,TRUE,High (Expressible)
122497,pStrep-10xEGFP-N1,-2,3,-,387,701,105,partial_target_gene,TRUE,TRUE,2585,7386,TRUE,TRUE,High (Expressible)
122494,pStrep-7xEGFP-N1,-2,3,-,387,701,105,partial_target_gene,TRUE,TRUE,2585,5190,TRUE,TRUE,High (Expressible)
12298,pIRESneo-EGFP-alpha Tubulin,3,1,+,631,1548,306,spanning_target_gene,TRUE,TRUE,804,3173,TRUE,TRUE,High (Expressible)
122697,pKAd5f11p-EPG,-1,3,+,29520,30497,326,spanning_target_gene,TRUE,TRUE,32730,33502,TRUE,TRUE,High (Expressible)
122498,pStrep-11xEGFP-N1,-2,3,-,387,701,105,partial_target_gene,TRUE,TRUE,2585,8118,TRUE,TRUE,High (Expressible)
122699,pKAd5f11pABR-EPG,-1,1,-,1538,2515,326,spanning_target_gene,TRUE,TRUE,763,100,TRUE,TRUE,High (Expressible)
123136,pCALNL-BsaI-EGFP,3,1,+,979,1953,325,spanning_target_gene,TRUE,TRUE,2609,17,TRUE,TRUE,High (Expressible)
123136,pCALNL-BsaI-EGFP,-1,3,-,1043,1957,305,spanning_target_gene,TRUE,TRUE,2673,13,TRUE,TRUE,High (Expressible)
123613,BE3(E63Q)-P2A-EGFP (pRZ189),-1,3,-,9696,138,402,spanning_target_gene,TRUE,TRUE,6656,13,TRUE,TRUE,High (Expressible)
123611,nCas9-UGI-NLS-P2A-EGFP (pJUL1001),-1,1,-,8965,138,402,spanning_target_gene,TRUE,TRUE,5925,13,TRUE,TRUE,High (Expressible)
123615,SECURE BE3(R33A/K34A)-P2A-EGFP (pJUL1410),-1,3,-,9699,138,402,spanning_target_gene,TRUE,TRUE,5972,13,TRUE,TRUE,High (Expressible)
123614,SECURE BE3(R33A)-P2A-EGFP (pJUL1085),-1,1,-,9697,138,402,spanning_target_gene,TRUE,TRUE,6657,13,TRUE,TRUE,High (Expressible)
123612,BE3-P2A-EGFP (pJUL977),-1,1,-,9694,138,402,spanning_target_gene,TRUE,TRUE,6654,13,TRUE,TRUE,High (Expressible)
124406,FLAG-TET1-746-951(pL72),-1,1,-,3136,4017,294,spanning_target_gene,TRUE,TRUE,3165,13,TRUE,TRUE,High (Expressible)
124096,pcDNA3.1-Green_CaMBI,-1,1,-,1714,2913,400,spanning_target_gene,TRUE,TRUE,1744,796,TRUE,TRUE,High (Expressible)
124658,Myo1E-pEGFP,-1,2,-,1301,2059,253,spanning_target_gene,TRUE,TRUE,29,3568,TRUE,TRUE,High (Expressible)
124930,pcDNA_RGG-GFP-RGG,2,3,+,873,1313,147,partial_target_gene,TRUE,TRUE,144,1469,TRUE,TRUE,High (Expressible)
124974,pCDH-CMV-mC-G-LC3B-P,-1,2,-,320,2038,573,spanning_target_gene,TRUE,TRUE,71,1540,TRUE,TRUE,High (Expressible)
125179,pCLXSN(GFP)-HA-Tbkbp1 1-330,-1,1,-,3135,3893,253,spanning_target_gene,TRUE,TRUE,31,93,TRUE,TRUE,High (Expressible)
125177,pCLXSN(GFP)-HA-Tbkbp1,-1,2,-,3502,4260,253,spanning_target_gene,TRUE,TRUE,31,93,TRUE,TRUE,High (Expressible)
124975,AV0-BWS-2.0-mC-G-CL3B,-1,1,-,1241,2974,578,spanning_target_gene,TRUE,TRUE,935,834,TRUE,TRUE,High (Expressible)
125178,pCLXSN(GFP)-HA-Tbkbp1 1-280,-1,3,-,1780,2538,253,spanning_target_gene,TRUE,TRUE,31,93,TRUE,TRUE,High (Expressible)
125714,pJin-278,-1,1,+,856,1815,320,spanning_target_gene,TRUE,TRUE,4170,5132,TRUE,TRUE,High (Expressible)
12599,pcDNA3-EGFP-Cdc42(wt),3,1,-,3101,3964,288,spanning_target_gene,TRUE,TRUE,589,2967,TRUE,TRUE,High (Expressible)
12600,pcDNA3-EGFP-Cdc42(Q61L),3,1,-,3101,3964,288,spanning_target_gene,TRUE,TRUE,589,2967,TRUE,TRUE,High (Expressible)
12601,pcDNA3-EGFP-Cdc42(T17N),3,3,+,540,1403,288,spanning_target_gene,TRUE,TRUE,804,633,TRUE,TRUE,High (Expressible)
126542,GFP-FBXL10,-1,1,-,1377,2177,267,spanning_target_gene,TRUE,TRUE,906,5007,TRUE,TRUE,High (Expressible)
126581,pMGS36 (GFP-ARF16-PB1),-1,1,-,1301,2356,352,spanning_target_gene,TRUE,TRUE,29,428,TRUE,TRUE,High (Expressible)
126494,pLenti-LmoCascade-HBE1crRNA,-1,2,+,5741,7219,493,spanning_target_gene,TRUE,TRUE,1150,6490,TRUE,TRUE,High (Expressible)
126493,pLenti-LmoCascade-IL1RNcrRNA,-1,2,+,5741,7219,493,spanning_target_gene,TRUE,TRUE,1150,6490,TRUE,TRUE,High (Expressible)
126547,GFP-RNF110,-1,1,-,1377,2648,424,spanning_target_gene,TRUE,TRUE,906,1560,TRUE,TRUE,High (Expressible)
126546,GFP-RNF51,-1,1,-,1377,2126,250,spanning_target_gene,TRUE,TRUE,906,2028,TRUE,TRUE,High (Expressible)
126552,pHR-H13LTat-CD8a/d2eGFP-IRES-Nef,-1,2,-,4760,5620,287,spanning_target_gene,TRUE,TRUE,4125,1017,TRUE,TRUE,High (Expressible)
127191,PB-GFP-Gal8,3,3,+,2013,2906,298,spanning_target_gene,TRUE,TRUE,988,1189,TRUE,TRUE,High (Expressible)
127190,PB-FLuc+GFPd2,-1,3,-,3722,4567,282,spanning_target_gene,TRUE,TRUE,978,267,TRUE,TRUE,High (Expressible)
127510,INCTbiosyn-pEF-GFP(rc)phiC31,3,2,-,1458,2474,339,spanning_target_gene,TRUE,TRUE,899,13,TRUE,TRUE,High (Expressible)
127504,INCTbiosyn-pEF-GFP(rc)2,3,2,-,1034,2107,358,spanning_target_gene,TRUE,TRUE,763,159,TRUE,TRUE,High (Expressible)
127507,INCTbiosyn-pEF-GFP(rc)7,3,1,-,1198,2121,308,spanning_target_gene,TRUE,TRUE,899,184,TRUE,TRUE,High (Expressible)
127505,INCTbiosyn-pEF-GFP(rc)4,-1,3,+,1362,2144,261,spanning_target_gene,TRUE,TRUE,111,157,TRUE,TRUE,High (Expressible)
127591,pBT2-4xUAS:P2A-EGFP,-2,3,-,1417,1716,100,partial_target_gene,TRUE,TRUE,1433,714,TRUE,TRUE,High (Expressible)
127638,SV40-eGFP-Z1,-1,1,-,298,1143,282,spanning_target_gene,TRUE,TRUE,1060,12,TRUE,TRUE,High (Expressible)
127633,Tom70 (1-70)-GFP,3,1,+,703,1548,282,spanning_target_gene,TRUE,TRUE,194,105,TRUE,TRUE,High (Expressible)
127633,Tom70 (1-70)-GFP,-2,1,-,547,855,103,partial_target_gene,TRUE,TRUE,38,798,TRUE,TRUE,High (Expressible)
128069,pREVtre GFP,3,2,+,3329,4066,246,spanning_target_gene,TRUE,TRUE,140,37,TRUE,TRUE,High (Expressible)
127663,pTRIP-GFP-IRF3,-2,1,-,2861,3199,113,partial_target_gene,TRUE,TRUE,1545,8615,TRUE,TRUE,High (Expressible)
128231,pCMS-dsRed2-C1824U LMNA-GFP minigene,3,1,+,2569,3390,274,spanning_target_gene,TRUE,TRUE,821,158,TRUE,TRUE,High (Expressible)
128231,pCMS-dsRed2-C1824U LMNA-GFP minigene,-1,1,-,2567,3394,276,spanning_target_gene,TRUE,TRUE,819,154,TRUE,TRUE,High (Expressible)
128256,pKF-P14MMP2AG-T2APuroR-5h,-2,2,-,487,888,134,partial_target_gene,TRUE,TRUE,456,1383,TRUE,TRUE,High (Expressible)
128257,pCW57-CMV-ssRFP-GFP-KDEL,-1,1,-,2365,4383,673,spanning_target_gene,TRUE,TRUE,114,2069,TRUE,TRUE,High (Expressible)
128254,pKF-P14MM2AG5h,-2,3,-,1058,1459,134,partial_target_gene,TRUE,TRUE,456,775,TRUE,TRUE,High (Expressible)
128230,pCMS-dsRed2-WT LMNA-GFP minigene,3,1,+,2569,3390,274,spanning_target_gene,TRUE,TRUE,821,158,TRUE,TRUE,High (Expressible)
128230,pCMS-dsRed2-WT LMNA-GFP minigene,-1,1,-,2567,3394,276,spanning_target_gene,TRUE,TRUE,819,154,TRUE,TRUE,High (Expressible)
128328,pCIneoGFP-BMI1,-1,2,-,575,1348,258,spanning_target_gene,TRUE,TRUE,6,1018,TRUE,TRUE,High (Expressible)
128272,pMTG03-AmpFRT,3,1,+,1351,2619,423,spanning_target_gene,TRUE,TRUE,771,2468,TRUE,TRUE,High (Expressible)
128273,pMTG04-AmpFRT,3,1,+,1351,2619,423,spanning_target_gene,TRUE,TRUE,771,2432,TRUE,TRUE,High (Expressible)
128327,pLL3.7 FLAG-YAP1-TEAD-P-H2B-mCherry,-1,2,-,3213,4073,287,spanning_target_gene,TRUE,TRUE,2119,7408,TRUE,TRUE,High (Expressible)
128819,pEF Doc2alpha WT GFP,-1,3,-,2517,3383,289,spanning_target_gene,TRUE,TRUE,1272,13,TRUE,TRUE,High (Expressible)
128821,pEF Doc2alpha D291N mutant GFP,-1,2,-,1273,2139,289,spanning_target_gene,TRUE,TRUE,1272,13,TRUE,TRUE,High (Expressible)
128822,pEF Doc2beta D303N mutant GFP,-1,2,-,2465,3355,297,spanning_target_gene,TRUE,TRUE,1271,13,TRUE,TRUE,High (Expressible)
128823,pEF Doc2beta 6X mutant GFP,-1,3,-,2493,3359,289,spanning_target_gene,TRUE,TRUE,1305,13,TRUE,TRUE,High (Expressible)
128820,pEF Doc2beta WT GFP,-1,2,-,2482,3348,289,spanning_target_gene,TRUE,TRUE,1299,13,TRUE,TRUE,High (Expressible)
129092,HR180-LGR5-GFP,-1,2,-,1891,2886,332,spanning_target_gene,TRUE,TRUE,2071,2665,TRUE,TRUE,High (Expressible)
129274,GFP-APEX2-NIK3x,3,1,+,9142,663,288,spanning_target_gene,TRUE,TRUE,1163,1617,TRUE,TRUE,High (Expressible)
129767,K560GFP_17NL,-1,1,-,1772,2536,255,spanning_target_gene,TRUE,TRUE,1771,109,TRUE,TRUE,High (Expressible)
12965,pcDNA3-EGFP-RhoA-wt,3,2,+,5468,6355,296,spanning_target_gene,TRUE,TRUE,804,615,TRUE,TRUE,High (Expressible)
12968,pcDNA3-EGFP-RhoA-Q63L,3,3,+,1524,2411,296,spanning_target_gene,TRUE,TRUE,804,615,TRUE,TRUE,High (Expressible)
129668,pMGS56 (GFP-ARF16-PB1-P2A-OsTIR1),-1,1,-,1541,3376,612,spanning_target_gene,TRUE,TRUE,1280,1601,TRUE,TRUE,High (Expressible)
129769,KIF3A560GFP,-1,2,-,1755,2519,255,spanning_target_gene,TRUE,TRUE,1808,109,TRUE,TRUE,High (Expressible)
129761,K560GFP,-1,2,+,3686,4450,255,spanning_target_gene,TRUE,TRUE,674,5149,TRUE,TRUE,High (Expressible)
12975,pcDNA3-EGFP-Cdc42-wt,3,3,+,774,1637,288,spanning_target_gene,TRUE,TRUE,804,633,TRUE,TRUE,High (Expressible)
129667,pMGS55 (GFP-ARF16-PB1-MCS-P2A-OsTIR1),-1,1,-,1541,2740,400,spanning_target_gene,TRUE,TRUE,1280,2297,TRUE,TRUE,High (Expressible)
12980,pcDNA3-EGFP-Rac1-wt,3,3,+,540,1436,299,spanning_target_gene,TRUE,TRUE,804,603,TRUE,TRUE,High (Expressible)
129773,Unc104_K560GFP,-1,1,-,1766,2530,255,spanning_target_gene,TRUE,TRUE,1819,109,TRUE,TRUE,High (Expressible)
12976,pcDNA3-EGFP-Cdc42-T17N,3,3,+,798,1661,288,spanning_target_gene,TRUE,TRUE,804,633,TRUE,TRUE,High (Expressible)
12967,pcDNA3-EGFP-RhoA-T19N,3,2,+,662,1549,296,spanning_target_gene,TRUE,TRUE,804,615,TRUE,TRUE,High (Expressible)
129770,KSP_K560GFP,-1,1,-,1778,2542,255,spanning_target_gene,TRUE,TRUE,1831,109,TRUE,TRUE,High (Expressible)
129751,pKI-cjPLP1e1-EGFP,3,1,+,2599,4119,507,spanning_target_gene,TRUE,TRUE,2544,8991,TRUE,TRUE,High (Expressible)
12982,pcDNA3-EGFP-Rac1-T17N,3,3,+,774,1670,299,spanning_target_gene,TRUE,TRUE,804,603,TRUE,TRUE,High (Expressible)
12981,pcDNA3-EGFP-Rac1-Q61L,3,1,+,772,1668,299,spanning_target_gene,TRUE,TRUE,804,603,TRUE,TRUE,High (Expressible)
12986,pcDNA3-EGFP-Cdc42-Q61L,3,2,+,4526,5389,288,spanning_target_gene,TRUE,TRUE,804,633,TRUE,TRUE,High (Expressible)
130935,pB-TAG-HES7,-1,3,-,2847,3728,294,spanning_target_gene,TRUE,TRUE,2207,13,TRUE,TRUE,High (Expressible)
130934,pB-TAG-NICD,-1,3,-,3950,4831,294,spanning_target_gene,TRUE,TRUE,3930,13,TRUE,TRUE,High (Expressible)
131499,pORANGE GFP-RAB11a KI,3,1,+,487,1332,282,spanning_target_gene,TRUE,TRUE,184,5017,TRUE,TRUE,High (Expressible)
130279,pAAV_Donor/Reporter-COL4A3,2,1,+,1117,2013,299,partial_target_gene,TRUE,TRUE,943,1287,TRUE,TRUE,High (Expressible)
131315,eA3A-BE3 (pRZ206),-1,2,-,8021,9226,402,spanning_target_gene,TRUE,TRUE,6566,13,TRUE,TRUE,High (Expressible)
131316,hAID-BE3 (pRZ352),-1,1,-,8019,9224,402,spanning_target_gene,TRUE,TRUE,5879,13,TRUE,TRUE,High (Expressible)
131314,hA3A-BE3 (pRZ215),-1,1,-,7973,9178,402,spanning_target_gene,TRUE,TRUE,6566,13,TRUE,TRUE,High (Expressible)
131389,pDA083,3,3,+,540,1400,287,spanning_target_gene,TRUE,TRUE,2119,11,TRUE,TRUE,High (Expressible)
131389,pDA083,-1,2,-,634,1563,310,spanning_target_gene,TRUE,TRUE,49,8423,TRUE,TRUE,High (Expressible)
131299,nCas9-UGI control for Target-AID (pRZ1047),-1,1,-,5995,6930,312,spanning_target_gene,TRUE,TRUE,6540,13,TRUE,TRUE,High (Expressible)
132397,pHAGE-IRES-puro-NLS-dPspCas13b-EGFP-NLS-3xFlag,-1,1,-,6737,7492,252,spanning_target_gene,TRUE,TRUE,3335,2009,TRUE,TRUE,High (Expressible)
132393,AAVS1 CAG rtTA3 TauP301L 2N4R-EGFP,-2,3,+,4854,5288,145,partial_target_gene,TRUE,TRUE,6229,4568,TRUE,TRUE,High (Expressible)
131703,Thy1.1-GFP,-1,3,-,871,1896,342,spanning_target_gene,TRUE,TRUE,302,100,TRUE,TRUE,High (Expressible)
131300,Target-AID (pRZ762),-1,1,-,8621,9556,312,spanning_target_gene,TRUE,TRUE,7165,13,TRUE,TRUE,High (Expressible)
132411,pHAGE-IRES-puro-NLS-dRfxCas13d-EGFP-NLS-3xFlag,-1,2,-,6378,7133,252,spanning_target_gene,TRUE,TRUE,2976,2009,TRUE,TRUE,High (Expressible)
132408,pHAGE-IRES-puro-NLS-dLbaCas13a-EGFP-NLS-3xFlag,-1,3,-,7791,8546,252,spanning_target_gene,TRUE,TRUE,4389,2009,TRUE,TRUE,High (Expressible)
132409,pHAGE-IRES-puro-NLS-dRanCas13b-EGFP-NLS-3xFlag,-1,1,-,6752,7507,252,spanning_target_gene,TRUE,TRUE,3350,2009,TRUE,TRUE,High (Expressible)
132399,pHAGE-IRES-puro-NLS-dPguCas13b-3xEGFP-NLS-3xFlag,-1,2,-,6986,9190,735,spanning_target_gene,TRUE,TRUE,3584,2008,TRUE,TRUE,High (Expressible)
132400,pHAGE-IRES-puro-NLS-dPguCas13b-EGFP-NLS-3xFlag,-1,1,-,6986,7741,252,spanning_target_gene,TRUE,TRUE,3584,2009,TRUE,TRUE,High (Expressible)
132407,pHAGE-IRES-puro-NLS-dLwaCas13a-EGFP-NLS-3xFlag,-1,2,-,6933,7688,252,spanning_target_gene,TRUE,TRUE,3531,2009,TRUE,TRUE,High (Expressible)
132407,pHAGE-IRES-puro-NLS-dLwaCas13a-EGFP-NLS-3xFlag,-2,3,-,6686,6991,102,partial_target_gene,TRUE,TRUE,3284,2706,TRUE,TRUE,High (Expressible)
132410,pHAGE-IRES-puro-NLS-dEsCas13d-EGFP-NLS-3xFlag,-1,2,-,6342,7097,252,spanning_target_gene,TRUE,TRUE,2940,2009,TRUE,TRUE,High (Expressible)
132598,prNFL-P8R-EGFP,-2,2,-,1968,2324,119,partial_target_gene,TRUE,TRUE,1418,798,TRUE,TRUE,High (Expressible)
132412,pHAGE-IRES-puro-NLS-dAdmCas13d-EGFP-NLS-3xFlag,-1,2,-,6318,7073,252,spanning_target_gene,TRUE,TRUE,2916,2009,TRUE,TRUE,High (Expressible)
132398,pHAGE-IRES-puro-NLS-dPspCas13b-3xEGFP-NLS-3xFlag,-1,1,-,6737,8941,735,spanning_target_gene,TRUE,TRUE,3335,2009,TRUE,TRUE,High (Expressible)
132389,AAVS1 CAG rtTA3 TauWT 2N4R-EGFP,-2,3,+,4806,5240,145,partial_target_gene,TRUE,TRUE,6181,4568,TRUE,TRUE,High (Expressible)
132594,prNFL-P22S-EGFP,-2,2,+,1778,2134,119,partial_target_gene,TRUE,TRUE,1408,3017,TRUE,TRUE,High (Expressible)
132600,prNFL-N98S-EGFP,-2,3,-,1982,2338,119,partial_target_gene,TRUE,TRUE,1418,798,TRUE,TRUE,High (Expressible)
132601,prNFL-L269P-EGFP,-2,1,-,2053,2409,119,partial_target_gene,TRUE,TRUE,1418,798,TRUE,TRUE,High (Expressible)
132605,prNFL-EGFP,-2,1,-,1993,2349,119,partial_target_gene,TRUE,TRUE,1418,798,TRUE,TRUE,High (Expressible)
132602,prNFL-Q333P-EGFP,-2,1,-,2053,2409,119,partial_target_gene,TRUE,TRUE,1418,798,TRUE,TRUE,High (Expressible)
132604,prNFL-P441L-EGFP,-2,1,-,1993,2349,119,partial_target_gene,TRUE,TRUE,1418,798,TRUE,TRUE,High (Expressible)
132603,prNFL-E397K-EGFP,-2,3,-,2003,2359,119,partial_target_gene,TRUE,TRUE,1418,798,TRUE,TRUE,High (Expressible)
132974,pTone-gata2aECE-EGFP,-1,3,-,1026,1856,277,spanning_target_gene,TRUE,TRUE,1120,90,TRUE,TRUE,High (Expressible)
133282,pRRLSIN.cPPT.PGK-GFP-PTS1.WPRE,-2,2,-,1887,2540,218,partial_target_gene,TRUE,TRUE,1478,1508,TRUE,TRUE,High (Expressible)
133046,miR290-SE-RGM-eGFP targeting vector,-1,1,-,1156,2043,296,spanning_target_gene,TRUE,TRUE,982,13,TRUE,TRUE,High (Expressible)
133045,Sox2-SE-RGM-eGFP targeting vector,-1,2,-,899,1786,296,spanning_target_gene,TRUE,TRUE,916,13,TRUE,TRUE,High (Expressible)
133929,pTalpha1-EGFP-N1,-2,2,-,939,1316,126,partial_target_gene,TRUE,TRUE,2994,798,TRUE,TRUE,High (Expressible)
133858,pCD86-EGFP,3,3,+,1641,2447,269,spanning_target_gene,TRUE,TRUE,1072,105,TRUE,TRUE,High (Expressible)
133927,pCMV-EB3mCherry_cmv-LifeActGFP,-1,3,-,2932,3765,278,spanning_target_gene,TRUE,TRUE,105,13,TRUE,TRUE,High (Expressible)
134129,pIW090,-1,3,-,536,1462,309,spanning_target_gene,TRUE,TRUE,421,919,TRUE,TRUE,High (Expressible)
134131,pIW095,-1,1,-,1342,2268,309,spanning_target_gene,TRUE,TRUE,421,919,TRUE,TRUE,High (Expressible)
134137,pIW093,-1,1,-,942,1856,305,spanning_target_gene,TRUE,TRUE,906,1674,TRUE,TRUE,High (Expressible)
134142,pJS183,-1,3,-,149,1075,309,spanning_target_gene,TRUE,TRUE,421,919,TRUE,TRUE,High (Expressible)
13389,pEGFP-N1-wtVHL,-2,3,-,858,1280,141,partial_target_gene,TRUE,TRUE,265,798,TRUE,TRUE,High (Expressible)
134130,pIW084,-1,3,-,503,1429,309,spanning_target_gene,TRUE,TRUE,421,919,TRUE,TRUE,High (Expressible)
134135,pIW088,-1,1,-,582,1496,305,spanning_target_gene,TRUE,TRUE,906,1674,TRUE,TRUE,High (Expressible)
133860,pEGFP-CD86-mApple,-2,3,-,447,800,118,partial_target_gene,TRUE,TRUE,2585,2496,TRUE,TRUE,High (Expressible)
134133,pIW069,-1,2,-,995,1909,305,spanning_target_gene,TRUE,TRUE,906,1674,TRUE,TRUE,High (Expressible)
133983,pcDNA3-eGFP-NLS-RNF168 delta RING,3,3,+,7035,354,328,spanning_target_gene,TRUE,TRUE,804,1503,TRUE,TRUE,High (Expressible)
133983,pcDNA3-eGFP-NLS-RNF168 delta RING,-1,2,-,7123,277,273,spanning_target_gene,TRUE,TRUE,43,1580,TRUE,TRUE,High (Expressible)
134128,pIW087,-1,2,-,339,1265,309,spanning_target_gene,TRUE,TRUE,421,919,TRUE,TRUE,High (Expressible)
134138,pIW070,-1,1,-,486,1400,305,spanning_target_gene,TRUE,TRUE,906,1302,TRUE,TRUE,High (Expressible)
134134,pIW085,-1,1,-,552,1466,305,spanning_target_gene,TRUE,TRUE,906,1674,TRUE,TRUE,High (Expressible)
133977,pcDNA3-eGFP-NLS-RNF168,3,2,+,635,1615,327,spanning_target_gene,TRUE,TRUE,804,1680,TRUE,TRUE,High (Expressible)
134159,pJM107,-1,1,-,538,1674,379,spanning_target_gene,TRUE,TRUE,906,1712,TRUE,TRUE,High (Expressible)
134136,pIW082,-1,3,-,553,1467,305,spanning_target_gene,TRUE,TRUE,906,1674,TRUE,TRUE,High (Expressible)
134166,pJM143,-1,2,-,510,1646,379,spanning_target_gene,TRUE,TRUE,906,1367,TRUE,TRUE,High (Expressible)
134167,pJM147,-1,1,-,496,1632,379,spanning_target_gene,TRUE,TRUE,906,1712,TRUE,TRUE,High (Expressible)
134168,pJM149,-1,1,-,529,1665,379,spanning_target_gene,TRUE,TRUE,906,1712,TRUE,TRUE,High (Expressible)
134160,pJM108,-1,3,-,1043,2179,379,spanning_target_gene,TRUE,TRUE,906,1745,TRUE,TRUE,High (Expressible)
134603,GFP-IP3KC,-1,1,-,539,1657,373,spanning_target_gene,TRUE,TRUE,29,2453,TRUE,TRUE,High (Expressible)
134661,pLVX-EF1a-EGFP-VAMP2-IRES-Puromycin,-2,2,-,4302,4715,138,partial_target_gene,TRUE,TRUE,710,2041,TRUE,TRUE,High (Expressible)
134197,pDK480,-1,2,-,2091,2948,286,spanning_target_gene,TRUE,TRUE,1406,102,TRUE,TRUE,High (Expressible)
134702,p21-WT-MEFV,3,2,+,8096,9187,364,spanning_target_gene,TRUE,TRUE,1391,839,TRUE,TRUE,High (Expressible)
134703,p21-M694V-MEFV,3,3,+,8097,9188,364,spanning_target_gene,TRUE,TRUE,1392,839,TRUE,TRUE,High (Expressible)
134709,p21-S208C/M694V-MEFV,3,2,+,8096,9187,364,spanning_target_gene,TRUE,TRUE,1391,839,TRUE,TRUE,High (Expressible)
134706,p21-S208C/S242R/M694V-MEFV,3,2,+,8096,9187,364,spanning_target_gene,TRUE,TRUE,1391,839,TRUE,TRUE,High (Expressible)
134710,p21-M694I-MEFV,3,2,+,8096,9187,364,spanning_target_gene,TRUE,TRUE,1391,839,TRUE,TRUE,High (Expressible)
134711,p21-M680I-MEFV,3,2,+,8096,9187,364,spanning_target_gene,TRUE,TRUE,1391,839,TRUE,TRUE,High (Expressible)
134712,p21-P369S-MEFV,3,1,+,8095,9186,364,spanning_target_gene,TRUE,TRUE,1390,839,TRUE,TRUE,High (Expressible)
134865,pLVX-EF1a-EGFP-Membrin-IRES-Puromycin,-2,3,-,1899,2333,145,partial_target_gene,TRUE,TRUE,710,2301,TRUE,TRUE,High (Expressible)
135046,CAG-eGFP-Z1,3,1,+,1624,2487,288,spanning_target_gene,TRUE,TRUE,2378,22,TRUE,TRUE,High (Expressible)
135046,CAG-eGFP-Z1,-1,1,-,1688,2497,270,spanning_target_gene,TRUE,TRUE,2442,12,TRUE,TRUE,High (Expressible)
134910,pREP-8xARE-GFP-SV40-BFP,-1,3,-,180,1013,278,spanning_target_gene,TRUE,TRUE,301,1438,TRUE,TRUE,High (Expressible)
134998,pMP498,-1,3,-,3641,4453,271,spanning_target_gene,TRUE,TRUE,2587,267,TRUE,TRUE,High (Expressible)
134906,GFP-Myo 1d,-1,1,-,598,1578,327,spanning_target_gene,TRUE,TRUE,29,3078,TRUE,TRUE,High (Expressible)
135049,CMV-eGFP-Z1,-1,1,-,628,1446,273,spanning_target_gene,TRUE,TRUE,38,12,TRUE,TRUE,High (Expressible)
134997,pMP472,-1,2,-,2350,3162,271,spanning_target_gene,TRUE,TRUE,1296,267,TRUE,TRUE,High (Expressible)
134989,pLKO5-SgHottip-GFP-CRISPRi,-2,2,-,2208,2576,123,partial_target_gene,TRUE,TRUE,249,1351,TRUE,TRUE,High (Expressible)
134905,GFP-Myo 1e,-1,2,-,598,1389,264,spanning_target_gene,TRUE,TRUE,29,3560,TRUE,TRUE,High (Expressible)
134990,pLKO5-SgHottip-GFP-CRISPRa,-2,2,-,2208,2576,123,partial_target_gene,TRUE,TRUE,249,1351,TRUE,TRUE,High (Expressible)
135461,CMV:eGFP-CaM-uTEV1Δ(220-242),3,3,+,363,1259,299,spanning_target_gene,TRUE,TRUE,2344,1213,TRUE,TRUE,High (Expressible)
135264,p663-UBC-TurboID-V5-eGFP_IDG-K,-2,2,-,4054,4479,142,partial_target_gene,TRUE,TRUE,689,2587,TRUE,TRUE,High (Expressible)
135339,"mLama1 AAV sgRNA 1, 2, 5",3,3,+,693,1595,301,spanning_target_gene,TRUE,TRUE,2373,5543,TRUE,TRUE,High (Expressible)
135263,p663-UBC-miniTurbo-V5-eGFP_IDG-K,-2,2,-,3868,4293,142,partial_target_gene,TRUE,TRUE,503,2587,TRUE,TRUE,High (Expressible)
135299,pcDNA5-FRT-T0-eGFP-HROB,-2,3,-,1026,1385,120,partial_target_gene,TRUE,TRUE,821,1733,TRUE,TRUE,High (Expressible)
135459,CMV:eGFP-p2A-HA-β2Ar-uTEV1Δ(220-242),3,1,+,160,963,268,spanning_target_gene,TRUE,TRUE,2131,2737,TRUE,TRUE,High (Expressible)
135463,Syn:eGFP-CaM-uTEV1Δ(220-242),3,1,+,76,1287,404,spanning_target_gene,TRUE,TRUE,1886,1843,TRUE,TRUE,High (Expressible)
135612,EF1α-eGFP-Z1,-1,1,-,456,1367,304,spanning_target_gene,TRUE,TRUE,186,12,TRUE,TRUE,High (Expressible)
135684,pLenti-CMV-GFP-miRE_shRen-Blast,-1,2,-,4735,5565,277,spanning_target_gene,TRUE,TRUE,71,1966,TRUE,TRUE,High (Expressible)
135682,pLenti-EF1a-GFP-miRE_shRen-Blast,-1,1,-,4353,5183,277,spanning_target_gene,TRUE,TRUE,1,1966,TRUE,TRUE,High (Expressible)
135683,pLenti-EF1a-GFP-miRE_shRen-Puro,-1,2,+,8258,528,277,spanning_target_gene,TRUE,TRUE,2163,5179,TRUE,TRUE,High (Expressible)
135672,cEF1a-LSL-GFP,3,2,+,3038,3814,259,spanning_target_gene,TRUE,TRUE,1477,4288,TRUE,TRUE,High (Expressible)
135691,pLenti-CMV-GFP-miRE_shTHUMPD3-Puro,-1,3,-,4738,5568,277,spanning_target_gene,TRUE,TRUE,71,2088,TRUE,TRUE,High (Expressible)
135998,pEGFP-C1-G3BP1-S149A,-1,2,-,661,1533,291,spanning_target_gene,TRUE,TRUE,29,1433,TRUE,TRUE,High (Expressible)
135689,pLenti-CMV-GFP-miRE_shSCR-Puro,-1,2,-,4738,5568,277,spanning_target_gene,TRUE,TRUE,71,2086,TRUE,TRUE,High (Expressible)
135994,pci-EGFP-UPF1-WT,-2,1,-,1775,2089,105,partial_target_gene,TRUE,TRUE,671,3181,TRUE,TRUE,High (Expressible)
135766,Tol2-pA-GI-wt1bDNNterm-E1b-5xUAS-E1b-eGFP-GI-pA-Tol2; gcryst:CFP,-1,2,+,1130,2065,312,spanning_target_gene,TRUE,TRUE,469,4252,TRUE,TRUE,High (Expressible)
135688,pLenti-CMV-GFP-miRE_shSCR-Blast,-1,1,-,4735,5565,277,spanning_target_gene,TRUE,TRUE,71,1943,TRUE,TRUE,High (Expressible)
135685,pLenti-CMV-GFP-miRE_shRen-Puro,-1,2,-,4738,5568,277,spanning_target_gene,TRUE,TRUE,71,2110,TRUE,TRUE,High (Expressible)
135935,pWXLd-RIEP-GpNLuc,-1,1,-,3537,4538,334,spanning_target_gene,TRUE,TRUE,204,2192,TRUE,TRUE,High (Expressible)
136002,pcDNA5 FRT-TO-EGFP-UPF1-DEAA,-2,3,-,1743,2057,105,partial_target_gene,TRUE,TRUE,671,3194,TRUE,TRUE,High (Expressible)
135996,pci-EGFP-UPF1-DEAA,-2,1,-,1730,2044,105,partial_target_gene,TRUE,TRUE,671,3181,TRUE,TRUE,High (Expressible)
136004,pcDNA5 FRT TO-EGFP-G3BP1-S149A,-1,1,-,904,1776,291,spanning_target_gene,TRUE,TRUE,189,1403,TRUE,TRUE,High (Expressible)
135999,pEGFP-C1-G3BP1-DeltaRBP,-1,1,-,609,1481,291,spanning_target_gene,TRUE,TRUE,29,1027,TRUE,TRUE,High (Expressible)
135690,pLenti-CMV-GFP-miRE_shTHUMPD3-Blast,-1,3,-,4735,5565,277,spanning_target_gene,TRUE,TRUE,71,1944,TRUE,TRUE,High (Expressible)
136000,pcDNA5 FRT-TO-EGFP-UPF1-WT,-2,1,-,1883,2197,105,partial_target_gene,TRUE,TRUE,671,3194,TRUE,TRUE,High (Expressible)
135997,pEGFP-C1-G3BP1-WT,-1,2,+,5762,518,291,spanning_target_gene,TRUE,TRUE,2043,1628,TRUE,TRUE,High (Expressible)
136005,pcDNA5 FRT TO-EGFP-G3BP1-DeltaRBP,-1,3,-,912,1784,291,spanning_target_gene,TRUE,TRUE,189,997,TRUE,TRUE,High (Expressible)
135812,Tol2-pA-GI-TagRFP-E1b-5xUAS-E1b-eGFP-GI-pA-Tol2; gcryst:CFP,-1,3,+,3798,4733,312,spanning_target_gene,TRUE,TRUE,469,4252,TRUE,TRUE,High (Expressible)
136003,pcDNA5 FRT TO-EGFP-G3BP1-WT,-1,3,-,914,1786,291,spanning_target_gene,TRUE,TRUE,189,1403,TRUE,TRUE,High (Expressible)
136001,pcDNA5 FRT-TO-EGFP-UPF1-R615A,-2,1,-,1772,2098,109,partial_target_gene,TRUE,TRUE,671,3194,TRUE,TRUE,High (Expressible)
136318,EGFP-Mm_Plk5(D168A),-1,2,-,896,2029,378,spanning_target_gene,TRUE,TRUE,14,1542,TRUE,TRUE,High (Expressible)
136337,pDEST-EGFP_Hu_p115-RhoGEF(WT),3,3,+,774,1640,289,spanning_target_gene,TRUE,TRUE,804,2957,TRUE,TRUE,High (Expressible)
136337,pDEST-EGFP_Hu_p115-RhoGEF(WT),-2,1,-,1548,1970,141,partial_target_gene,TRUE,TRUE,666,2627,TRUE,TRUE,High (Expressible)
136325,EGFP-Mm_MyoGEF(WT),-1,2,-,896,1768,291,spanning_target_gene,TRUE,TRUE,14,2367,TRUE,TRUE,High (Expressible)
136457,pRetroX-TRE3G-PLOD2_PGK-GpNLuc,-1,1,-,5795,6859,355,spanning_target_gene,TRUE,TRUE,3842,366,TRUE,TRUE,High (Expressible)
137188,pAAV FLEX Synaptophysin GFP,-1,2,+,1370,2440,357,spanning_target_gene,TRUE,TRUE,1323,1460,TRUE,TRUE,High (Expressible)
137188,pAAV FLEX Synaptophysin GFP,3,3,-,1410,2528,373,spanning_target_gene,TRUE,TRUE,1363,1372,TRUE,TRUE,High (Expressible)
137063,pGL2316,-1,1,-,758,1828,357,spanning_target_gene,TRUE,TRUE,2497,5047,TRUE,TRUE,High (Expressible)
137055,pGL2315,-1,1,-,758,1678,307,spanning_target_gene,TRUE,TRUE,2497,5047,TRUE,TRUE,High (Expressible)
13720,pcDNA3-EGFP-Rac1(Q61L),3,2,+,4427,5323,299,spanning_target_gene,TRUE,TRUE,804,603,TRUE,TRUE,High (Expressible)
136936,AAVS1-Puro Xlone-eGFP,-1,1,-,4179,5033,285,spanning_target_gene,TRUE,TRUE,349,117,TRUE,TRUE,High (Expressible)
13721,pcDNA3-EGFP-Rac1(T17N),3,2,-,1591,2487,299,spanning_target_gene,TRUE,TRUE,559,2967,TRUE,TRUE,High (Expressible)
137708,pEGFP-N1-GRASP55,-2,2,-,1265,2137,291,partial_target_gene,TRUE,TRUE,696,798,TRUE,TRUE,High (Expressible)
137734,pEGFP-C1-SopF,-1,2,-,564,1367,268,spanning_target_gene,TRUE,TRUE,29,1233,TRUE,TRUE,High (Expressible)
137709,pEGFP-N2-GRASP65,-2,1,-,1699,2058,120,partial_target_gene,TRUE,TRUE,1130,798,TRUE,TRUE,High (Expressible)
13776,pCAG-Cre:GFP,-1,2,-,2653,3642,330,spanning_target_gene,TRUE,TRUE,1991,13,TRUE,TRUE,High (Expressible)
137813,pPGK-T7/2-CD44v3 (-cyt),3,2,+,2153,3019,289,spanning_target_gene,TRUE,TRUE,950,5311,TRUE,TRUE,High (Expressible)
137815,pPGK-T7/2-CD44s (-cyt),3,1,+,2020,2886,289,spanning_target_gene,TRUE,TRUE,824,5185,TRUE,TRUE,High (Expressible)
137817,pPGK-T7/2-CD44v6 (-cyt),3,1,+,2149,3015,289,spanning_target_gene,TRUE,TRUE,953,5314,TRUE,TRUE,High (Expressible)
137819,pPGK-T7/2-CD44v9 (-cyt),3,1,+,2110,2976,289,spanning_target_gene,TRUE,TRUE,914,5275,TRUE,TRUE,High (Expressible)
137822,pPGK-T7/2-CD44v8-10 (-cyt),3,1,+,2416,3282,289,spanning_target_gene,TRUE,TRUE,1220,5581,TRUE,TRUE,High (Expressible)
137821,pPGK-T7/2-CD44v6-10 (-cyt),3,1,+,2677,3543,289,spanning_target_gene,TRUE,TRUE,1481,5842,TRUE,TRUE,High (Expressible)
137929,pAAV-EFS-CjCas9-eGFP-HIF1a,-1,3,-,3746,4516,257,spanning_target_gene,TRUE,TRUE,3063,62,TRUE,TRUE,High (Expressible)
137825,pPGK-T7/2-CD44v2-10 (-cyt),3,1,+,3034,3900,289,spanning_target_gene,TRUE,TRUE,1838,6199,TRUE,TRUE,High (Expressible)
137880,pT076,-2,2,-,15679,16098,140,partial_target_gene,TRUE,TRUE,5611,718,TRUE,TRUE,High (Expressible)
138363,pME-nEGFP,3,2,+,632,1435,268,spanning_target_gene,TRUE,TRUE,2367,2169,TRUE,TRUE,High (Expressible)
138363,pME-nEGFP,-2,3,-,398,724,109,partial_target_gene,TRUE,TRUE,2133,2880,TRUE,TRUE,High (Expressible)
138584,pLVX ALIX-GFP S718/721/E,2,3,+,4746,5243,166,partial_target_gene,TRUE,TRUE,2225,2656,TRUE,TRUE,High (Expressible)
138584,pLVX ALIX-GFP S718/721/E,-1,3,-,5099,6076,326,spanning_target_gene,TRUE,TRUE,2578,1823,TRUE,TRUE,High (Expressible)
138152,pLentiEGFPdestablized - EFS-EGFPd2PEST-2A-MCS-Hygro,-1,1,-,4477,5277,267,spanning_target_gene,TRUE,TRUE,895,886,TRUE,TRUE,High (Expressible)
138583,pLVX ALIX-GFP S718/721A,2,3,+,4746,5243,166,partial_target_gene,TRUE,TRUE,2225,2657,TRUE,TRUE,High (Expressible)
138334,pRP.ExTri-CMV-5'UTR-ApoB48-Linker-eGFP,-1,1,-,6958,7872,305,spanning_target_gene,TRUE,TRUE,6753,2738,TRUE,TRUE,High (Expressible)
138582,pLVX ALIX-GFP WT,2,3,+,4746,5243,166,partial_target_gene,TRUE,TRUE,2225,2657,TRUE,TRUE,High (Expressible)
139871,TetOn-CLIMP63-mCherry-eGFP,-1,3,-,5928,8060,711,spanning_target_gene,TRUE,TRUE,1762,2273,TRUE,TRUE,High (Expressible)
139648,pLL3.7-K122-TEAD-p-H2B-mCherry,-1,1,-,1159,2019,287,spanning_target_gene,TRUE,TRUE,586,7408,TRUE,TRUE,High (Expressible)
139649,pLL3.7-K122-FH-TAZ-TEAD-p-H2B-mCherry,-1,3,-,2397,3257,287,spanning_target_gene,TRUE,TRUE,1824,7408,TRUE,TRUE,High (Expressible)
139870,TetOn-REEP5-mCherry-eGFP,-1,3,-,4914,7007,698,spanning_target_gene,TRUE,TRUE,562,2273,TRUE,TRUE,High (Expressible)
140027,XLone-Puro eGFP,-1,3,+,5268,6122,285,spanning_target_gene,TRUE,TRUE,1062,2049,TRUE,TRUE,High (Expressible)
139998,pCAG-CBE4max-SpG-P2A-EGFP (RTW4552),-1,1,-,6771,7757,329,spanning_target_gene,TRUE,TRUE,7297,13,TRUE,TRUE,High (Expressible)
140001,pCAG-CBE4max-SpCas9-NG-P2A-EGFP (RTW4554),-1,3,-,6779,7765,329,spanning_target_gene,TRUE,TRUE,6620,13,TRUE,TRUE,High (Expressible)
140025,pLARRY-EGFP,-1,2,+,1982,3202,407,spanning_target_gene,TRUE,TRUE,1573,1708,TRUE,TRUE,High (Expressible)
140032,XLone-eGFP NLS (no drug resistant gene),-1,3,+,5421,6275,285,spanning_target_gene,TRUE,TRUE,1062,2202,TRUE,TRUE,High (Expressible)
140032,XLone-eGFP NLS (no drug resistant gene),-2,2,-,750,1151,134,partial_target_gene,TRUE,TRUE,504,735,TRUE,TRUE,High (Expressible)
139999,pCAG-CBE4max-SpRY-P2A-EGFP (RTW5133),-1,3,-,7269,8255,329,spanning_target_gene,TRUE,TRUE,7298,13,TRUE,TRUE,High (Expressible)
140083,pCAG-BE4max-P2A-EGFP (pRZ33),-1,3,-,7280,8266,329,spanning_target_gene,TRUE,TRUE,6620,13,TRUE,TRUE,High (Expressible)
140000,pCAG-CBE4max-xCas9(3.7)-P2A-EGFP (RTW4637),-1,1,-,6189,7175,329,spanning_target_gene,TRUE,TRUE,6620,13,TRUE,TRUE,High (Expressible)
140532,pAY5 (mAID-EGFP-NLS piggyBac),-2,1,-,2147,2653,169,partial_target_gene,TRUE,TRUE,763,865,TRUE,TRUE,High (Expressible)
140532,pAY5 (mAID-EGFP-NLS piggyBac),-1,3,-,2553,3428,292,spanning_target_gene,TRUE,TRUE,217,90,TRUE,TRUE,High (Expressible)
140533,pAY7 (OsTIR1 mAID-EGFP-NLS TOL2),-1,1,+,2944,3834,297,spanning_target_gene,TRUE,TRUE,332,7098,TRUE,TRUE,High (Expressible)
140533,pAY7 (OsTIR1 mAID-EGFP-NLS TOL2),-2,2,+,3734,4156,141,partial_target_gene,TRUE,TRUE,1122,6776,TRUE,TRUE,High (Expressible)
140730,pAAV-hSyn-OsTIR1(F74G),-2,1,-,2279,2701,141,partial_target_gene,TRUE,TRUE,1651,886,TRUE,TRUE,High (Expressible)
140730,pAAV-hSyn-OsTIR1(F74G),-1,3,-,2601,3497,299,spanning_target_gene,TRUE,TRUE,1973,90,TRUE,TRUE,High (Expressible)
140534,pAY15 (OsTIR1(F74G) mAID-EGFP-NLS),-1,1,+,2944,3834,297,spanning_target_gene,TRUE,TRUE,332,7123,TRUE,TRUE,High (Expressible)
140534,pAY15 (OsTIR1(F74G) mAID-EGFP-NLS),-2,2,+,3734,4156,141,partial_target_gene,TRUE,TRUE,1122,6801,TRUE,TRUE,High (Expressible)
140535,pAY19 (OsTIR1(F74A) mAID-EGFP-NLS),-1,1,+,2944,3834,297,spanning_target_gene,TRUE,TRUE,332,7122,TRUE,TRUE,High (Expressible)
140535,pAY19 (OsTIR1(F74A) mAID-EGFP-NLS),-2,2,+,3734,4156,141,partial_target_gene,TRUE,TRUE,1122,6800,TRUE,TRUE,High (Expressible)
140729,pAAV-hSyn-OsTIR1(WT),-1,2,-,2609,3505,299,spanning_target_gene,TRUE,TRUE,1981,693,TRUE,TRUE,High (Expressible)
140729,pAAV-hSyn-OsTIR1(WT),-2,3,-,2287,2709,141,partial_target_gene,TRUE,TRUE,1659,1489,TRUE,TRUE,High (Expressible)
140608,pAID1.2-EF1a-CGFP-mAID,-2,3,-,2805,3161,119,partial_target_gene,TRUE,TRUE,2831,690,TRUE,TRUE,High (Expressible)
140731,pAAV-hSyn-OsTIR1(F74A),-2,1,-,2279,2701,141,partial_target_gene,TRUE,TRUE,1651,886,TRUE,TRUE,High (Expressible)
140731,pAAV-hSyn-OsTIR1(F74A),-1,3,-,2601,3497,299,spanning_target_gene,TRUE,TRUE,1973,90,TRUE,TRUE,High (Expressible)
140606,pAID1.2-CMV-CGFP-mAID,-2,1,-,3050,3406,119,partial_target_gene,TRUE,TRUE,2845,690,TRUE,TRUE,High (Expressible)
140658,pMK427 (OsTIR1(WT) mAID-EGFP-Nluc),-2,1,-,3835,4257,141,partial_target_gene,TRUE,TRUE,3648,1354,TRUE,TRUE,High (Expressible)
140658,pMK427 (OsTIR1(WT) mAID-EGFP-Nluc),-1,3,-,4157,5521,455,spanning_target_gene,TRUE,TRUE,3970,90,TRUE,TRUE,High (Expressible)
140659,pMK411 (OsTIR1(F74G) mAID-EGFP-Nluc),-1,2,-,4183,5547,455,spanning_target_gene,TRUE,TRUE,3996,90,TRUE,TRUE,High (Expressible)
140659,pMK411 (OsTIR1(F74G) mAID-EGFP-Nluc),-2,3,-,3861,4283,141,partial_target_gene,TRUE,TRUE,3674,1354,TRUE,TRUE,High (Expressible)
140833,pPB-TRE-ECC-Biosensor,-2,2,+,2258,3088,277,partial_target_gene,TRUE,TRUE,1323,65,TRUE,TRUE,High (Expressible)
140879,EGFP-Rab13 in pCSDEST2,-2,3,-,1738,2046,103,partial_target_gene,TRUE,TRUE,735,445,TRUE,TRUE,High (Expressible)
140883,EGFP-Rab40b in pCSDEST2,-1,3,-,1072,1899,276,spanning_target_gene,TRUE,TRUE,7,915,TRUE,TRUE,High (Expressible)
140832,pPB-CAG-ECC-Biosensor,-2,1,+,3616,4446,277,partial_target_gene,TRUE,TRUE,4866,65,TRUE,TRUE,High (Expressible)
140887,EGFP-Rab38a,-1,3,-,1063,2025,321,spanning_target_gene,TRUE,TRUE,7,669,TRUE,TRUE,High (Expressible)
141024,pENTR2-L3-SfoI-IRES-EGFP-PBL-R1,-1,3,-,2045,2824,260,spanning_target_gene,TRUE,TRUE,1803,379,TRUE,TRUE,High (Expressible)
141091,pHLuc Control,-1,2,-,7634,8719,362,spanning_target_gene,TRUE,TRUE,3115,277,TRUE,TRUE,High (Expressible)
145811,pAID5.2-C,-1,2,+,2945,3748,268,spanning_target_gene,TRUE,TRUE,332,7161,TRUE,TRUE,High (Expressible)
145811,pAID5.2-C,-2,3,+,3648,3959,104,partial_target_gene,TRUE,TRUE,1035,6950,TRUE,TRUE,High (Expressible)
141191,pcDNA4/TO/GFP-ZNF598,-1,2,-,963,2231,423,spanning_target_gene,TRUE,TRUE,144,2242,TRUE,TRUE,High (Expressible)
14106,pAdEasy Flag GCN5,-1,1,-,6342,7121,260,spanning_target_gene,TRUE,TRUE,29,90,TRUE,TRUE,High (Expressible)
145874,pAc5.1B-EGFP-DmXRN1_A,-1,1,-,2419,3423,335,spanning_target_gene,TRUE,TRUE,2567,4867,TRUE,TRUE,High (Expressible)
145810,pAID5.2-N,-1,1,+,2944,3807,288,spanning_target_gene,TRUE,TRUE,332,7097,TRUE,TRUE,High (Expressible)
145810,pAID5.2-N,-2,2,+,3707,4129,141,partial_target_gene,TRUE,TRUE,1095,6775,TRUE,TRUE,High (Expressible)
141192,pcDNA4/TO/GFPZNF598-9P-9A,-1,2,-,963,2231,423,spanning_target_gene,TRUE,TRUE,144,2242,TRUE,TRUE,High (Expressible)
145815,pAID5.4-C,-2,1,+,4099,4410,104,partial_target_gene,TRUE,TRUE,1039,6950,TRUE,TRUE,High (Expressible)
145815,pAID5.4-C,-1,3,+,3396,4199,268,spanning_target_gene,TRUE,TRUE,336,7161,TRUE,TRUE,High (Expressible)
145814,pAID5.4-N,-2,1,+,4159,4581,141,partial_target_gene,TRUE,TRUE,1099,6776,TRUE,TRUE,High (Expressible)
145814,pAID5.4-N,-1,3,+,3396,4259,288,spanning_target_gene,TRUE,TRUE,336,7098,TRUE,TRUE,High (Expressible)
14324,pAG426GPD-EGFP-ccdB,-1,1,-,4210,5043,278,spanning_target_gene,TRUE,TRUE,606,1713,TRUE,TRUE,High (Expressible)
145892,pAc5.1B-EGFP-DmGe1-V5His6_A,-2,3,-,3180,3554,125,partial_target_gene,TRUE,TRUE,669,3961,TRUE,TRUE,High (Expressible)
145920,pAc5.1B-EGFP-DmFMR1_B,-1,3,-,2474,3880,469,spanning_target_gene,TRUE,TRUE,2567,1645,TRUE,TRUE,High (Expressible)
145924,pAc5.1B-EGFP-DmPenguin_B,-1,3,-,2513,3415,301,spanning_target_gene,TRUE,TRUE,2567,2317,TRUE,TRUE,High (Expressible)
145926,pAc5.1B-EGFP-DmSquash_B,-1,3,-,2419,3441,341,spanning_target_gene,TRUE,TRUE,2567,716,TRUE,TRUE,High (Expressible)
146143,pT7-EGFP-C1-tubgenomic_D,-1,2,-,598,1398,267,spanning_target_gene,TRUE,TRUE,18,3538,TRUE,TRUE,High (Expressible)
146041,pAc5.1B-EGFP-DmCup_C,-1,2,-,2474,3457,328,spanning_target_gene,TRUE,TRUE,2567,3443,TRUE,TRUE,High (Expressible)
146166,pAc5.1B-EGFP-DmUPF2-siRNAres-V5His6_E,-2,3,-,2805,3758,318,partial_target_gene,TRUE,TRUE,669,3028,TRUE,TRUE,High (Expressible)
146318,pT7-EGFP-C1-MBP_F,-1,2,-,590,1462,291,spanning_target_gene,TRUE,TRUE,18,1104,TRUE,TRUE,High (Expressible)
146144,pT7-EGFP-C1-tubgenomic-PTC33_D,-1,2,-,598,1398,267,spanning_target_gene,TRUE,TRUE,18,3538,TRUE,TRUE,High (Expressible)
146349,pAc5.1B-EGFP-DmG3BP_G,-1,1,-,2415,3374,320,spanning_target_gene,TRUE,TRUE,2563,2142,TRUE,TRUE,High (Expressible)
146740,pT7-EGFP-C1-HsNXF-1_K,-1,2,-,650,1705,352,spanning_target_gene,TRUE,TRUE,18,1710,TRUE,TRUE,High (Expressible)
146681,pT7-EGFP-C1-HsPatL1_70-770_J,-1,2,-,650,1441,264,spanning_target_gene,TRUE,TRUE,18,2184,TRUE,TRUE,High (Expressible)
146825,pAc5.1B-EGFP-DmGW182_1200-1384_L,-2,2,-,3180,3632,151,partial_target_gene,TRUE,TRUE,669,377,TRUE,TRUE,High (Expressible)
146788,pT7-EGFP-C1-HsXRN1_1174-1706_K,-1,2,-,650,1504,285,spanning_target_gene,TRUE,TRUE,18,1656,TRUE,TRUE,High (Expressible)
146775,pT7-EGFP-C1-HsNot10_K,-1,2,-,590,1381,264,spanning_target_gene,TRUE,TRUE,18,2322,TRUE,TRUE,High (Expressible)
146761,pT7-EGFP-C1-HsC2orf68-EBMmut_K,-1,1,-,650,1717,356,spanning_target_gene,TRUE,TRUE,18,346,TRUE,TRUE,High (Expressible)
147091,pT7-EGFP-C1-HseIF4G_O,-1,2,-,684,1694,337,spanning_target_gene,TRUE,TRUE,18,4730,TRUE,TRUE,High (Expressible)
146890,pT7-EGFP-C1-HsNot7-D40AE42A_L,-1,3,-,650,1420,257,spanning_target_gene,TRUE,TRUE,18,989,TRUE,TRUE,High (Expressible)
147103,pAc5.1B-EGFP-DmCup-Y342AL347A_O,-1,2,-,2474,3457,328,spanning_target_gene,TRUE,TRUE,2567,3443,TRUE,TRUE,High (Expressible)
146855,pAc5.1B-EGFP-HsTNRC6C_L,-1,1,-,2419,3597,393,spanning_target_gene,TRUE,TRUE,2567,4900,TRUE,TRUE,High (Expressible)
14715,Lentiviral-TOP-dGFP-reporter,-1,1,-,3134,3928,265,spanning_target_gene,TRUE,TRUE,1654,812,TRUE,TRUE,High (Expressible)
147235,pAc5.1B-EGFP-CeAIN2-W366AW390A_P,-1,3,-,2474,3469,332,spanning_target_gene,TRUE,TRUE,2567,2158,TRUE,TRUE,High (Expressible)
147331,pT7-lambdaN-EGFP-C1_Q,3,1,+,655,1482,276,spanning_target_gene,TRUE,TRUE,83,112,TRUE,TRUE,High (Expressible)
147331,pT7-lambdaN-EGFP-C1_Q,-1,2,-,590,1504,305,spanning_target_gene,TRUE,TRUE,18,90,TRUE,TRUE,High (Expressible)
147501,pT7-EGFP-C1-HsNot2-F502A_S,-1,3,-,650,1429,260,spanning_target_gene,TRUE,TRUE,18,1742,TRUE,TRUE,High (Expressible)
147540,pT7-EGFP-C1-HsNot1iso1_1386-1535_S,-1,3,-,650,1465,272,spanning_target_gene,TRUE,TRUE,18,530,TRUE,TRUE,High (Expressible)
14747,GFP-ERK1,-1,2,-,598,1773,392,spanning_target_gene,TRUE,TRUE,29,824,TRUE,TRUE,High (Expressible)
14760,pCAG-GFPd2,3,2,+,1628,2479,284,spanning_target_gene,TRUE,TRUE,1653,271,TRUE,TRUE,High (Expressible)
14760,pCAG-GFPd2,-1,2,-,1692,2483,264,spanning_target_gene,TRUE,TRUE,1717,267,TRUE,TRUE,High (Expressible)
147650,pT7-EGFP-C1-HsDCP2-E148Q_U,-1,2,-,590,1465,292,spanning_target_gene,TRUE,TRUE,18,1263,TRUE,TRUE,High (Expressible)
147808,pT7-EGFP-C1-HsDCP2_1-395_V,-1,2,-,590,1465,292,spanning_target_gene,TRUE,TRUE,18,1179,TRUE,TRUE,High (Expressible)
147813,pT7-EGFP-C1-HsDCP2-F404AF407AF409A_V,-1,2,-,590,1465,292,spanning_target_gene,TRUE,TRUE,18,1263,TRUE,TRUE,High (Expressible)
148046,pAc5.1B-EGFP-DmPAN2-K1124EY1127EK1131E-dsRNAres_Y,-1,2,-,2419,3939,507,spanning_target_gene,TRUE,TRUE,2567,3210,TRUE,TRUE,High (Expressible)
148309,pT7-EGFP-C1-HsYTHDF1_365-559_AB,-1,3,-,650,1645,332,spanning_target_gene,TRUE,TRUE,18,485,TRUE,TRUE,High (Expressible)
148136,pT7-EGFP-C1-HseIF4E-F47AI79A_Z,-1,2,-,650,1531,294,spanning_target_gene,TRUE,TRUE,18,675,TRUE,TRUE,High (Expressible)
148384,pAc5.1B-EGFP-DmYTHDFa_546-700_AC,-1,1,-,2419,3282,288,spanning_target_gene,TRUE,TRUE,2567,625,TRUE,TRUE,High (Expressible)
148201,pAc5.1B-EGFP-DmeIF4A-dsRNAres_AA,-1,1,-,2441,3673,411,spanning_target_gene,TRUE,TRUE,2567,999,TRUE,TRUE,High (Expressible)
148804,pT7-EGFP-HsHelz_1051-1942_AG,-1,2,-,650,1504,285,spanning_target_gene,TRUE,TRUE,18,2730,TRUE,TRUE,High (Expressible)
148687,pT7-EGFP-C1-Hs4E-T_AF,-1,1,-,590,1480,297,spanning_target_gene,TRUE,TRUE,18,2965,TRUE,TRUE,High (Expressible)
148312,pT7-EGFP-C1-HsYTHDF2_386-579_AB,-1,3,-,590,1498,303,spanning_target_gene,TRUE,TRUE,18,569,TRUE,TRUE,High (Expressible)
148310,pT7-EGFP-C1-HsYTHDF2_AB,-1,3,-,650,1474,275,spanning_target_gene,TRUE,TRUE,18,1808,TRUE,TRUE,High (Expressible)
148311,pT7-EGFP-C1-HsYTHDF2_1-385_AB,-1,3,-,590,1414,275,spanning_target_gene,TRUE,TRUE,18,1226,TRUE,TRUE,High (Expressible)
14885,Lentiviral-FOP-dGFP-reporter,-1,3,+,4008,4802,265,spanning_target_gene,TRUE,TRUE,865,4875,TRUE,TRUE,High (Expressible)
148883,pAc5.1B-EGFP-DmHelz_1213-2103_AH,-1,1,-,2419,3327,303,spanning_target_gene,TRUE,TRUE,2567,2767,TRUE,TRUE,High (Expressible)
148903,pT7-EGFP-C1-HsXRN1_1174-1649_AH,-1,2,-,590,1444,285,spanning_target_gene,TRUE,TRUE,18,1485,TRUE,TRUE,High (Expressible)
15233,Paxillin-pEGFP,3,2,+,1985,3013,343,spanning_target_gene,TRUE,TRUE,1461,105,TRUE,TRUE,High (Expressible)
153203,pAAV-phSyn-flex-SypEGFP,3,3,-,555,1667,371,spanning_target_gene,TRUE,TRUE,106,1304,TRUE,TRUE,High (Expressible)
153164,pAM-AAV-mSncg-1.03kb-EGFP,-2,1,-,1071,1433,121,partial_target_gene,TRUE,TRUE,1035,1354,TRUE,TRUE,High (Expressible)
153163,pAM-AAV-mSncg-EGFP,-2,3,-,1562,1924,121,partial_target_gene,TRUE,TRUE,1460,1354,TRUE,TRUE,High (Expressible)
153010,pCDNA3 CMV sTurboID (C)-Arrestin-GFP,-1,1,-,2922,3671,250,spanning_target_gene,TRUE,TRUE,2040,62,TRUE,TRUE,High (Expressible)
153165,pAM-AAV-mSncg-0.66kb-EGFP,-2,3,-,874,1236,121,partial_target_gene,TRUE,TRUE,672,1354,TRUE,TRUE,High (Expressible)
153966,pEGFP-IREShygro2,-1,1,-,941,1756,272,spanning_target_gene,TRUE,TRUE,59,2317,TRUE,TRUE,High (Expressible)
153198,pAM-AAV-hSncg-EGFP,2,3,+,1518,1883,122,partial_target_gene,TRUE,TRUE,1324,1391,TRUE,TRUE,High (Expressible)
153185,pAM-AAV-mSncg-0.27kb-EGFP,-2,3,-,441,800,120,partial_target_gene,TRUE,TRUE,283,1354,TRUE,TRUE,High (Expressible)
153197,pAM-AAV-mCamk2a-EGFP,3,2,+,1442,2338,299,spanning_target_gene,TRUE,TRUE,1478,655,TRUE,TRUE,High (Expressible)
153205,pAM-AAV-hSyn1-EGFP,2,1,+,511,879,123,partial_target_gene,TRUE,TRUE,529,1391,TRUE,TRUE,High (Expressible)
154088,pINDUCER-21-LCOR-P2A-HOXA9-T2A-HOXA5-IMPROVED,3,1,+,8452,9543,364,spanning_target_gene,TRUE,TRUE,1270,839,TRUE,TRUE,High (Expressible)
154004,PB-CAG-CasRX-P2A-EGFP-BGH PolyA,-2,3,-,5001,5387,129,partial_target_gene,TRUE,TRUE,3757,733,TRUE,TRUE,High (Expressible)
154195,CaTCH BC1,-2,1,-,2853,3176,108,partial_target_gene,TRUE,TRUE,2567,1251,TRUE,TRUE,High (Expressible)
154066,EC71167,-1,2,-,3333,4082,250,spanning_target_gene,TRUE,TRUE,1166,7762,TRUE,TRUE,High (Expressible)
154089,pINDUCER-21-RUNX1-P2A-ERG-IMPROVED,3,2,+,8456,9547,364,spanning_target_gene,TRUE,TRUE,1376,839,TRUE,TRUE,High (Expressible)
154067,EC71174,-1,1,-,3329,4078,250,spanning_target_gene,TRUE,TRUE,1166,2409,TRUE,TRUE,High (Expressible)
154469,MSCV-Stop-EGFP (MSE),-2,3,-,1543,2412,290,partial_target_gene,TRUE,TRUE,1025,2104,TRUE,TRUE,High (Expressible)
154265,pRetroX-TRE3G_FLAG-CRTC1/MAML2_PGK-GpNLuc,-1,1,-,5647,6711,355,spanning_target_gene,TRUE,TRUE,3621,366,TRUE,TRUE,High (Expressible)
155115,pME-QUAS5x:GFPNLS-SV40pA,-1,3,-,759,1667,303,spanning_target_gene,TRUE,TRUE,2497,140,TRUE,TRUE,High (Expressible)
155116,pME-QUASM1:GFPNLS-SV40pA,-1,3,-,285,1193,303,spanning_target_gene,TRUE,TRUE,2497,140,TRUE,TRUE,High (Expressible)
155123,pTol2CG2-QUASM1:GFPNLS-SV40pA,-1,3,-,1459,2367,303,spanning_target_gene,TRUE,TRUE,1477,140,TRUE,TRUE,High (Expressible)
156417,JDW 249 (pTol2-Dll4-F2-ETS#2-WT-8X-E1b-EGFP),3,3,+,2565,3470,302,spanning_target_gene,TRUE,TRUE,3183,12,TRUE,TRUE,High (Expressible)
156403,JDW 742 (pDONR221-EGFP-KRAS4B-G12V),3,3,+,333,1130,266,spanning_target_gene,TRUE,TRUE,2367,2703,TRUE,TRUE,High (Expressible)
156435,pEN716 - pCAGGS-eGFP-3Xnls-bpA,3,2,+,1640,2704,355,spanning_target_gene,TRUE,TRUE,1665,27,TRUE,TRUE,High (Expressible)
155308,pcDNA-GFP-AMA1-Flag(K546M/I547P/I548Y/I549Y),-1,1,-,896,3304,803,spanning_target_gene,TRUE,TRUE,14,109,TRUE,TRUE,High (Expressible)
157735,pcDNA5-FRT-TO-eGFP-HF,-1,3,-,963,1754,264,spanning_target_gene,TRUE,TRUE,144,85,TRUE,TRUE,High (Expressible)
157754,pEGFP N1 mitoAURKA,-2,3,-,1506,1814,103,partial_target_gene,TRUE,TRUE,997,798,TRUE,TRUE,High (Expressible)
157746,CaTCH_empty-backbone,-2,3,-,1293,1616,108,partial_target_gene,TRUE,TRUE,2526,1251,TRUE,TRUE,High (Expressible)
158221,pLenti-PalmGRET,-2,1,-,2919,3278,120,partial_target_gene,TRUE,TRUE,1918,3124,TRUE,TRUE,High (Expressible)
158221,pLenti-PalmGRET,-1,3,-,3142,4230,363,spanning_target_gene,TRUE,TRUE,101,2172,TRUE,TRUE,High (Expressible)
158123,pHR SFFV GLP1R(S301A)-EGFP,3,2,+,9731,10552,274,spanning_target_gene,TRUE,TRUE,1457,741,TRUE,TRUE,High (Expressible)
158091,pRT043-CLYBL-DDdcas9-VPH,-1,3,-,8395,9297,301,spanning_target_gene,TRUE,TRUE,7432,13,TRUE,TRUE,High (Expressible)
158749,EGFP-UTRN-mini,3,3,-,819,1793,325,spanning_target_gene,TRUE,TRUE,2465,3056,TRUE,TRUE,High (Expressible)
158222,pLenti-GRET,-2,1,-,2919,3218,100,partial_target_gene,TRUE,TRUE,1918,3124,TRUE,TRUE,High (Expressible)
158222,pLenti-GRET,-1,3,-,3142,4170,343,spanning_target_gene,TRUE,TRUE,101,2172,TRUE,TRUE,High (Expressible)
158750,LifeAct-14 (LA-14),-1,2,-,83,1084,334,spanning_target_gene,TRUE,TRUE,1788,1829,TRUE,TRUE,High (Expressible)
158432,pMH-02,3,3,+,1230,2183,318,spanning_target_gene,TRUE,TRUE,936,933,TRUE,TRUE,High (Expressible)
158432,pMH-02,-1,1,-,1024,2019,332,spanning_target_gene,TRUE,TRUE,730,1097,TRUE,TRUE,High (Expressible)
159088,pDest-1.7kbfabp6-eGFP-pA-CrymCherry,-2,3,-,3859,4164,102,partial_target_gene,TRUE,TRUE,5127,105,TRUE,TRUE,High (Expressible)
159097,p35S::SP-mCherry-GFP-HDEL,3,2,+,2837,3682,282,spanning_target_gene,TRUE,TRUE,2925,1068,TRUE,TRUE,High (Expressible)
159097,p35S::SP-mCherry-GFP-HDEL,-1,2,-,12874,14352,493,spanning_target_gene,TRUE,TRUE,154,1685,TRUE,TRUE,High (Expressible)
159097,p35S::SP-mCherry-GFP-HDEL,-1,3,-,1350,2828,493,spanning_target_gene,TRUE,TRUE,1438,829,TRUE,TRUE,High (Expressible)
15925,pMSCVgfp::AID,-1,3,-,2544,3350,269,spanning_target_gene,TRUE,TRUE,1961,44,TRUE,TRUE,High (Expressible)
159436,pcDNA3-P1-N-EGFP-C,-1,1,-,680,1744,355,spanning_target_gene,TRUE,TRUE,32,1876,TRUE,TRUE,High (Expressible)
159754,AAVS1-Blasticidin XLone-eGFP,-1,1,+,10486,526,285,spanning_target_gene,TRUE,TRUE,1967,1974,TRUE,TRUE,High (Expressible)
160458,pHX_HDR_hPAX7_IRES-EGFP-PGK-Neo,-1,2,-,1165,2166,334,spanning_target_gene,TRUE,TRUE,1215,1246,TRUE,TRUE,High (Expressible)
160509,plko-shmfn2-mito-GFP-ER tethering,-2,2,-,7325,7693,123,partial_target_gene,TRUE,TRUE,514,948,TRUE,TRUE,High (Expressible)
16073,pEGFP-C1 beta-catenin Y654E,-1,3,+,7068,518,271,spanning_target_gene,TRUE,TRUE,3349,1628,TRUE,TRUE,High (Expressible)
16071,pEGFP-C1 beta-catenin WT,-1,1,+,5722,6534,271,spanning_target_gene,TRUE,TRUE,3349,1628,TRUE,TRUE,High (Expressible)
160928,pBS31-cCARLIN,3,3,+,8337,9344,336,spanning_target_gene,TRUE,TRUE,828,211,TRUE,TRUE,High (Expressible)
160928,pBS31-cCARLIN,-2,3,-,8205,8564,120,partial_target_gene,TRUE,TRUE,696,991,TRUE,TRUE,High (Expressible)
16072,pEGFP-C1 beta-catenin Y654F,-1,2,+,3698,4510,271,spanning_target_gene,TRUE,TRUE,3349,1628,TRUE,TRUE,High (Expressible)
160977,pEGFP-N1 hMOG-alpha3-EGFP,-2,3,+,1764,2087,108,partial_target_gene,TRUE,TRUE,1408,2092,TRUE,TRUE,High (Expressible)
160980,pEGFP-N1 hMOG-beta3-EGFP,-2,3,-,1062,1400,113,partial_target_gene,TRUE,TRUE,493,798,TRUE,TRUE,High (Expressible)
161795,pCMV-monSTIM1,-1,1,-,2594,3661,356,spanning_target_gene,TRUE,TRUE,2585,2904,TRUE,TRUE,High (Expressible)
161797,pLenti-gfaABC1D-monSTIM1,-1,1,-,6533,7546,338,spanning_target_gene,TRUE,TRUE,2177,4136,TRUE,TRUE,High (Expressible)
161796,pLenti-CamKIIa-monSTIM1,-1,1,-,3702,4817,372,spanning_target_gene,TRUE,TRUE,2686,4136,TRUE,TRUE,High (Expressible)
162080,pEpicVector3G_Puro-T2A-EGFP-VSVg-StrepTagII-HA,3,3,+,1839,2750,304,spanning_target_gene,TRUE,TRUE,659,674,TRUE,TRUE,High (Expressible)
162082,pEpicVector3G_Puro-T2A-EGFP-VSVg-StrepTagII-AU1,3,3,+,1839,2741,301,spanning_target_gene,TRUE,TRUE,659,674,TRUE,TRUE,High (Expressible)
162032,pLEX303-GFP,-1,2,-,593,1423,277,spanning_target_gene,TRUE,TRUE,29,776,TRUE,TRUE,High (Expressible)
162083,pEpicVector3G_Puro-T2A-EGFP-VSVg-ProtC-HA,3,3,+,1839,2663,275,spanning_target_gene,TRUE,TRUE,659,770,TRUE,TRUE,High (Expressible)
162081,pEpicVector3G_Puro-T2A-EGFP-VSVg-StrepTagII-FLAG,3,3,+,1839,2693,285,spanning_target_gene,TRUE,TRUE,659,728,TRUE,TRUE,High (Expressible)
162079,pEpicVector3G_Puro-T2A-EGFP-VSVg-StrepTagII-ProtC,3,3,+,1839,2690,284,spanning_target_gene,TRUE,TRUE,659,743,TRUE,TRUE,High (Expressible)
162033,pLEX304-GFP,-1,3,-,2428,3258,277,spanning_target_gene,TRUE,TRUE,29,776,TRUE,TRUE,High (Expressible)
162086,pEpicVector3G_Puro-T2A-EGFP-VSVg-HA-FLAG,3,3,+,1839,2693,285,spanning_target_gene,TRUE,TRUE,659,728,TRUE,TRUE,High (Expressible)
162085,pEpicVector3G_Puro-T2A-EGFP-VSVg-ProtC-AU1,3,3,+,1839,2663,275,spanning_target_gene,TRUE,TRUE,659,761,TRUE,TRUE,High (Expressible)
162084,pEpicVector3G_Puro-T2A-EGFP-VSVg-ProtC-FLAG,3,3,+,1839,2663,275,spanning_target_gene,TRUE,TRUE,659,767,TRUE,TRUE,High (Expressible)
162088,pEpicVector3G_Puro-T2A-EGFP-VSVg-FLAG-AU1,3,3,+,1839,2666,276,spanning_target_gene,TRUE,TRUE,659,746,TRUE,TRUE,High (Expressible)
162089,pEpicVector3G_Puro-T2A-EGFP-StrepTagII-ProtC-HA,3,3,+,1839,2657,273,spanning_target_gene,TRUE,TRUE,659,770,TRUE,TRUE,High (Expressible)
162096,pEpicVector3G_Puro-T2A-EGFP-ProtC-HA-AU1,3,3,+,1839,2630,264,spanning_target_gene,TRUE,TRUE,659,788,TRUE,TRUE,High (Expressible)
162087,pEpicVector3G_Puro-T2A-EGFP-VSVg-HA-AU1,3,3,+,1839,2741,301,spanning_target_gene,TRUE,TRUE,659,674,TRUE,TRUE,High (Expressible)
162091,pEpicVector3G_Puro-T2A-EGFP-StrepTagII-ProtC-AU1,3,3,+,1839,2657,273,spanning_target_gene,TRUE,TRUE,659,761,TRUE,TRUE,High (Expressible)
162097,pEpicVector3G_Puro-T2A-EGFP-ProtC-FLAG-AU1,3,3,+,1839,2630,264,spanning_target_gene,TRUE,TRUE,659,785,TRUE,TRUE,High (Expressible)
162092,pEpicVector3G_Puro-T2A-EGFP-StrepTagII-HA-FLAG,3,3,+,1839,2687,283,spanning_target_gene,TRUE,TRUE,659,728,TRUE,TRUE,High (Expressible)
162095,pEpicVector3G_Puro-T2A-EGFP-ProtC-HA-FLAG,3,3,+,1839,2630,264,spanning_target_gene,TRUE,TRUE,659,794,TRUE,TRUE,High (Expressible)
162093,pEpicVector3G_Puro-T2A-EGFP-StrepTagII-HA-AU1,3,3,+,1839,2735,299,spanning_target_gene,TRUE,TRUE,659,674,TRUE,TRUE,High (Expressible)
162098,pEpicVector3G_Puro-T2A-EGFP-HA-FLAG-AU1,3,3,+,1839,2660,274,spanning_target_gene,TRUE,TRUE,659,746,TRUE,TRUE,High (Expressible)
162491,GFP-Tac-STC(5A),-1,2,-,609,1634,342,spanning_target_gene,TRUE,TRUE,40,100,TRUE,TRUE,High (Expressible)
162335,pLV_hU6-sgRNA_hUbC-GFP-P2A-PuroR,-1,1,-,5777,7255,493,spanning_target_gene,TRUE,TRUE,777,1362,TRUE,TRUE,High (Expressible)
162090,pEpicVector3G_Puro-T2A-EGFP-StrepTagII-ProtC-FLAG,3,3,+,1839,2657,273,spanning_target_gene,TRUE,TRUE,659,767,TRUE,TRUE,High (Expressible)
162490,GFP-Tac-STC,-1,2,-,609,1634,342,spanning_target_gene,TRUE,TRUE,40,100,TRUE,TRUE,High (Expressible)
162094,pEpicVector3G_Puro-T2A-EGFP-StrepTagII-FLAG-AU1,3,3,+,1839,2660,274,spanning_target_gene,TRUE,TRUE,659,746,TRUE,TRUE,High (Expressible)
162336,pLV_mU6-sgNGN3_hU6-sgRNA_hUbC-PuroR-P2A-GFP,-1,1,-,6248,7726,493,spanning_target_gene,TRUE,TRUE,1141,1362,TRUE,TRUE,High (Expressible)
162495,Tac(5A)-GFP,-1,2,-,1083,2210,376,spanning_target_gene,TRUE,TRUE,514,100,TRUE,TRUE,High (Expressible)
162492,GFP-Tac-TC,-1,2,-,609,1553,315,spanning_target_gene,TRUE,TRUE,40,100,TRUE,TRUE,High (Expressible)
162494,Tac-GFP,-1,2,-,1083,2210,376,spanning_target_gene,TRUE,TRUE,514,100,TRUE,TRUE,High (Expressible)
162513,AAV-mPGK-eGFP (beta-globin intron),3,2,+,1112,1981,290,spanning_target_gene,TRUE,TRUE,425,43,TRUE,TRUE,High (Expressible)
162513,AAV-mPGK-eGFP (beta-globin intron),-1,2,-,1125,2033,303,spanning_target_gene,TRUE,TRUE,438,5262,TRUE,TRUE,High (Expressible)
162337,pLV_mU6-sgASCL1_hU6-sgRNA_hUbC-PuroR-P2A-GFP,-1,1,-,6248,7726,493,spanning_target_gene,TRUE,TRUE,1141,1362,TRUE,TRUE,High (Expressible)
162893,C122-E11: eGFP,3,1,+,628,1479,284,spanning_target_gene,TRUE,TRUE,3011,2699,TRUE,TRUE,High (Expressible)
162893,C122-E11: eGFP,-2,2,-,394,717,108,partial_target_gene,TRUE,TRUE,2777,3461,TRUE,TRUE,High (Expressible)
16275,pHB9-EGFP (Hb9 promoter) [TJ#96],3,1,+,8677,9513,279,spanning_target_gene,TRUE,TRUE,9380,10,TRUE,TRUE,High (Expressible)
163028,CMV-GFP-CaM-uTEVp,3,3,-,1569,2465,299,spanning_target_gene,TRUE,TRUE,2401,3429,TRUE,TRUE,High (Expressible)
163032,GFP-CaM-uTEVp,3,2,+,206,1417,404,spanning_target_gene,TRUE,TRUE,1886,1843,TRUE,TRUE,High (Expressible)
162880,pEGFP-C1 PA-PLA1 (EGFP-PA-PLA1),-1,1,-,234,1022,263,spanning_target_gene,TRUE,TRUE,29,2737,TRUE,TRUE,High (Expressible)
163036,TRE:GFP,3,1,+,67,1803,579,spanning_target_gene,TRUE,TRUE,1894,4976,TRUE,TRUE,High (Expressible)
163356,pMY-MCS-P2A-eGFP,3,2,+,1976,2863,296,spanning_target_gene,TRUE,TRUE,1360,133,TRUE,TRUE,High (Expressible)
163350,pMY-MCS-GSG-eGFP,3,2,+,1976,2728,251,spanning_target_gene,TRUE,TRUE,1360,206,TRUE,TRUE,High (Expressible)
163609,pCAFNF-EGFP,-1,3,-,2993,3907,305,spanning_target_gene,TRUE,TRUE,3018,13,TRUE,TRUE,High (Expressible)
163523,eGFP-luciferase-C1,-1,1,-,598,1509,304,spanning_target_gene,TRUE,TRUE,29,1644,TRUE,TRUE,High (Expressible)
163770,pRRL-MND-hCard11 delta e3-T2A-GFP,-2,1,-,3062,3424,121,partial_target_gene,TRUE,TRUE,4921,1364,TRUE,TRUE,High (Expressible)
163622,pDEST-eGFP-C1-VPS35,3,1,+,3067,3825,253,spanning_target_gene,TRUE,TRUE,2474,105,TRUE,TRUE,High (Expressible)
163623,pGEX4T3-NL2CT,3,2,+,1691,2671,327,spanning_target_gene,TRUE,TRUE,988,17,TRUE,TRUE,High (Expressible)
163623,pGEX4T3-NL2CT,-1,3,-,1755,2675,307,spanning_target_gene,TRUE,TRUE,1052,13,TRUE,TRUE,High (Expressible)
163774,pRRL-MND-hCard11 R35Q-T2A-GFP,-2,1,+,7096,7458,121,partial_target_gene,TRUE,TRUE,1417,8584,TRUE,TRUE,High (Expressible)
163780,pRRL-MND-hCard11 K69Q-T2A-GFP,-2,1,-,3287,3649,121,partial_target_gene,TRUE,TRUE,5134,1364,TRUE,TRUE,High (Expressible)
163771,pRRL-MND-hCard11 delta e4-T2A-GFP,-2,1,-,4997,5359,121,partial_target_gene,TRUE,TRUE,4996,1364,TRUE,TRUE,High (Expressible)
163776,pRRL-MND-hCard11 R35K-T2A-GFP,-2,1,-,3293,3655,121,partial_target_gene,TRUE,TRUE,5134,1364,TRUE,TRUE,High (Expressible)
163777,pRRL-MND-hCard11 K41Q-T2A-GFP,-2,3,-,3279,3641,121,partial_target_gene,TRUE,TRUE,5134,1364,TRUE,TRUE,High (Expressible)
163785,pRRL-MND-hCard11 R72K-T2A-GFP,-2,1,-,3293,3655,121,partial_target_gene,TRUE,TRUE,5134,1364,TRUE,TRUE,High (Expressible)
163779,pRRL-MND-hCard11 K41R-T2A-GFP,-2,1,-,983,1345,121,partial_target_gene,TRUE,TRUE,5134,1364,TRUE,TRUE,High (Expressible)
163781,pRRL-MND-hCard11 K69L-T2A-GFP,-2,3,-,3291,3653,121,partial_target_gene,TRUE,TRUE,5134,1364,TRUE,TRUE,High (Expressible)
163775,pRRL-MND-hCard11 R35L-T2A-GFP,-2,3,-,5316,5678,121,partial_target_gene,TRUE,TRUE,5134,1364,TRUE,TRUE,High (Expressible)
163772,pRRL-MND-hCard11 delta e3-4-T2A-GFP,-2,3,-,4965,5327,121,partial_target_gene,TRUE,TRUE,4783,1364,TRUE,TRUE,High (Expressible)
163786,pRRL-MND-hCard11 R30W-T2A-GFP,-2,2,-,3292,3654,121,partial_target_gene,TRUE,TRUE,5134,1364,TRUE,TRUE,High (Expressible)
163783,pRRL-MND-hCard11 R72Q-T2A-GFP,-2,2,-,3277,3639,121,partial_target_gene,TRUE,TRUE,5134,1364,TRUE,TRUE,High (Expressible)
163784,pRRL-MND-hCard11 R72L-T2A-GFP,-2,1,-,4238,4600,121,partial_target_gene,TRUE,TRUE,5134,1364,TRUE,TRUE,High (Expressible)
163787,pRRL-MND-hCard11 WT-T2A-GFP,-2,2,-,3280,3642,121,partial_target_gene,TRUE,TRUE,5134,1364,TRUE,TRUE,High (Expressible)
16405,pAdTrack-CMV,-1,3,-,749,1528,260,spanning_target_gene,TRUE,TRUE,29,90,TRUE,TRUE,High (Expressible)
163778,pRRL-MND-hCard11 K41L-T2A-GFP,-2,1,-,3293,3655,121,partial_target_gene,TRUE,TRUE,5134,1364,TRUE,TRUE,High (Expressible)
163782,pRRL-MND-hCard11 K69R-T2A-GFP,-2,3,-,3291,3653,121,partial_target_gene,TRUE,TRUE,5134,1364,TRUE,TRUE,High (Expressible)
164092,pCAG-MCS-EGFP,2,3,+,1488,1838,117,partial_target_gene,TRUE,TRUE,828,864,TRUE,TRUE,High (Expressible)
164092,pCAG-MCS-EGFP,-1,3,-,1712,2689,326,spanning_target_gene,TRUE,TRUE,1052,13,TRUE,TRUE,High (Expressible)
163773,pRRL-MND-hCard11 D58G-T2A-GFP,-2,2,-,3280,3642,121,partial_target_gene,TRUE,TRUE,5134,1364,TRUE,TRUE,High (Expressible)
16404,pAdTrack,-1,2,+,704,1483,260,spanning_target_gene,TRUE,TRUE,7339,7360,TRUE,TRUE,High (Expressible)
164242,pLENTI CMV GFP-TREX1 309* BLAST,-1,1,-,2520,3563,348,spanning_target_gene,TRUE,TRUE,71,2241,TRUE,TRUE,High (Expressible)
164644,3XHalo_GFP_TRF1#1,-1,2,-,4019,7837,1273,spanning_target_gene,TRUE,TRUE,1011,1127,TRUE,TRUE,High (Expressible)
164519,"pB-Halo,IRES-eGFP",-1,1,-,4784,5665,294,spanning_target_gene,TRUE,TRUE,2075,13,TRUE,TRUE,High (Expressible)
164851,p274 EF1a_EGFP_hH11,-1,2,-,4694,5623,310,spanning_target_gene,TRUE,TRUE,895,13,TRUE,TRUE,High (Expressible)
164935,pInducer10b-EGFP-KRAS-WT,-2,2,-,1903,2418,172,partial_target_gene,TRUE,TRUE,31,5320,TRUE,TRUE,High (Expressible)
164925,pInducer10b-EGFP-KRAS G12V,-2,2,-,1903,2418,172,partial_target_gene,TRUE,TRUE,31,5320,TRUE,TRUE,High (Expressible)
165120,EGFP-Nsp15,-1,2,-,234,1289,352,spanning_target_gene,TRUE,TRUE,29,885,TRUE,TRUE,High (Expressible)
165115,Nsp10-EGFP,3,2,+,587,1459,291,spanning_target_gene,TRUE,TRUE,382,105,TRUE,TRUE,High (Expressible)
165037,aav-tnt-wtmrtfa-gfp,-2,1,-,3317,3919,201,partial_target_gene,TRUE,TRUE,2371,814,TRUE,TRUE,High (Expressible)
165119,Nsp14-EGFP,-2,3,-,1935,2234,100,partial_target_gene,TRUE,TRUE,1426,798,TRUE,TRUE,High (Expressible)
165122,EGFP-ORF9b,-1,2,-,234,1334,367,spanning_target_gene,TRUE,TRUE,29,90,TRUE,TRUE,High (Expressible)
165125,Nsp14D-EGFP,-2,1,-,1568,1867,100,partial_target_gene,TRUE,TRUE,1363,798,TRUE,TRUE,High (Expressible)
165129,EGFP-Orf9b L52D,-1,2,-,234,1334,367,spanning_target_gene,TRUE,TRUE,29,90,TRUE,TRUE,High (Expressible)
16529,pAdTrack-PPARdelta,-1,2,-,6279,7058,260,spanning_target_gene,TRUE,TRUE,29,90,TRUE,TRUE,High (Expressible)
16610,pTRE-FDXR wt,-1,1,-,1818,2831,338,spanning_target_gene,TRUE,TRUE,1460,5162,TRUE,TRUE,High (Expressible)
165456,AAVS1-Puro-CAG-fl-STOP-fl-ZEB2-GFP-Flag-WPRE-poly(A),2,1,+,9268,9609,114,partial_target_gene,TRUE,TRUE,5479,1541,TRUE,TRUE,High (Expressible)
166113,pEGFP_P229L-talin1 (1-2541),-2,1,-,7990,8328,113,partial_target_gene,TRUE,TRUE,7421,816,TRUE,TRUE,High (Expressible)
166112,pEGFP_WT-talin1 (1-2541),-2,1,-,7990,8328,113,partial_target_gene,TRUE,TRUE,7421,816,TRUE,TRUE,High (Expressible)
166116,pEGFP_A893E-talin1 (1-2541),-2,1,-,7990,8328,113,partial_target_gene,TRUE,TRUE,7421,816,TRUE,TRUE,High (Expressible)
166114,pEGFP_I392N-talin1 (1-2541),-2,1,-,7990,8328,113,partial_target_gene,TRUE,TRUE,7421,816,TRUE,TRUE,High (Expressible)
166118,pEGFP_Y1389C-talin1 (1-2541),-2,1,-,7990,8328,113,partial_target_gene,TRUE,TRUE,7421,816,TRUE,TRUE,High (Expressible)
166115,pEGFP_V577D-talin1 (1-2541),-2,1,-,7990,8328,113,partial_target_gene,TRUE,TRUE,7421,816,TRUE,TRUE,High (Expressible)
166119,pEGFP_L1539P-talin1 (1-2541),-2,1,-,7990,8328,113,partial_target_gene,TRUE,TRUE,7421,816,TRUE,TRUE,High (Expressible)
166117,pEGFP_R1368W-talin1 (1-2541),-2,1,-,7990,8328,113,partial_target_gene,TRUE,TRUE,7421,816,TRUE,TRUE,High (Expressible)
166120,pEGFP_S1750F-talin1 (1-2541),-2,1,-,7990,8328,113,partial_target_gene,TRUE,TRUE,7421,816,TRUE,TRUE,High (Expressible)
166121,pEGFP_E1770Q-talin1 (1-2541),-2,1,-,7990,8328,113,partial_target_gene,TRUE,TRUE,7421,816,TRUE,TRUE,High (Expressible)
166123,pEGFP_L2509P-talin1 (1-2541),-2,1,-,7990,8328,113,partial_target_gene,TRUE,TRUE,7421,816,TRUE,TRUE,High (Expressible)
166122,pEGFP_D2086V-talin1 (1-2541),-2,1,-,7990,8328,113,partial_target_gene,TRUE,TRUE,7421,816,TRUE,TRUE,High (Expressible)
166950,pLV-EF1a-GFP-SFPQ-IRES-mCherry,-1,1,-,3368,4390,341,spanning_target_gene,TRUE,TRUE,935,3952,TRUE,TRUE,High (Expressible)
166951,pLV-EF1a-GFP-SFPQY527A-IRES-mCherry,-1,2,-,3368,4390,341,spanning_target_gene,TRUE,TRUE,935,3963,TRUE,TRUE,High (Expressible)
167563,pENeCFPCNAL2 pc922,-2,3,+,3060,3428,123,partial_target_gene,TRUE,TRUE,2704,3297,TRUE,TRUE,High (Expressible)
167019,pInducer21-3xFlag-S208C-MEFV,3,2,+,8096,9187,364,spanning_target_gene,TRUE,TRUE,1391,839,TRUE,TRUE,High (Expressible)
167940,pcDNA-LoxP-mKate-LoxP-EGFP,-1,2,-,1582,2367,262,spanning_target_gene,TRUE,TRUE,808,62,TRUE,TRUE,High (Expressible)
168109,pMB204: UbC-GFP-Tg_SAP30L-WPRE,-1,3,-,3892,5082,397,spanning_target_gene,TRUE,TRUE,23,1476,TRUE,TRUE,High (Expressible)
168283,Bin1 delta SH3,-2,2,-,1505,1918,138,partial_target_gene,TRUE,TRUE,936,798,TRUE,TRUE,High (Expressible)
168504,pCAG-SRGAP3-EGFP,-2,1,-,6494,6829,112,partial_target_gene,TRUE,TRUE,4727,832,TRUE,TRUE,High (Expressible)
168501,pCAG-SRGAP2A-EGFP,-2,1,-,4626,5099,158,partial_target_gene,TRUE,TRUE,4597,832,TRUE,TRUE,High (Expressible)
168506,pCAG-SRGAP3FBAR-EGFP,3,2,+,3179,4078,300,spanning_target_gene,TRUE,TRUE,3197,67,TRUE,TRUE,High (Expressible)
168804,PB_iMYOD1_P2A_GFP_Puro,-2,1,-,2341,2721,127,partial_target_gene,TRUE,TRUE,707,756,TRUE,TRUE,High (Expressible)
168997,pcDNA3-GFP-LC3-RFP-LC3ΔG,3,2,-,2646,3557,304,spanning_target_gene,TRUE,TRUE,1514,2967,TRUE,TRUE,High (Expressible)
169297,SIN40C.EFS.eGFP.ARID3A-3'UTR-WT,-2,1,-,2042,2380,113,partial_target_gene,TRUE,TRUE,1465,1544,TRUE,TRUE,High (Expressible)
169298,SIN40C.EFS.eGFP.mArid3a-3'UTR-Mut,-2,3,-,5537,5875,113,partial_target_gene,TRUE,TRUE,1465,1566,TRUE,TRUE,High (Expressible)
169276,SIN40C.EFS.eGFP.pre,-2,1,-,2952,3290,113,partial_target_gene,TRUE,TRUE,1465,1351,TRUE,TRUE,High (Expressible)
169299,SIN40C.EFS.eGFP.mArid3a-3'UTR-WT,-2,1,-,7138,7476,113,partial_target_gene,TRUE,TRUE,1465,1566,TRUE,TRUE,High (Expressible)
169304,SIN40C.SFFV.GFP.miR-99a,-1,2,-,6125,6997,291,spanning_target_gene,TRUE,TRUE,1812,1130,TRUE,TRUE,High (Expressible)
169367,Equalizer-H plasmid,-1,2,-,2288,3148,287,spanning_target_gene,TRUE,TRUE,1474,787,TRUE,TRUE,High (Expressible)
169733,Equalizer-H plasmid with onboard mCherry cassette,-1,2,-,2288,3148,287,spanning_target_gene,TRUE,TRUE,1474,787,TRUE,TRUE,High (Expressible)
169451,pHR-TRE3G-dCas9-EGFP-HaloTag,-1,3,-,2595,8156,1854,spanning_target_gene,TRUE,TRUE,16,1065,TRUE,TRUE,High (Expressible)
169741,CMV+ plasmid with onboard mCherry cassette,3,1,+,1132,2394,421,spanning_target_gene,TRUE,TRUE,771,1658,TRUE,TRUE,High (Expressible)
169732,Equalizer-L plasmid,-1,3,-,2310,3170,287,spanning_target_gene,TRUE,TRUE,1496,787,TRUE,TRUE,High (Expressible)
169740,CMV+ plasmid,3,1,+,1585,2847,421,spanning_target_gene,TRUE,TRUE,771,1658,TRUE,TRUE,High (Expressible)
169738,Equalizer-L episome,-1,1,-,4291,5151,287,spanning_target_gene,TRUE,TRUE,1496,366,TRUE,TRUE,High (Expressible)
169731,Equalizer-M plasmid,-1,2,-,2288,3148,287,spanning_target_gene,TRUE,TRUE,1474,787,TRUE,TRUE,High (Expressible)
169734,Equalizer-M plasmid with onboard mCherry cassette,-1,2,-,2288,3148,287,spanning_target_gene,TRUE,TRUE,1474,787,TRUE,TRUE,High (Expressible)
169735,Equalizer-L plasmid with onboard mCherry cassette,-1,3,-,2310,3170,287,spanning_target_gene,TRUE,TRUE,1496,787,TRUE,TRUE,High (Expressible)
169748,Incoherent feedforward (IFF) plasmid,-1,3,-,1635,2429,265,spanning_target_gene,TRUE,TRUE,821,787,TRUE,TRUE,High (Expressible)
169745,PGK+ plasmid with onboard mCherry cassette,3,3,+,6930,8192,421,spanning_target_gene,TRUE,TRUE,777,1658,TRUE,TRUE,High (Expressible)
169742,CMV+ episome,3,2,+,5075,5872,266,spanning_target_gene,TRUE,TRUE,771,0,TRUE,TRUE,High (Expressible)
169742,CMV+ episome,-1,3,-,5079,6011,311,spanning_target_gene,TRUE,TRUE,775,2486,TRUE,TRUE,High (Expressible)
170041,PGK+ episome,3,1,+,4822,5619,266,spanning_target_gene,TRUE,TRUE,777,0,TRUE,TRUE,High (Expressible)
170041,PGK+ episome,-1,2,-,4826,5758,311,spanning_target_gene,TRUE,TRUE,781,2486,TRUE,TRUE,High (Expressible)
170159,XLone-Cas9-2A-GFP,-1,2,-,4545,5363,273,spanning_target_gene,TRUE,TRUE,4176,117,TRUE,TRUE,High (Expressible)
170164,EF1a-EGFP-KANL,-1,3,-,1332,2153,274,spanning_target_gene,TRUE,TRUE,13,90,TRUE,TRUE,High (Expressible)
170167,EF1a-EGFP (no signal control),-1,1,-,3398,4207,270,spanning_target_gene,TRUE,TRUE,13,90,TRUE,TRUE,High (Expressible)
170210,pGBK CUP1 EGFP,-1,2,-,795,1568,258,spanning_target_gene,TRUE,TRUE,34,67,TRUE,TRUE,High (Expressible)
170323,P-Ef1a-EGFP-T2A-RPL22-1xFlag,-2,3,-,6487,6804,106,partial_target_gene,TRUE,TRUE,676,1587,TRUE,TRUE,High (Expressible)
170323,P-Ef1a-EGFP-T2A-RPL22-1xFlag,-2,3,-,5551,5880,110,partial_target_gene,TRUE,TRUE,1587,2511,TRUE,TRUE,High (Expressible)
170326,P-rTetO-EGFP-T2A-RPL22-3xHA,-2,2,-,1435,1752,106,partial_target_gene,TRUE,TRUE,755,1650,TRUE,TRUE,High (Expressible)
170356,PIP2-GFP(ST) sensor,3,2,+,2540,3472,311,spanning_target_gene,TRUE,TRUE,721,566,TRUE,TRUE,High (Expressible)
170454,pSynapsin_NLS_GFP_P2A_Halo_GluA2,-2,1,-,2613,2969,119,partial_target_gene,TRUE,TRUE,1834,5726,TRUE,TRUE,High (Expressible)
170454,pSynapsin_NLS_GFP_P2A_Halo_GluA2,-1,3,-,2788,3732,315,spanning_target_gene,TRUE,TRUE,2009,4963,TRUE,TRUE,High (Expressible)
170453,pSynapsin_NLS_GFP_P2A_His6_GluA2,-2,1,-,2613,2969,119,partial_target_gene,TRUE,TRUE,1834,4802,TRUE,TRUE,High (Expressible)
170453,pSynapsin_NLS_GFP_P2A_His6_GluA2,-1,3,-,2788,3732,315,spanning_target_gene,TRUE,TRUE,2009,4039,TRUE,TRUE,High (Expressible)
170458,pSynapsin_NLS_GFP_P2A_SNAP_NR1,-2,1,-,2613,2969,119,partial_target_gene,TRUE,TRUE,1834,5519,TRUE,TRUE,High (Expressible)
170458,pSynapsin_NLS_GFP_P2A_SNAP_NR1,-1,3,-,2788,4056,423,spanning_target_gene,TRUE,TRUE,2009,4432,TRUE,TRUE,High (Expressible)
170455,pSynapsin_NLS_GFP-P2A_SNAP_GluA2,-2,1,-,2613,2969,119,partial_target_gene,TRUE,TRUE,1834,5342,TRUE,TRUE,High (Expressible)
170455,pSynapsin_NLS_GFP-P2A_SNAP_GluA2,-1,3,-,2788,3732,315,spanning_target_gene,TRUE,TRUE,2009,4579,TRUE,TRUE,High (Expressible)
170457,pSynapsin_NLS_GFP_P2A_His6_NR1.,-2,1,-,2613,2969,119,partial_target_gene,TRUE,TRUE,1834,4976,TRUE,TRUE,High (Expressible)
170457,pSynapsin_NLS_GFP_P2A_His6_NR1.,-1,3,-,2788,3858,357,spanning_target_gene,TRUE,TRUE,2009,4087,TRUE,TRUE,High (Expressible)
170545,pLV.5�?LMNA-eGFP-KI,2,1,+,2098,2670,191,partial_target_gene,TRUE,TRUE,140,1760,TRUE,TRUE,High (Expressible)
170446,pCDH-EF1a-mCherry-EGFP-LC3B,-1,2,-,2450,4213,588,spanning_target_gene,TRUE,TRUE,272,895,TRUE,TRUE,High (Expressible)
170746,pEGFP GLTP,-2,1,-,1322,1774,151,partial_target_gene,TRUE,TRUE,760,396,TRUE,TRUE,High (Expressible)
170746,pEGFP GLTP,-1,3,-,600,1823,408,spanning_target_gene,TRUE,TRUE,38,347,TRUE,TRUE,High (Expressible)
170976,pDONRp5-p2 GFP-NShroom3-iLID,-3,1,-,791,1093,101,partial_target_gene,TRUE,TRUE,3099,6677,TRUE,TRUE,High (Expressible)
170976,pDONRp5-p2 GFP-NShroom3-iLID,-1,2,-,67,1020,318,spanning_target_gene,TRUE,TRUE,2375,6750,TRUE,TRUE,High (Expressible)
17114,M38 TOP-dGFP,-1,1,-,223,1170,316,spanning_target_gene,TRUE,TRUE,808,172,TRUE,TRUE,High (Expressible)
171213,pLKO.3G_X7,-2,1,-,2786,3442,219,partial_target_gene,TRUE,TRUE,184,1487,TRUE,TRUE,High (Expressible)
171585,pLenti-TRS-Leader-SARS-CoV-2-EGFP,-1,3,+,1356,2168,271,spanning_target_gene,TRUE,TRUE,899,7587,TRUE,TRUE,High (Expressible)
171653,QUAS-5-T7-GFP_ColE1,3,2,+,992,1840,283,spanning_target_gene,TRUE,TRUE,25,28,TRUE,TRUE,High (Expressible)
171123,pLVX-TetOne-Puro-GFP,-1,3,+,2439,3302,288,spanning_target_gene,TRUE,TRUE,1804,3356,TRUE,TRUE,High (Expressible)
171656,T7-5-QUAS-GFP_ColE1,3,2,+,1016,1840,275,spanning_target_gene,TRUE,TRUE,3,28,TRUE,TRUE,High (Expressible)
171657,T7-10-QUAS-GFP_ColE1,3,2,+,1034,1858,275,spanning_target_gene,TRUE,TRUE,8,28,TRUE,TRUE,High (Expressible)
171658,T7-15-QUAS-GFP_ColE1,3,1,+,1027,1851,275,spanning_target_gene,TRUE,TRUE,13,28,TRUE,TRUE,High (Expressible)
171662,QUAS-0-T7-TetO-GFP_ColE1,3,1,+,982,1827,282,spanning_target_gene,TRUE,TRUE,15,28,TRUE,TRUE,High (Expressible)
171944,EGFP-INPP4A,-1,2,-,597,1394,266,spanning_target_gene,TRUE,TRUE,29,3028,TRUE,TRUE,High (Expressible)
171941,Hook1-EGFP,-2,3,-,2604,2912,103,partial_target_gene,TRUE,TRUE,2035,798,TRUE,TRUE,High (Expressible)
172326,pLV-REPORT(EF1a),-1,3,+,9582,869,676,spanning_target_gene,TRUE,TRUE,1552,6773,TRUE,TRUE,High (Expressible)
172328,pLV-REPORT(PGK),-2,1,-,5514,5912,133,partial_target_gene,TRUE,TRUE,4766,3117,TRUE,TRUE,High (Expressible)
172328,pLV-REPORT(PGK),-1,3,-,5698,7530,611,spanning_target_gene,TRUE,TRUE,4950,1499,TRUE,TRUE,High (Expressible)
172334,pLV-REPORT(PGK)-12xHRE,-2,1,-,6411,6884,158,partial_target_gene,TRUE,TRUE,5663,3117,TRUE,TRUE,High (Expressible)
172334,pLV-REPORT(PGK)-12xHRE,-1,3,-,6670,8502,611,spanning_target_gene,TRUE,TRUE,5922,1499,TRUE,TRUE,High (Expressible)
172336,pLV-REPORT(PGK/CMV)-GRE,-1,1,-,6776,8548,591,spanning_target_gene,TRUE,TRUE,68,1499,TRUE,TRUE,High (Expressible)
172327,pLV-REPORT(EF1a)-TTN,-1,2,-,6417,8444,676,spanning_target_gene,TRUE,TRUE,767,1499,TRUE,TRUE,High (Expressible)
172335,pLV-REPORT(PGK/CMV)-12xHRE,-1,3,-,7651,9423,591,spanning_target_gene,TRUE,TRUE,68,1499,TRUE,TRUE,High (Expressible)
172330,pLV-REPORT(PGK/CMV),-1,1,-,6647,8419,591,spanning_target_gene,TRUE,TRUE,68,1499,TRUE,TRUE,High (Expressible)
172372,CVS-N2c-EGFP-iCre,-1,3,-,3291,4055,255,spanning_target_gene,TRUE,TRUE,3356,8305,TRUE,TRUE,High (Expressible)
172373,CVS-N2c-EGFP-FlpO,-1,2,-,3291,4109,273,spanning_target_gene,TRUE,TRUE,3356,8453,TRUE,TRUE,High (Expressible)
172371,CVS-N2c-EGFP-ChIEF,-1,3,-,3291,4055,255,spanning_target_gene,TRUE,TRUE,3356,8293,TRUE,TRUE,High (Expressible)
172352,pLV-REPORT(EF1a)TetR,-1,1,-,4274,6301,676,spanning_target_gene,TRUE,TRUE,767,1499,TRUE,TRUE,High (Expressible)
172382,CVS-N2c-nl.EGFP-tdTomato,-1,2,-,3301,4152,284,spanning_target_gene,TRUE,TRUE,3366,8697,TRUE,TRUE,High (Expressible)
172382,CVS-N2c-nl.EGFP-tdTomato,-2,3,-,3975,4904,310,partial_target_gene,TRUE,TRUE,4040,7945,TRUE,TRUE,High (Expressible)
172460,pIRES-EGFP-TPD52,-1,1,-,1841,3322,494,spanning_target_gene,TRUE,TRUE,1251,90,TRUE,TRUE,High (Expressible)
172379,CVS-N2c-nl.EGFP-FlpO,-1,1,-,3301,4152,284,spanning_target_gene,TRUE,TRUE,3366,8548,TRUE,TRUE,High (Expressible)
172386,CVS-N2c-nl.EGFP-jRGECO1a,-1,2,-,3301,4152,284,spanning_target_gene,TRUE,TRUE,3366,8679,TRUE,TRUE,High (Expressible)
172380,CVS-N2c-nl.EGFP-SypGFP,3,2,+,4778,5887,370,spanning_target_gene,TRUE,TRUE,4843,7193,TRUE,TRUE,High (Expressible)
172380,CVS-N2c-nl.EGFP-SypGFP,-1,2,-,3301,4152,284,spanning_target_gene,TRUE,TRUE,3366,8928,TRUE,TRUE,High (Expressible)
172461,pIRES-EGFP-TPD53,-1,2,-,1779,3260,494,spanning_target_gene,TRUE,TRUE,1189,90,TRUE,TRUE,High (Expressible)
172530,pcryGFP-acta1-dmdGFP,-1,3,-,17473,18378,302,spanning_target_gene,TRUE,TRUE,17466,105,TRUE,TRUE,High (Expressible)
172598,pCEP4-myc-PDGFRA-D842V_EGFP-PEST_reporter,-1,2,-,11974,12801,276,spanning_target_gene,TRUE,TRUE,2680,171,TRUE,TRUE,High (Expressible)
172597,pCEP4-myc-PDGFRA-K627R_EGFP-PEST_reporter,-1,1,-,12171,12998,276,spanning_target_gene,TRUE,TRUE,2680,171,TRUE,TRUE,High (Expressible)
172599,pCEP4-myc-PDGFRA-D842V+R914W_EGFP-PEST_reporter,-1,3,-,12025,12852,276,spanning_target_gene,TRUE,TRUE,2680,171,TRUE,TRUE,High (Expressible)
172596,pCEP4-myc-PDGFRA-R914W_EGFP-PEST_reporter,-1,3,-,12174,13001,276,spanning_target_gene,TRUE,TRUE,2680,171,TRUE,TRUE,High (Expressible)
172600,pCEP4-myc-PDGFRA-K627R+R914W_EGFP-PEST_reporter,-1,2,-,12172,12999,276,spanning_target_gene,TRUE,TRUE,2681,171,TRUE,TRUE,High (Expressible)
173181,pBI121-GFP-RmMYB108,-1,2,-,13426,14394,323,spanning_target_gene,TRUE,TRUE,1346,29,TRUE,TRUE,High (Expressible)
174109,VPS13D^EGFP,-2,2,-,4754,5098,115,partial_target_gene,TRUE,TRUE,4549,9823,TRUE,TRUE,High (Expressible)
174194,Dok1-EGFP,3,2,+,2120,2878,253,spanning_target_gene,TRUE,TRUE,1532,105,TRUE,TRUE,High (Expressible)
174194,Dok1-EGFP,-2,3,-,1871,2185,105,partial_target_gene,TRUE,TRUE,1283,798,TRUE,TRUE,High (Expressible)
174189,EGFP-PIK3CG,-1,2,-,2734,3795,354,spanning_target_gene,TRUE,TRUE,29,3194,TRUE,TRUE,High (Expressible)
174307,pSin-GFP-Fg,-1,2,-,7208,8041,278,spanning_target_gene,TRUE,TRUE,895,1546,TRUE,TRUE,High (Expressible)
174335,pEGFPC1-ORAI1-EC-HA,-1,3,-,598,1836,413,spanning_target_gene,TRUE,TRUE,29,634,TRUE,TRUE,High (Expressible)
174457,pFX-EGFP-Rab7,-1,2,-,447,2042,532,spanning_target_gene,TRUE,TRUE,2585,100,TRUE,TRUE,High (Expressible)
174519,pCDNA3-mitoT,3,3,+,774,2144,457,spanning_target_gene,TRUE,TRUE,804,54,TRUE,TRUE,High (Expressible)
174609,pMP71-tCD19-mGFP,3,3,+,1566,2441,292,spanning_target_gene,TRUE,TRUE,2460,1054,TRUE,TRUE,High (Expressible)
174609,pMP71-tCD19-mGFP,-1,3,-,1588,2454,289,spanning_target_gene,TRUE,TRUE,2482,1041,TRUE,TRUE,High (Expressible)
174706,TetO::EGFP-C-Meikin,-1,3,-,242,1972,577,spanning_target_gene,TRUE,TRUE,264,265,TRUE,TRUE,High (Expressible)
174705,TetO::EGFP-hMeikin,-1,3,-,4229,6421,731,spanning_target_gene,TRUE,TRUE,264,265,TRUE,TRUE,High (Expressible)
174708,3xEGFP-mMeikin,-1,1,-,61,2901,947,spanning_target_gene,TRUE,TRUE,7,861,TRUE,TRUE,High (Expressible)
174710,"3xEGFP-mMeikin (E156R, R159E)",-1,1,-,61,2901,947,spanning_target_gene,TRUE,TRUE,7,861,TRUE,TRUE,High (Expressible)
174707,TetO::EGFP-hMeikin(8A mut),-1,3,-,4229,6421,731,spanning_target_gene,TRUE,TRUE,264,265,TRUE,TRUE,High (Expressible)
174712,"3xEGFP-mMeikin(1-391, E156R, R159E) - hRad21(142-275) - mMeikin(387-434)",-1,3,-,61,2901,947,spanning_target_gene,TRUE,TRUE,7,1341,TRUE,TRUE,High (Expressible)
174713,"3xEGFP-mMeikin(1-391) - hRad21(142-275, E169R, R172E) - mMeikin(387-434)",-1,1,-,61,2901,947,spanning_target_gene,TRUE,TRUE,7,1341,TRUE,TRUE,High (Expressible)
174893,pAS_4xMmaPylT_EF1_mCherry_TAG_EGFP,3,2,+,4001,4903,301,spanning_target_gene,TRUE,TRUE,776,1012,TRUE,TRUE,High (Expressible)
174734,pCLXSN(GFP)-hp100,-1,2,-,5169,5927,253,spanning_target_gene,TRUE,TRUE,31,93,TRUE,TRUE,High (Expressible)
174738,pCLXSN(GFP)-myc-BioID-hp100,-1,3,-,6101,6859,253,spanning_target_gene,TRUE,TRUE,31,93,TRUE,TRUE,High (Expressible)
175275,pAAV-SynaptoTAG2,-2,1,-,2850,3257,136,partial_target_gene,TRUE,TRUE,2188,675,TRUE,TRUE,High (Expressible)
174737,pCLXSN(GFP)-myc-BioID-C,-1,3,-,3085,3843,253,spanning_target_gene,TRUE,TRUE,31,93,TRUE,TRUE,High (Expressible)
174736,pCLXSN(GFP)-mTRAF2,-1,1,-,35,793,253,spanning_target_gene,TRUE,TRUE,31,93,TRUE,TRUE,High (Expressible)
175165,pLV CDHblast Rev(V16D)-EGFP-V5,-1,1,-,2621,3448,276,spanning_target_gene,TRUE,TRUE,409,1713,TRUE,TRUE,High (Expressible)
175164,pLV CDHblast Rev-EGFP-V5,-1,1,-,2621,3448,276,spanning_target_gene,TRUE,TRUE,409,1713,TRUE,TRUE,High (Expressible)
175439,pAAV-VTKS2-TVA-eGFP-N2cG,-1,3,+,2241,3683,481,spanning_target_gene,TRUE,TRUE,1600,714,TRUE,TRUE,High (Expressible)
175440,pAAV-VTKS5-TVA-eGFP-N2cG,-1,3,+,5007,6467,487,spanning_target_gene,TRUE,TRUE,1656,769,TRUE,TRUE,High (Expressible)
175749,pHAGE-eGFP-NDP52,3,2,+,2690,3652,321,spanning_target_gene,TRUE,TRUE,2055,2268,TRUE,TRUE,High (Expressible)
175767,pHAGE-eGFP-TAX1BP1 A114Q,-1,2,+,2897,3964,356,spanning_target_gene,TRUE,TRUE,2306,1978,TRUE,TRUE,High (Expressible)
175767,pHAGE-eGFP-TAX1BP1 A114Q,3,2,-,2916,3887,324,spanning_target_gene,TRUE,TRUE,2325,2055,TRUE,TRUE,High (Expressible)
175763,pHAGE-eGFP-OPTN S473A 513A,3,2,+,2690,3607,306,spanning_target_gene,TRUE,TRUE,2055,2706,TRUE,TRUE,High (Expressible)
175763,pHAGE-eGFP-OPTN S473A 513A,-1,2,-,2613,3584,324,spanning_target_gene,TRUE,TRUE,1978,2729,TRUE,TRUE,High (Expressible)
175762,pHAGE-eGFP-OPTN D474N,3,2,+,2690,3607,306,spanning_target_gene,TRUE,TRUE,2055,2706,TRUE,TRUE,High (Expressible)
175762,pHAGE-eGFP-OPTN D474N,-1,2,-,2613,3584,324,spanning_target_gene,TRUE,TRUE,1978,2729,TRUE,TRUE,High (Expressible)
175750,pHAGE-eGFP-OPTN,-1,1,+,2374,3345,324,spanning_target_gene,TRUE,TRUE,1766,1978,TRUE,TRUE,High (Expressible)
175750,pHAGE-eGFP-OPTN,3,3,-,2351,3268,306,spanning_target_gene,TRUE,TRUE,1743,2055,TRUE,TRUE,High (Expressible)
175765,pHAGE-eGFP-OPTN E50K,3,2,+,2690,3607,306,spanning_target_gene,TRUE,TRUE,2055,2694,TRUE,TRUE,High (Expressible)
175765,pHAGE-eGFP-OPTN E50K,-1,2,-,2613,3584,324,spanning_target_gene,TRUE,TRUE,1978,2717,TRUE,TRUE,High (Expressible)
175770,pHAGE-eGFP-TAX1BP1 Q770A E774K,3,2,+,464,1435,324,spanning_target_gene,TRUE,TRUE,2055,3477,TRUE,TRUE,High (Expressible)
175770,pHAGE-eGFP-TAX1BP1 Q770A E774K,-1,2,-,387,1454,356,spanning_target_gene,TRUE,TRUE,1978,3458,TRUE,TRUE,High (Expressible)
175766,pHAGE-eGFP-TAX1BP1,3,2,+,464,1435,324,spanning_target_gene,TRUE,TRUE,2055,3288,TRUE,TRUE,High (Expressible)
175766,pHAGE-eGFP-TAX1BP1,-1,2,-,387,1454,356,spanning_target_gene,TRUE,TRUE,1978,3269,TRUE,TRUE,High (Expressible)
175774,pHAGE-eGFP-TAX1BP1 CC1D,3,3,+,672,1643,324,spanning_target_gene,TRUE,TRUE,2055,2784,TRUE,TRUE,High (Expressible)
175774,pHAGE-eGFP-TAX1BP1 CC1D,-1,1,-,595,1662,356,spanning_target_gene,TRUE,TRUE,1978,2765,TRUE,TRUE,High (Expressible)
175769,pHAGE-eGFP-TAX1BP1 V192S,3,2,+,464,1435,324,spanning_target_gene,TRUE,TRUE,2055,3288,TRUE,TRUE,High (Expressible)
175769,pHAGE-eGFP-TAX1BP1 V192S,-1,2,-,387,1454,356,spanning_target_gene,TRUE,TRUE,1978,3269,TRUE,TRUE,High (Expressible)
175773,pHAGE-eGFP-TAX1BP1 N637A,3,2,+,719,1690,324,spanning_target_gene,TRUE,TRUE,2055,3288,TRUE,TRUE,High (Expressible)
175773,pHAGE-eGFP-TAX1BP1 N637A,-1,2,-,642,1709,356,spanning_target_gene,TRUE,TRUE,1978,3269,TRUE,TRUE,High (Expressible)
175768,pHAGE-eGFP-TAX1BP1 SKICH (1-140D),3,3,-,2345,3268,308,spanning_target_gene,TRUE,TRUE,1959,2055,TRUE,TRUE,High (Expressible)
175764,pHAGE-eGFP-OPTN S513A,3,2,+,2690,3607,306,spanning_target_gene,TRUE,TRUE,2055,2706,TRUE,TRUE,High (Expressible)
175764,pHAGE-eGFP-OPTN S513A,-1,2,-,2613,3584,324,spanning_target_gene,TRUE,TRUE,1978,2729,TRUE,TRUE,High (Expressible)
175772,pHAGE-eGFP-TAX1BP1 Y635A,3,2,+,464,1435,324,spanning_target_gene,TRUE,TRUE,2055,3288,TRUE,TRUE,High (Expressible)
175772,pHAGE-eGFP-TAX1BP1 Y635A,-1,2,-,387,1454,356,spanning_target_gene,TRUE,TRUE,1978,3269,TRUE,TRUE,High (Expressible)
175771,pHAGE-eGFP-TAX1BP1 632-639D,3,3,+,756,1727,324,spanning_target_gene,TRUE,TRUE,2055,3264,TRUE,TRUE,High (Expressible)
175771,pHAGE-eGFP-TAX1BP1 632-639D,-1,1,-,679,1746,356,spanning_target_gene,TRUE,TRUE,1978,3245,TRUE,TRUE,High (Expressible)
175775,pHAGE-eGFP-TAX1BP1 CC2D,3,1,+,7195,8166,324,spanning_target_gene,TRUE,TRUE,2055,2919,TRUE,TRUE,High (Expressible)
175775,pHAGE-eGFP-TAX1BP1 CC2D,-1,3,-,7118,8185,356,spanning_target_gene,TRUE,TRUE,1978,2900,TRUE,TRUE,High (Expressible)
175776,pHAGE-eGFP-TAX1BP1 CC3D,-1,1,+,2506,3573,356,spanning_target_gene,TRUE,TRUE,2120,1978,TRUE,TRUE,High (Expressible)
175776,pHAGE-eGFP-TAX1BP1 CC3D,3,3,-,2525,3496,324,spanning_target_gene,TRUE,TRUE,2139,2055,TRUE,TRUE,High (Expressible)
175778,pAC150-RFP-EGFP-LGALS3,-1,2,+,1436,2911,492,spanning_target_gene,TRUE,TRUE,1750,1939,TRUE,TRUE,High (Expressible)
17578,GFP-NPM WT,-1,1,+,2023,2859,279,spanning_target_gene,TRUE,TRUE,1624,1628,TRUE,TRUE,High (Expressible)
175783,pET29b-eGFP-dspB(E184Q)-6xHis,-1,1,-,4343,5821,493,spanning_target_gene,TRUE,TRUE,6530,1296,TRUE,TRUE,High (Expressible)
175827,pFX-β-tubulin-EGFP,-2,2,-,1646,2041,132,partial_target_gene,TRUE,TRUE,1077,900,TRUE,TRUE,High (Expressible)
176015,EGFP,-2,1,-,788,1093,102,partial_target_gene,TRUE,TRUE,734,105,TRUE,TRUE,High (Expressible)
176014,EGFP-Bin1b,-2,1,-,789,1253,155,partial_target_gene,TRUE,TRUE,735,781,TRUE,TRUE,High (Expressible)
176021,SITS-EGFP-Bin1b,-2,3,-,1034,1498,155,partial_target_gene,TRUE,TRUE,847,781,TRUE,TRUE,High (Expressible)
176065,pLV-Hygro-EF1A-FHA-Linker-eGFP,3,2,+,3230,4036,269,spanning_target_gene,TRUE,TRUE,92,2274,TRUE,TRUE,High (Expressible)
17618,EF.PGK.GFP,-2,3,-,3324,4028,235,partial_target_gene,TRUE,TRUE,935,794,TRUE,TRUE,High (Expressible)
176206,CAG.3xHalo-GFP-SPC25,-1,1,-,492,4052,1187,spanning_target_gene,TRUE,TRUE,1011,830,TRUE,TRUE,High (Expressible)
176205,CAG.CenpB(FL)-GFP-Halo,-1,1,-,4821,6131,437,spanning_target_gene,TRUE,TRUE,4841,516,TRUE,TRUE,High (Expressible)
176274,pAAV-SynI-CreOn-FlpOff-EGFP,-2,2,+,2198,2515,106,partial_target_gene,TRUE,TRUE,910,587,TRUE,TRUE,High (Expressible)
176281,pAAV-SynI-CreOn-FlpOff-mNaChBacMUT-P2A-EGFP,-2,2,+,1478,1795,106,partial_target_gene,TRUE,TRUE,910,1490,TRUE,TRUE,High (Expressible)
176280,pAAV-SynI-CreOn-FlpOff-mNaChBac-P2A-EGFP,-2,1,+,4219,4536,106,partial_target_gene,TRUE,TRUE,910,1490,TRUE,TRUE,High (Expressible)
176526,pLV-Hygro-EF1A-LivePARBackbone,3,3,+,3174,3929,252,spanning_target_gene,TRUE,TRUE,36,2275,TRUE,TRUE,High (Expressible)
176526,pLV-Hygro-EF1A-LivePARBackbone,-2,2,-,2949,3248,100,partial_target_gene,TRUE,TRUE,759,2956,TRUE,TRUE,High (Expressible)
176853,PZac2.1 hSyn1-eGFP-SAPAP3,-1,3,-,1107,1952,282,spanning_target_gene,TRUE,TRUE,194,3531,TRUE,TRUE,High (Expressible)
176859,PZac2.1 gfaABC1D-eGFP-SAPAP3,-1,1,-,1387,2232,282,spanning_target_gene,TRUE,TRUE,1213,3531,TRUE,TRUE,High (Expressible)
176896,mILK-EFGP,-2,1,-,1501,1995,165,partial_target_gene,TRUE,TRUE,992,798,TRUE,TRUE,High (Expressible)
176898,mILK-R349A-EFGP,-2,1,-,1501,1995,165,partial_target_gene,TRUE,TRUE,992,798,TRUE,TRUE,High (Expressible)
176897,mILK-R255A-EFGP,-2,2,-,1197,1691,165,partial_target_gene,TRUE,TRUE,992,798,TRUE,TRUE,High (Expressible)
176899,mILK-R255A/R349A-EFGP,-2,1,-,3739,4233,165,partial_target_gene,TRUE,TRUE,992,798,TRUE,TRUE,High (Expressible)
176900,mILK-L207W-EFGP,-2,1,-,1561,2055,165,partial_target_gene,TRUE,TRUE,992,798,TRUE,TRUE,High (Expressible)
17708,RNT1-GFP,-2,2,-,1263,1637,125,partial_target_gene,TRUE,TRUE,694,3331,TRUE,TRUE,High (Expressible)
177729,pGal-Trans-Myc-eGFP-KDEL,-2,3,-,6345,6644,100,partial_target_gene,TRUE,TRUE,1760,731,TRUE,TRUE,High (Expressible)
177901,pET28a(cd96),-1,3,+,6003,7064,354,spanning_target_gene,TRUE,TRUE,3804,1600,TRUE,TRUE,High (Expressible)
178088,AAVS1_Puro_hPGK1_EGFP_Donor,-2,1,-,1934,2617,228,partial_target_gene,TRUE,TRUE,2028,684,TRUE,TRUE,High (Expressible)
178429,AAV-DIO-TC66T-2A-EGFP-2A-oG,-1,1,+,2152,3561,470,spanning_target_gene,TRUE,TRUE,1600,714,TRUE,TRUE,High (Expressible)
17843,pEGFP-C3-hYAP1,-1,2,-,3164,4423,420,spanning_target_gene,TRUE,TRUE,29,1039,TRUE,TRUE,High (Expressible)
178580,AAV-hGFAP-GFP,3,2,+,638,1588,317,spanning_target_gene,TRUE,TRUE,2318,618,TRUE,TRUE,High (Expressible)
178709,pAAV-VTKD4-GFP,-2,2,+,2834,3661,276,partial_target_gene,TRUE,TRUE,4514,4077,TRUE,TRUE,High (Expressible)
178709,pAAV-VTKD4-GFP,3,3,-,2147,2899,251,spanning_target_gene,TRUE,TRUE,3827,749,TRUE,TRUE,High (Expressible)
178710,pAAV-VTKD5-GFP,3,1,-,4262,5014,251,spanning_target_gene,TRUE,TRUE,2928,783,TRUE,TRUE,High (Expressible)
178712,pAAV-VTKS4-GFP,-2,3,+,2415,3242,276,partial_target_gene,TRUE,TRUE,1809,3658,TRUE,TRUE,High (Expressible)
178712,pAAV-VTKS4-GFP,3,1,-,1728,2480,251,spanning_target_gene,TRUE,TRUE,1122,749,TRUE,TRUE,High (Expressible)
178713,pAAV-VTKS5-GFP,3,1,-,829,1581,251,spanning_target_gene,TRUE,TRUE,223,783,TRUE,TRUE,High (Expressible)
178711,pAAV-VTKD6-GFP,3,3,-,1239,1991,251,spanning_target_gene,TRUE,TRUE,2919,774,TRUE,TRUE,High (Expressible)
178714,pAAV-VTKS6-GFP,3,1,-,820,1572,251,spanning_target_gene,TRUE,TRUE,214,774,TRUE,TRUE,High (Expressible)
178850,pPBpuro-EGFP-eDHFR(69K6),3,2,+,197,1195,333,spanning_target_gene,TRUE,TRUE,1064,1765,TRUE,TRUE,High (Expressible)
178964,pSYC-204,3,1,+,9703,10446,248,spanning_target_gene,TRUE,TRUE,9056,105,TRUE,TRUE,High (Expressible)
178860,pCAGGS-EGFP-SOS1,3,3,+,945,1970,342,spanning_target_gene,TRUE,TRUE,1447,4350,TRUE,TRUE,High (Expressible)
178963,pSYC-201,3,2,+,9704,10447,248,spanning_target_gene,TRUE,TRUE,9056,105,TRUE,TRUE,High (Expressible)
179203,pAd5-B1-deltaE1-GFP,-1,3,-,5532,744,291,spanning_target_gene,TRUE,TRUE,14,13,TRUE,TRUE,High (Expressible)
179100,pHAGE N' EGFP NAP1 FL IRES Blast,3,2,+,2780,3688,303,spanning_target_gene,TRUE,TRUE,2055,2160,TRUE,TRUE,High (Expressible)
179100,pHAGE N' EGFP NAP1 FL IRES Blast,-1,2,-,2703,3719,339,spanning_target_gene,TRUE,TRUE,1978,2129,TRUE,TRUE,High (Expressible)
179235,p23-puro-EGFP-FBL,-1,3,-,3349,4452,368,spanning_target_gene,TRUE,TRUE,895,2570,TRUE,TRUE,High (Expressible)
179143,pADV-Sec61b-TurboID,-1,1,+,37159,37938,260,spanning_target_gene,TRUE,TRUE,35437,622,TRUE,TRUE,High (Expressible)
179446,pMX-DivisionRecorder,2,3,+,1443,2288,282,partial_target_gene,TRUE,TRUE,475,2126,TRUE,TRUE,High (Expressible)
179837,AAVS1-PuroR Xlone eGFP,-1,3,-,3572,4426,285,spanning_target_gene,TRUE,TRUE,349,117,TRUE,TRUE,High (Expressible)
17924,pEGFP-NR2A,2,1,+,898,1218,107,partial_target_gene,TRUE,TRUE,250,8917,TRUE,TRUE,High (Expressible)
180142,pCS2 LRP6-APEX2-Ires-eGFP-PAC,-1,3,-,234,1859,542,spanning_target_gene,TRUE,TRUE,6373,11697,TRUE,TRUE,High (Expressible)
180250,pBa.Lamp1-GFP,-1,1,-,2357,3322,322,spanning_target_gene,TRUE,TRUE,2081,90,TRUE,TRUE,High (Expressible)
180473,"pQFDBD-2x AD*-VP16*, α-cry:EGFP",-1,2,-,3519,4316,266,spanning_target_gene,TRUE,TRUE,2874,90,TRUE,TRUE,High (Expressible)
180630,pEGFP/golgin-160,-1,1,-,602,1657,352,spanning_target_gene,TRUE,TRUE,29,4466,TRUE,TRUE,High (Expressible)
180474,"pQFDBD-2x AD*-VP16*-EcR, α-cry:EGFP",-1,3,-,4525,5322,266,spanning_target_gene,TRUE,TRUE,3880,90,TRUE,TRUE,High (Expressible)
180475,"pubb-QFDBD-2x AD*-VP16*-EcR, α-cry:EGFP",-1,3,-,8011,8808,266,spanning_target_gene,TRUE,TRUE,7366,90,TRUE,TRUE,High (Expressible)
180631,pEGFP/golgin-160/3DE,-1,3,+,5496,6551,352,spanning_target_gene,TRUE,TRUE,5076,1628,TRUE,TRUE,High (Expressible)
181736,Phage-PGK-GFP-T(WT),-1,1,-,2624,3985,454,spanning_target_gene,TRUE,TRUE,1989,2717,TRUE,TRUE,High (Expressible)
181900,pGFP-mHP1alpha,-2,2,-,1263,1715,151,partial_target_gene,TRUE,TRUE,694,325,TRUE,TRUE,High (Expressible)
181895,pGFP-nE-mHP1alpha,-2,1,-,1263,1715,151,partial_target_gene,TRUE,TRUE,694,329,TRUE,TRUE,High (Expressible)
181896,pGFP-nE-mHP1alpha-delCTE,-2,1,-,1263,1715,151,partial_target_gene,TRUE,TRUE,694,287,TRUE,TRUE,High (Expressible)
181907,pdCas9-GFP-VPR,-2,1,-,5577,5909,111,partial_target_gene,TRUE,TRUE,5008,1557,TRUE,TRUE,High (Expressible)
181903,pGFP-hPMLIII,-2,2,-,1263,1979,239,partial_target_gene,TRUE,TRUE,694,1609,TRUE,TRUE,High (Expressible)
181912,pET28-GFP-mHP1alpha,-2,2,-,5798,6250,151,partial_target_gene,TRUE,TRUE,805,326,TRUE,TRUE,High (Expressible)
182202,AAV-H2GH,-1,2,-,1166,2944,593,spanning_target_gene,TRUE,TRUE,572,465,TRUE,TRUE,High (Expressible)
181980,pRRL.PPT.SFFV.HA.RUNX1C.IRES.eGFP,-1,3,-,4415,5332,306,spanning_target_gene,TRUE,TRUE,2048,625,TRUE,TRUE,High (Expressible)
182230,pLeAPS-GFP-blast,-1,3,-,6336,7709,458,spanning_target_gene,TRUE,TRUE,1582,1314,TRUE,TRUE,High (Expressible)
181979,pRRL.PPT.SFFV.HA.RUNX1A.IRES.eGFP,-1,3,-,3710,4627,306,spanning_target_gene,TRUE,TRUE,1343,625,TRUE,TRUE,High (Expressible)
182967,pB-TREtight-EGFP,3,3,+,1452,3131,560,spanning_target_gene,TRUE,TRUE,1320,6223,TRUE,TRUE,High (Expressible)
182992,Full-length WT talin1,-2,1,-,7990,8328,113,partial_target_gene,TRUE,TRUE,7421,816,TRUE,TRUE,High (Expressible)
182995,mini-talin P229S (headR13DD P229S),-2,1,-,2536,2874,113,partial_target_gene,TRUE,TRUE,1967,816,TRUE,TRUE,High (Expressible)
182994,minitalin (headR13DD),-2,1,-,2536,2874,113,partial_target_gene,TRUE,TRUE,1967,816,TRUE,TRUE,High (Expressible)
183055,pGL3 RARE-d2EGFP,-1,3,-,187,1026,280,spanning_target_gene,TRUE,TRUE,212,267,TRUE,TRUE,High (Expressible)
182993,Full-length P229S talin1,-2,1,-,7990,8328,113,partial_target_gene,TRUE,TRUE,7421,816,TRUE,TRUE,High (Expressible)
183352,pAAV-syn-F14F15S-splitTVA-EGFP-tTAv2,-1,1,+,1450,2976,509,spanning_target_gene,TRUE,TRUE,773,648,TRUE,TRUE,High (Expressible)
183352,pAAV-syn-F14F15S-splitTVA-EGFP-tTAv2,-2,2,+,1412,1714,101,partial_target_gene,TRUE,TRUE,735,1910,TRUE,TRUE,High (Expressible)
183458,pFUGW-shRIIα-RIIαS97E-IRES-EGFP,3,3,+,9333,11273,647,spanning_target_gene,TRUE,TRUE,2664,176,TRUE,TRUE,High (Expressible)
183505,pTRIP-MND-HsMAN1C1-1-630-cMycFlag-hPGK-GFP,-2,3,-,4764,5348,195,partial_target_gene,TRUE,TRUE,4129,7240,TRUE,TRUE,High (Expressible)
183664,EGFP-SopB(172-554),-1,1,-,598,1644,349,spanning_target_gene,TRUE,TRUE,29,1029,TRUE,TRUE,High (Expressible)
183663,EGFP-SopB(68-554),-1,1,-,610,1425,272,spanning_target_gene,TRUE,TRUE,29,1572,TRUE,TRUE,High (Expressible)
183665,EGFP-SopB(211-554),-1,3,-,587,1516,310,spanning_target_gene,TRUE,TRUE,29,1029,TRUE,TRUE,High (Expressible)
183667,EGFP-IpgD(C439S),-1,1,-,613,1434,274,spanning_target_gene,TRUE,TRUE,29,1719,TRUE,TRUE,High (Expressible)
183666,EGFP-IpgD,-1,1,-,607,1428,274,spanning_target_gene,TRUE,TRUE,29,1719,TRUE,TRUE,High (Expressible)
183701,AbVec_IGHC,3,3,+,1155,2225,357,spanning_target_gene,TRUE,TRUE,87,769,TRUE,TRUE,High (Expressible)
183703,AbVec_IGLC,3,3,+,1155,2018,288,spanning_target_gene,TRUE,TRUE,87,250,TRUE,TRUE,High (Expressible)
183703,AbVec_IGLC,-3,1,-,1895,2200,102,partial_target_gene,TRUE,TRUE,827,68,TRUE,TRUE,High (Expressible)
183702,AbVec_IGKC,3,3,+,1155,1973,273,spanning_target_gene,TRUE,TRUE,87,300,TRUE,TRUE,High (Expressible)
183702,AbVec_IGKC,-1,3,-,1177,2268,364,spanning_target_gene,TRUE,TRUE,109,5,TRUE,TRUE,High (Expressible)
183790,Lenti-TargetBC-5xTAPE-1-pegRNA-InsertBC,-1,3,-,4505,6142,546,spanning_target_gene,TRUE,TRUE,759,1611,TRUE,TRUE,High (Expressible)
183906,LV-hGFAP-GFP,3,1,+,1051,3156,702,spanning_target_gene,TRUE,TRUE,2047,185,TRUE,TRUE,High (Expressible)
183917,rTetR-GFP-VP16,3,1,+,1291,2106,272,spanning_target_gene,TRUE,TRUE,637,398,TRUE,TRUE,High (Expressible)
183910,LV-hNG2-GFP,-2,1,-,1034,1390,119,partial_target_gene,TRUE,TRUE,2648,2042,TRUE,TRUE,High (Expressible)
183918,rTetR-GFP-VPR,3,1,+,1291,2106,272,spanning_target_gene,TRUE,TRUE,637,1668,TRUE,TRUE,High (Expressible)
183918,rTetR-GFP-VPR,-2,2,-,2002,2334,111,partial_target_gene,TRUE,TRUE,1348,1440,TRUE,TRUE,High (Expressible)
183916,rTetR-GFP,3,1,-,5196,556,272,spanning_target_gene,TRUE,TRUE,831,2236,TRUE,TRUE,High (Expressible)
183928,PHR-GFP-VPR,-2,1,-,2777,3109,111,partial_target_gene,TRUE,TRUE,2209,1440,TRUE,TRUE,High (Expressible)
183924,NLS-dCas9-HA-NLS-GFP4-VPR,-2,2,-,7970,8302,111,partial_target_gene,TRUE,TRUE,7384,1557,TRUE,TRUE,High (Expressible)
183930,PHR-GFP-Rta,-1,2,-,2080,3147,356,spanning_target_gene,TRUE,TRUE,1511,404,TRUE,TRUE,High (Expressible)
183936,NLS-tdPCP-GFP-VPR,-2,2,-,2083,2415,111,partial_target_gene,TRUE,TRUE,1522,1440,TRUE,TRUE,High (Expressible)
184045,pEGFP_D2A_tdTomato,-2,3,-,1266,1577,104,partial_target_gene,TRUE,TRUE,694,1509,TRUE,TRUE,High (Expressible)
184041,pEGFP-H2B-MCS,-1,3,-,447,1808,454,spanning_target_gene,TRUE,TRUE,2585,90,TRUE,TRUE,High (Expressible)
184333,Nrxn3α-AS4+,3,3,+,549,1460,304,spanning_target_gene,TRUE,TRUE,1032,4549,TRUE,TRUE,High (Expressible)
184334,pDisplay-EGFP-2A-HA-Nrxn3-alpha- 2(-)/3(+)/4(+)/6(+),3,3,+,549,1460,304,spanning_target_gene,TRUE,TRUE,1032,4525,TRUE,TRUE,High (Expressible)
184335,pDisplay-EGFP-2A-HA-Nrxn3-alpha- 2(-)/3(+)/4(+)/6(-)-GPI,3,3,+,549,1460,304,spanning_target_gene,TRUE,TRUE,1032,4291,TRUE,TRUE,High (Expressible)
184332,Nrxn3α-AS4-,3,3,+,549,1460,304,spanning_target_gene,TRUE,TRUE,1032,4450,TRUE,TRUE,High (Expressible)
184813,pDestTol2-QUAS:GFP-CAAX,-2,3,-,1988,2311,108,partial_target_gene,TRUE,TRUE,2006,105,TRUE,TRUE,High (Expressible)
184715,pPBbsr2-OptoSTIM1(CRY2clust),-1,3,-,2674,3669,332,spanning_target_gene,TRUE,TRUE,2029,3887,TRUE,TRUE,High (Expressible)
184811,pDestTol2-QUAS:GFP,-2,3,-,1988,2293,102,partial_target_gene,TRUE,TRUE,2006,105,TRUE,TRUE,High (Expressible)
184816,pDestTol2-QUAS:GFP-CAAX-he1.1:YFP,3,3,+,1239,2066,276,spanning_target_gene,TRUE,TRUE,1257,98,TRUE,TRUE,High (Expressible)
184816,pDestTol2-QUAS:GFP-CAAX-he1.1:YFP,-1,2,-,2621,3706,362,spanning_target_gene,TRUE,TRUE,460,126,TRUE,TRUE,High (Expressible)
184815,pDestTol2-QUAS:NLS-GFP-he1.1:CFP,-1,3,-,1395,2306,304,spanning_target_gene,TRUE,TRUE,1413,1617,TRUE,TRUE,High (Expressible)
185345,pEGFP-C1-G2BRSCR,-1,1,-,598,1527,310,spanning_target_gene,TRUE,TRUE,29,90,TRUE,TRUE,High (Expressible)
185344,pEGFP-C1-G2BRgp78,-1,1,-,598,1527,310,spanning_target_gene,TRUE,TRUE,29,90,TRUE,TRUE,High (Expressible)
185484,pCMV-T7-NLS(SV40)-anCas(SCA)-BPNLS(SV40)-P2A-EGFP (LTH1378),-1,1,-,5095,5952,286,spanning_target_gene,TRUE,TRUE,4171,159,TRUE,TRUE,High (Expressible)
185484,pCMV-T7-NLS(SV40)-anCas(SCA)-BPNLS(SV40)-P2A-EGFP (LTH1378),-2,2,-,4791,5267,159,partial_target_gene,TRUE,TRUE,3867,844,TRUE,TRUE,High (Expressible)
185473,LentiGuide-puro-NLS-GFP,-2,1,-,4772,5143,124,partial_target_gene,TRUE,TRUE,1923,2032,TRUE,TRUE,High (Expressible)
185412,pCS2+ Zf cdh1-deltaCyot-GFP,-2,1,-,2027,2341,105,partial_target_gene,TRUE,TRUE,1959,716,TRUE,TRUE,High (Expressible)
185485,pCMV-T7-NLS(SV40)-anCas(PDCA)-BPNLS(SV40)-P2A-EGFP (LTH1430),-1,3,-,5180,6037,286,spanning_target_gene,TRUE,TRUE,4193,98,TRUE,TRUE,High (Expressible)
185486,pCMV-T7-NLS(SV40)-anCas(PCA)-BPNLS(SV40)-P2A-EGFP (LTH1441),-1,1,-,5188,6045,286,spanning_target_gene,TRUE,TRUE,4193,98,TRUE,TRUE,High (Expressible)
185487,pCMV-T7-NLS(SV40)-anCas(FCA)-BPNLS(SV40)-P2A-EGFP (LTH1380),-1,2,-,5094,5951,286,spanning_target_gene,TRUE,TRUE,4081,159,TRUE,TRUE,High (Expressible)
185488,pCMV-T7-NLS(SV40)-anCas(BCA)-BPNLS(SV40)-P2A-EGFP (LTH1384),-1,2,-,8433,9290,286,spanning_target_gene,TRUE,TRUE,4087,159,TRUE,TRUE,High (Expressible)
185715,pAAV-hSyn-GFP-IRES-hSNCA,3,1,+,3529,4323,265,spanning_target_gene,TRUE,TRUE,19,1663,TRUE,TRUE,High (Expressible)
185699,p223-RV-dlx-dio-Tdtomato-T2A-SYPEGFP,3,2,-,2913,4025,371,spanning_target_gene,TRUE,TRUE,1898,2862,TRUE,TRUE,High (Expressible)
185714,pAAV-hSyn-GFP-IRES-mSNCA,3,3,+,633,1427,265,spanning_target_gene,TRUE,TRUE,19,1663,TRUE,TRUE,High (Expressible)
185716,pAAV-hSyn-GFP-IRES-mSNCA(1-95),3,1,+,631,1425,265,spanning_target_gene,TRUE,TRUE,19,1528,TRUE,TRUE,High (Expressible)
185718,pAAV-hSyn-GFP-IRES-hSNCA (S129A),3,2,+,638,1432,265,spanning_target_gene,TRUE,TRUE,19,1663,TRUE,TRUE,High (Expressible)
185717,pAAV-hSyn-GFP-IRES-hSNCA (A11P/V70P),3,3,+,714,1508,265,spanning_target_gene,TRUE,TRUE,19,1663,TRUE,TRUE,High (Expressible)
185719,pAAV-hSyn-GFP-IRES-hSNCA (S129D),3,1,+,565,1359,265,spanning_target_gene,TRUE,TRUE,19,1663,TRUE,TRUE,High (Expressible)
185720,pAAV-hSyn-GFP-IRES-hSNCA (A30P),3,1,+,634,1428,265,spanning_target_gene,TRUE,TRUE,19,1663,TRUE,TRUE,High (Expressible)
185963,pB6-Rosa26-cre_dre_reporter_1_1,-1,1,+,12832,13725,298,spanning_target_gene,TRUE,TRUE,3064,629,TRUE,TRUE,High (Expressible)
186281,pEGFP.N3-SLC35A1-GFP,3,3,+,1554,2399,282,spanning_target_gene,TRUE,TRUE,976,105,TRUE,TRUE,High (Expressible)
186304,PB_TRE_Z18-PDGFR_EF1a_eGFP,-2,2,-,3804,4193,130,partial_target_gene,TRUE,TRUE,485,1359,TRUE,TRUE,High (Expressible)
186310,PB_TRE_sg61-PDGFR_EF1a_eGFP,-2,1,-,3649,4038,130,partial_target_gene,TRUE,TRUE,485,1359,TRUE,TRUE,High (Expressible)
186551,Pet15b-Internalization and Endosomal Escape,3,1,+,2179,3027,283,spanning_target_gene,TRUE,TRUE,505,49,TRUE,TRUE,High (Expressible)
186467,pQCXIP GFP-MOSPD2 WT,-2,2,-,1986,2288,101,partial_target_gene,TRUE,TRUE,1301,3872,TRUE,TRUE,High (Expressible)
186471,pQCXIP GFP-MOSPD2 W201E,-2,2,-,1986,2288,101,partial_target_gene,TRUE,TRUE,1301,3872,TRUE,TRUE,High (Expressible)
186552,Pet15b-Endosomal Escape Control,3,3,+,2742,3590,283,spanning_target_gene,TRUE,TRUE,508,49,TRUE,TRUE,High (Expressible)
186627,pMR506-EF1a-H2B-EGFP,-1,1,-,3665,5005,447,spanning_target_gene,TRUE,TRUE,759,72,TRUE,TRUE,High (Expressible)
186468,pQCXIP GFP-MOSPD2 RD/LD,-2,2,-,1986,2288,101,partial_target_gene,TRUE,TRUE,1301,3872,TRUE,TRUE,High (Expressible)
186475,pQCXIP EGFP-ER [TM(SAC1)],3,1,+,1072,2097,342,spanning_target_gene,TRUE,TRUE,1378,1572,TRUE,TRUE,High (Expressible)
18680,cytoplasmic EKAR (EGFP-mRFP),-2,2,-,1813,2343,177,partial_target_gene,TRUE,TRUE,760,742,TRUE,TRUE,High (Expressible)
187001,Phat2-dr-cPla2-C2-EGFP-6H,-1,2,-,2160,2996,279,spanning_target_gene,TRUE,TRUE,375,122,TRUE,TRUE,High (Expressible)
187115,Phat2-hs-PKCgamma-C2-EGFP-6H,-1,1,-,2338,3129,264,spanning_target_gene,TRUE,TRUE,426,122,TRUE,TRUE,High (Expressible)
186979,MSCV-TIMP1,-1,3,-,4757,5563,269,spanning_target_gene,TRUE,TRUE,1992,44,TRUE,TRUE,High (Expressible)
187185,Phat2-dr-cPla2-C2-Y90A-V91A-EGFP-6H,-1,3,-,2321,3157,279,spanning_target_gene,TRUE,TRUE,375,122,TRUE,TRUE,High (Expressible)
187157,Phat2-hs-AKT1-PH-EGFP-6H,-1,1,-,2362,3174,271,spanning_target_gene,TRUE,TRUE,450,122,TRUE,TRUE,High (Expressible)
187157,Phat2-hs-AKT1-PH-EGFP-6H,-2,2,-,2088,2480,131,partial_target_gene,TRUE,TRUE,176,816,TRUE,TRUE,High (Expressible)
187188,Phat2-dr-cPla2-C2-D34R-D87R-EGFP-6H,-1,1,-,2160,2996,279,spanning_target_gene,TRUE,TRUE,375,122,TRUE,TRUE,High (Expressible)
187088,Phat2-hs-cPla2-C2-EGFP-GH,-1,3,-,1388,2158,257,spanning_target_gene,TRUE,TRUE,462,122,TRUE,TRUE,High (Expressible)
187183,Phat2-dr-cPla2-C2-L32A-L33A-EGFP-6H,-1,2,-,2160,2996,279,spanning_target_gene,TRUE,TRUE,375,122,TRUE,TRUE,High (Expressible)
187186,Phat2-dr-cPla2-C2-Y90F-V91F-EGFP-6H,-1,3,-,2321,3157,279,spanning_target_gene,TRUE,TRUE,375,122,TRUE,TRUE,High (Expressible)
187184,Phat2-dr-cPla2-C2-L32F-L33F-EGFP-6H,-1,2,-,2160,2996,279,spanning_target_gene,TRUE,TRUE,375,122,TRUE,TRUE,High (Expressible)
187189,Phat2-dr-Alox5-PLAT-EGFP-6H,-1,2,-,2007,2957,317,spanning_target_gene,TRUE,TRUE,222,122,TRUE,TRUE,High (Expressible)
187187,Phat2-dr-cPla2-C2-D34K-D87K-EGFP-6H,-1,1,-,2160,2996,279,spanning_target_gene,TRUE,TRUE,375,122,TRUE,TRUE,High (Expressible)
187190,Phat2-dr-Alox12-PLAT-EGFP-6H,3,2,+,2126,3076,317,spanning_target_gene,TRUE,TRUE,341,0,TRUE,TRUE,High (Expressible)
187190,Phat2-dr-Alox12-PLAT-EGFP-6H,-1,2,-,1893,2954,354,spanning_target_gene,TRUE,TRUE,108,122,TRUE,TRUE,High (Expressible)
187252,pLL5.0-EGFP-HRasC20,-1,1,-,3647,4549,301,spanning_target_gene,TRUE,TRUE,43,6246,TRUE,TRUE,High (Expressible)
187254,pLL5.0 shCavin1KDR-EGFP,-1,2,-,3459,4436,326,spanning_target_gene,TRUE,TRUE,537,7499,TRUE,TRUE,High (Expressible)
187269,pEGFP-SRGAP1,3,3,+,3879,4646,256,spanning_target_gene,TRUE,TRUE,3301,105,TRUE,TRUE,High (Expressible)
187280,GFP-mDia1-GBD (1-305 aa) in pEGFPN1,-1,3,-,609,1535,309,spanning_target_gene,TRUE,TRUE,29,668,TRUE,TRUE,High (Expressible)
187371,EGFP-Plekhh1-FERM,-1,1,-,598,1953,452,spanning_target_gene,TRUE,TRUE,29,747,TRUE,TRUE,High (Expressible)
187682,pCMV-SUN1 GFP,-1,3,-,3147,4169,341,spanning_target_gene,TRUE,TRUE,2638,13,TRUE,TRUE,High (Expressible)
187684,pCMV-SUN2 GFP,-1,1,-,2506,3630,375,spanning_target_gene,TRUE,TRUE,1997,13,TRUE,TRUE,High (Expressible)
187695,pLenti-Zyxin-C (aa139-371)-EGFP,3,1,+,2659,4116,486,spanning_target_gene,TRUE,TRUE,207,12,TRUE,TRUE,High (Expressible)
187688,pLenti-Paxillin EGFP,3,1,+,9142,10221,360,spanning_target_gene,TRUE,TRUE,1561,12,TRUE,TRUE,High (Expressible)
187680,pCMV-Pom121 GFP,-1,1,-,4072,5037,322,spanning_target_gene,TRUE,TRUE,3563,13,TRUE,TRUE,High (Expressible)
187697,pLenti-Zyxin-E (aa1-138)-EGFP,-2,3,-,2651,3076,142,partial_target_gene,TRUE,TRUE,199,749,TRUE,TRUE,High (Expressible)
187834,pAAV-hSyn-eGFP-P2A-LgBiT-NLS,3,1,+,205,1386,394,spanning_target_gene,TRUE,TRUE,1880,1215,TRUE,TRUE,High (Expressible)
187834,pAAV-hSyn-eGFP-P2A-LgBiT-NLS,-1,3,-,404,1702,433,spanning_target_gene,TRUE,TRUE,2079,899,TRUE,TRUE,High (Expressible)
187696,pLenti-Zyxin-D (aa160-340)-EGFP,3,2,+,2981,3961,327,spanning_target_gene,TRUE,TRUE,529,12,TRUE,TRUE,High (Expressible)
187860,pAAV.CMV.PI-si-VAMP3,3,1,+,1231,2229,333,spanning_target_gene,TRUE,TRUE,818,518,TRUE,TRUE,High (Expressible)
187857,pAAV.CMV.PI-si-CS,3,3,+,1029,1874,282,spanning_target_gene,TRUE,TRUE,116,518,TRUE,TRUE,High (Expressible)
187998,GBH-R-gcryGFP.1,-1,3,-,3465,4442,326,spanning_target_gene,TRUE,TRUE,2967,58,TRUE,TRUE,High (Expressible)
187910,EGFP-Ubiquitin,-1,1,-,598,1650,351,spanning_target_gene,TRUE,TRUE,29,90,TRUE,TRUE,High (Expressible)
187999,GBH-R-gcryGFP.2,-1,2,-,3464,4441,326,spanning_target_gene,TRUE,TRUE,2966,58,TRUE,TRUE,High (Expressible)
188017,GBH-2aG4-gcryGFP.2,-1,3,-,3501,4478,326,spanning_target_gene,TRUE,TRUE,3003,58,TRUE,TRUE,High (Expressible)
188000,GBH-R-gcryGFP.3,-1,1,-,3463,4440,326,spanning_target_gene,TRUE,TRUE,2965,58,TRUE,TRUE,High (Expressible)
188016,GBH-2aG4-gcryGFP.1,-1,1,-,3502,4479,326,spanning_target_gene,TRUE,TRUE,3004,58,TRUE,TRUE,High (Expressible)
188018,GBH-2aG4-gcryGFP.3,-1,2,-,3500,4477,326,spanning_target_gene,TRUE,TRUE,3002,58,TRUE,TRUE,High (Expressible)
18837,pcDNA3-AKT-PH[R25C]-GFP,-2,3,-,1027,1419,131,partial_target_gene,TRUE,TRUE,143,747,TRUE,TRUE,High (Expressible)
18836,pcDNA3-AKT-PH-GFP,-2,1,-,1025,1417,131,partial_target_gene,TRUE,TRUE,143,747,TRUE,TRUE,High (Expressible)
188519,miniCMV eGFP hPGK BSD,-1,3,+,2277,3560,428,spanning_target_gene,TRUE,TRUE,1124,5025,TRUE,TRUE,High (Expressible)
188451,pmGFP,-2,1,-,607,1038,144,partial_target_gene,TRUE,TRUE,38,798,TRUE,TRUE,High (Expressible)
188520,EFS eGFP hPGK BSD,-1,2,-,7504,9075,524,spanning_target_gene,TRUE,TRUE,1707,1071,TRUE,TRUE,High (Expressible)
18874,pEGFP-N1-VAPA(1-242),-2,2,+,1457,1759,101,partial_target_gene,TRUE,TRUE,1408,2173,TRUE,TRUE,High (Expressible)
189743,pLenti-PGK-EGFP-ALDH1A2-Neo,-2,2,-,4080,4808,243,partial_target_gene,TRUE,TRUE,1478,4400,TRUE,TRUE,High (Expressible)
189741,pLenti-PGK-EGFPc3-Neo,-2,1,-,7762,8490,243,partial_target_gene,TRUE,TRUE,1478,2852,TRUE,TRUE,High (Expressible)
189744,pLenti-PGK-EGFP-ALDH1A3-Neo,-2,2,-,4080,4808,243,partial_target_gene,TRUE,TRUE,1478,4382,TRUE,TRUE,High (Expressible)
189742,pLenti-PGK-EGFP-ALDH1A1-Neo,-2,2,-,3867,4595,243,partial_target_gene,TRUE,TRUE,1478,4334,TRUE,TRUE,High (Expressible)
190093,pEGFP-TDP-43,-1,2,-,598,1410,271,spanning_target_gene,TRUE,TRUE,29,1316,TRUE,TRUE,High (Expressible)
190154,AAV_pMBP-dnVamp3-P2AT2A-EGFP-caax,-2,3,-,2233,2592,120,partial_target_gene,TRUE,TRUE,3894,762,TRUE,TRUE,High (Expressible)
190153,AAV_pMBP-dnVamp2-P2AT2A-EGFP-caax,-2,2,-,2067,2618,184,partial_target_gene,TRUE,TRUE,3737,762,TRUE,TRUE,High (Expressible)
190134,CMV:eGFP-p2A-HA-GPR151(p.Arg95Ter),3,2,+,6710,7513,268,spanning_target_gene,TRUE,TRUE,2131,2006,TRUE,TRUE,High (Expressible)
190133,CMV:eGFP-p2A-HA-GPR151,3,3,+,6717,7520,268,spanning_target_gene,TRUE,TRUE,2131,2006,TRUE,TRUE,High (Expressible)
190155,AAV_pMBP-EGFP-caax,3,2,+,1682,2893,404,spanning_target_gene,TRUE,TRUE,3343,72,TRUE,TRUE,High (Expressible)
190230,pENTR1A-SynTetOff-GFP,3,2,+,2048,3151,368,spanning_target_gene,TRUE,TRUE,4816,2029,TRUE,TRUE,High (Expressible)
190230,pENTR1A-SynTetOff-GFP,-2,2,-,2984,3334,117,partial_target_gene,TRUE,TRUE,687,1846,TRUE,TRUE,High (Expressible)
190231,pAAV2-SynTetOff-GFP,3,3,+,1755,2858,368,spanning_target_gene,TRUE,TRUE,3427,3208,TRUE,TRUE,High (Expressible)
190270,pLD-puro-MTS-EGFP,-2,3,-,2517,3152,212,partial_target_gene,TRUE,TRUE,886,2069,TRUE,TRUE,High (Expressible)
190239,pAAV2-CMV-GFP-BGHpA,3,2,+,716,1633,306,spanning_target_gene,TRUE,TRUE,2389,4482,TRUE,TRUE,High (Expressible)
190864,pAAV-CAG-EGFP barcode-0-SV40 polyA,3,2,+,1040,1975,312,spanning_target_gene,TRUE,TRUE,1590,4743,TRUE,TRUE,High (Expressible)
190865,pAAV-CAG-EGFP barcode-1-SV40 polyA,3,2,+,1046,1981,312,spanning_target_gene,TRUE,TRUE,326,4950,TRUE,TRUE,High (Expressible)
190867,pAAV-CAG-EGFP barcode-3-SV40 polyA,3,1,+,1039,1974,312,spanning_target_gene,TRUE,TRUE,1589,4742,TRUE,TRUE,High (Expressible)
19069,pLenti PGK GFP Blast (w510-5),-2,1,+,6460,7113,218,partial_target_gene,TRUE,TRUE,1326,4928,TRUE,TRUE,High (Expressible)
190870,pAAV-CAG-EGFP barcode-6-SV40 polyA,3,1,+,1039,1974,312,spanning_target_gene,TRUE,TRUE,1589,4742,TRUE,TRUE,High (Expressible)
190869,pAAV-CAG-EGFP barcode-5-SV40 polyA,3,2,+,1043,1978,312,spanning_target_gene,TRUE,TRUE,326,4746,TRUE,TRUE,High (Expressible)
190824,"pEGFP-β-catenin_S23A,T40A,T41A,T112A",-1,2,-,609,1421,271,spanning_target_gene,TRUE,TRUE,29,2739,TRUE,TRUE,High (Expressible)
190866,pAAV-CAG-EGFP barcode-2-SV40 polyA,3,2,+,1043,1978,312,spanning_target_gene,TRUE,TRUE,326,4873,TRUE,TRUE,High (Expressible)
190868,pAAV-CAG-EGFP barcode-4-SV40 polyA,3,1,+,1153,2088,312,spanning_target_gene,TRUE,TRUE,1703,4856,TRUE,TRUE,High (Expressible)
190872,pAAV-CAG-EGFP barcode-8-SV40 polyA,3,2,+,1043,1978,312,spanning_target_gene,TRUE,TRUE,326,4746,TRUE,TRUE,High (Expressible)
190902,pAAV2ss-EFS-GFP-synPolyA-U6-sgHTT1,-2,2,-,134,475,114,partial_target_gene,TRUE,TRUE,1799,735,TRUE,TRUE,High (Expressible)
190874,pAAV-CAG-EGFP barcode-10-SV40 polyA,3,2,+,1040,1975,312,spanning_target_gene,TRUE,TRUE,1590,4743,TRUE,TRUE,High (Expressible)
191012,pcDNA-EGFP MASTL G44S (siRNA resistant),-1,3,-,611,1600,330,spanning_target_gene,TRUE,TRUE,29,2556,TRUE,TRUE,High (Expressible)
190875,pAAV-CAG-EGFPnls barcode-206-SV40 polyA,3,1,+,1087,1944,286,spanning_target_gene,TRUE,TRUE,1632,75,TRUE,TRUE,High (Expressible)
190903,pAAV2ss-EFS-GFP-synPolyA-U6-sgHTT1-U6-sgCas9,-2,2,-,132,473,114,partial_target_gene,TRUE,TRUE,1799,735,TRUE,TRUE,High (Expressible)
190876,pAAV-CAG-EGFPnls barcode-210-SV40 polyA,3,2,+,1049,1906,286,spanning_target_gene,TRUE,TRUE,326,75,TRUE,TRUE,High (Expressible)
191108,pAAV-CAG-EGFP-P2A-FusionRed,3,3,+,876,1784,303,spanning_target_gene,TRUE,TRUE,1587,1346,TRUE,TRUE,High (Expressible)
191204,pAAV-CAG-FRT-Rev-3xGFP,-1,2,-,6555,719,488,spanning_target_gene,TRUE,TRUE,3046,4936,TRUE,TRUE,High (Expressible)
191206,pAAV-7xTRE-3xeGFP,-1,1,-,2039,3418,460,spanning_target_gene,TRUE,TRUE,2162,1631,TRUE,TRUE,High (Expressible)
191013,pcDNA-EGFP MASTL E167D (siRNA resistant),-1,2,-,606,1595,330,spanning_target_gene,TRUE,TRUE,29,2556,TRUE,TRUE,High (Expressible)
191011,pcDNA-EGFP MASTL WT (siRNA resistant),-1,3,-,617,1606,330,spanning_target_gene,TRUE,TRUE,29,2556,TRUE,TRUE,High (Expressible)
191213,pCALNL-tdTomato-2A-mSyp::EGFP,3,3,+,5115,6218,368,spanning_target_gene,TRUE,TRUE,5132,164,TRUE,TRUE,High (Expressible)
191213,pCALNL-tdTomato-2A-mSyp::EGFP,-1,1,-,5203,6369,389,spanning_target_gene,TRUE,TRUE,5220,13,TRUE,TRUE,High (Expressible)
19123,shCD44-2 pRRL,-2,1,-,4533,5189,219,partial_target_gene,TRUE,TRUE,190,783,TRUE,TRUE,High (Expressible)
19125,shLuc pRRL,-2,3,-,2264,2920,219,partial_target_gene,TRUE,TRUE,190,783,TRUE,TRUE,High (Expressible)
191360,pHAGE-IRES-puro-NLS-dHgm4Cas13b-EGFP-NLS,-1,2,-,6852,7607,252,spanning_target_gene,TRUE,TRUE,3450,2009,TRUE,TRUE,High (Expressible)
191363,pHAGE-IRES-puro-NLS-dPba4Cas13b-EGFP-NLS,-1,2,-,7536,8291,252,spanning_target_gene,TRUE,TRUE,4134,2009,TRUE,TRUE,High (Expressible)
191363,pHAGE-IRES-puro-NLS-dPba4Cas13b-EGFP-NLS,-2,3,-,7196,7594,133,partial_target_gene,TRUE,TRUE,3794,2706,TRUE,TRUE,High (Expressible)
191361,pHAGE-IRES-puro-NLS-dPba3Cas13b-EGFP-NLS,-1,2,-,7281,8036,252,spanning_target_gene,TRUE,TRUE,3879,2009,TRUE,TRUE,High (Expressible)
191362,pHAGE-IRES-puro-NLS-dBba2Cas13b-EGFP-NLS,-1,2,-,7392,8147,252,spanning_target_gene,TRUE,TRUE,3990,2009,TRUE,TRUE,High (Expressible)
191560,plvx-tetO-GFP,3,3,+,2271,3299,343,spanning_target_gene,TRUE,TRUE,1637,2749,TRUE,TRUE,High (Expressible)
191560,plvx-tetO-GFP,-1,3,-,2362,3390,343,spanning_target_gene,TRUE,TRUE,1728,2658,TRUE,TRUE,High (Expressible)
191364,pHAGE-IRES-puro-NLS-dPba5Cas13b-EGFP-NLS,-1,2,-,7050,7805,252,spanning_target_gene,TRUE,TRUE,3648,2009,TRUE,TRUE,High (Expressible)
191554,HI.fate.SFFV,-2,3,-,9150,9575,142,partial_target_gene,TRUE,TRUE,389,865,TRUE,TRUE,High (Expressible)
191553,HI.fate.E,-2,2,-,9053,9478,142,partial_target_gene,TRUE,TRUE,426,865,TRUE,TRUE,High (Expressible)
191365,pHAGE-IRES-puro-NLS-dPbaCas13b-EGFP-NLS,-1,1,-,6749,7504,252,spanning_target_gene,TRUE,TRUE,3347,2009,TRUE,TRUE,High (Expressible)
191366,pHAGE-IRES-puro-NLS-dHgm6Cas13b-EGFP-NLS,-1,2,-,6855,7610,252,spanning_target_gene,TRUE,TRUE,3453,2009,TRUE,TRUE,High (Expressible)
191366,pHAGE-IRES-puro-NLS-dHgm6Cas13b-EGFP-NLS,-2,3,-,6599,6913,105,partial_target_gene,TRUE,TRUE,3197,2706,TRUE,TRUE,High (Expressible)
192152,pXD017 KIKO AAV vector,-2,2,-,411,815,135,partial_target_gene,TRUE,TRUE,18,742,TRUE,TRUE,High (Expressible)
192153,pXD017-39 TRAC PDCD1 AAV double KO AAV,-2,2,-,411,881,157,partial_target_gene,TRUE,TRUE,18,742,TRUE,TRUE,High (Expressible)
192155,pXD050 dTomato GFP KIKO,-2,2,-,2925,3317,131,partial_target_gene,TRUE,TRUE,1461,682,TRUE,TRUE,High (Expressible)
192204,pXD024 - pLKO-EF1a-GFP-P2A-FLuc-WPRE,-1,1,-,2987,4108,374,spanning_target_gene,TRUE,TRUE,759,2196,TRUE,TRUE,High (Expressible)
192156,pXD053 GFP KIKO,-2,2,-,768,1160,131,partial_target_gene,TRUE,TRUE,375,682,TRUE,TRUE,High (Expressible)
192367,Gln-tRNA-gRNA scaffold for library 1&2,3,1,+,787,1623,279,spanning_target_gene,TRUE,TRUE,175,105,TRUE,TRUE,High (Expressible)
192365,Gly-tRNA-gRNA scaffold for library 2,3,3,+,786,1637,284,spanning_target_gene,TRUE,TRUE,219,105,TRUE,TRUE,High (Expressible)
192368,Gly-tRNA-gRNA scaffold for library 1,3,2,+,770,1621,284,spanning_target_gene,TRUE,TRUE,157,105,TRUE,TRUE,High (Expressible)
192610,pHR-PGK-eGFP-P2A-CRY2-VPR,-1,3,-,8235,9455,407,spanning_target_gene,TRUE,TRUE,2074,3651,TRUE,TRUE,High (Expressible)
192696,pKG422 pBABE GFP-SPC24,-1,1,-,1384,2913,510,spanning_target_gene,TRUE,TRUE,906,902,TRUE,TRUE,High (Expressible)
192939,pNW538_pAAVS1-pAP1(2)-FlpO-ABI-P2A-PYL-FlpO-CAG-U1-frt-STOP-frt-U2-GFP-P2A-luc2-ZeoR,-1,3,-,7324,8319,332,spanning_target_gene,TRUE,TRUE,6323,1539,TRUE,TRUE,High (Expressible)
193022,AAV-CMV-eGFP,3,3,+,849,1751,301,spanning_target_gene,TRUE,TRUE,2699,125,TRUE,TRUE,High (Expressible)
193023,AAV-PGK-eGFP,-1,3,-,633,1634,334,spanning_target_gene,TRUE,TRUE,2305,4862,TRUE,TRUE,High (Expressible)
193198,Lenti-EFS-EGFP-T2A-Bsd,-2,2,-,2984,3319,112,partial_target_gene,TRUE,TRUE,1518,1853,TRUE,TRUE,High (Expressible)
193405,pNC-Cam1304-SubC,-1,1,-,1167,2033,289,spanning_target_gene,TRUE,TRUE,339,6585,TRUE,TRUE,High (Expressible)
193406,pNC-Green-SubN,-1,2,-,509,1297,263,spanning_target_gene,TRUE,TRUE,553,666,TRUE,TRUE,High (Expressible)
193407,pNC-Green-SubC,-1,2,-,1167,2033,289,spanning_target_gene,TRUE,TRUE,339,5425,TRUE,TRUE,High (Expressible)
193404,pNC-Cam1304-SubN,-1,1,-,509,1297,263,spanning_target_gene,TRUE,TRUE,834,666,TRUE,TRUE,High (Expressible)
193416,pNC-Amp-GFP-N,-1,1,-,3976,4752,259,spanning_target_gene,TRUE,TRUE,64,705,TRUE,TRUE,High (Expressible)
193409,pNC-121-SubC,-1,2,-,6444,7304,287,spanning_target_gene,TRUE,TRUE,339,10982,TRUE,TRUE,High (Expressible)
193408,pNC-121-SubN,-1,3,-,5816,6574,253,spanning_target_gene,TRUE,TRUE,9,656,TRUE,TRUE,High (Expressible)
193799,pET-51b(+) ChemoG1,-1,3,-,4936,6288,451,spanning_target_gene,TRUE,TRUE,50,420,TRUE,TRUE,High (Expressible)
193806,pCDNA5/FRT-ChemoG1,-1,2,-,896,2188,431,spanning_target_gene,TRUE,TRUE,14,367,TRUE,TRUE,High (Expressible)
194005,VPS13D1-1576-(Y1253S),-2,3,-,5149,5496,116,partial_target_gene,TRUE,TRUE,4482,798,TRUE,TRUE,High (Expressible)
194006,VPS13D1-1576-(Y768A),-2,3,-,5080,5427,116,partial_target_gene,TRUE,TRUE,4482,798,TRUE,TRUE,High (Expressible)
194004,VPS13D(∆ATG2-C/PH)^EGFP,-2,3,-,5291,5635,115,partial_target_gene,TRUE,TRUE,4549,9852,TRUE,TRUE,High (Expressible)
194119,pEGFPC1 FRB,-1,1,-,598,1392,265,spanning_target_gene,TRUE,TRUE,29,387,TRUE,TRUE,High (Expressible)
194120,pEGFPN3 FRB,3,3,+,834,1679,282,spanning_target_gene,TRUE,TRUE,265,105,TRUE,TRUE,High (Expressible)
194204,pCALNL-Rheb(S16H),3,3,+,3561,4490,310,spanning_target_gene,TRUE,TRUE,3590,17,TRUE,TRUE,High (Expressible)
194204,pCALNL-Rheb(S16H),-1,1,-,3559,4494,312,spanning_target_gene,TRUE,TRUE,3588,13,TRUE,TRUE,High (Expressible)
194248,pAM/CBA-eGFP-miRaSyn(mouse)x3-WPRE-bGHpA,3,1,+,1036,1854,273,spanning_target_gene,TRUE,TRUE,1052,1075,TRUE,TRUE,High (Expressible)
194248,pAM/CBA-eGFP-miRaSyn(mouse)x3-WPRE-bGHpA,-1,3,-,1100,2185,362,spanning_target_gene,TRUE,TRUE,1116,744,TRUE,TRUE,High (Expressible)
194249,pAM/CBA-eGFP-miRNegativex3-WPRE-bGHpA,3,3,+,1035,1853,273,spanning_target_gene,TRUE,TRUE,1051,1123,TRUE,TRUE,High (Expressible)
194249,pAM/CBA-eGFP-miRNegativex3-WPRE-bGHpA,-1,2,-,1099,1995,299,spanning_target_gene,TRUE,TRUE,1115,981,TRUE,TRUE,High (Expressible)
194247,pAM/CBA-eGFP-miRaSyn(human)x3-WPRE-bGHpA,3,1,+,1036,1854,273,spanning_target_gene,TRUE,TRUE,1052,1075,TRUE,TRUE,High (Expressible)
194453,pMET7-EGFP-FKBP12,3,1,+,739,1629,297,spanning_target_gene,TRUE,TRUE,107,300,TRUE,TRUE,High (Expressible)
194459,pRRL.SIN.EF1A.JAG1-F1.218.CAR-2G,-2,3,-,5913,6263,117,partial_target_gene,TRUE,TRUE,1257,775,TRUE,TRUE,High (Expressible)
194457,pRRL.SIN.EF1A.CD19-FMC63.218.CAR-2G,-2,3,-,5925,6275,117,partial_target_gene,TRUE,TRUE,1257,775,TRUE,TRUE,High (Expressible)
194458,pRRL.SIN.EF1A.CD19-FMC63.218.CAR-3G,-2,3,-,6060,6410,117,partial_target_gene,TRUE,TRUE,1257,775,TRUE,TRUE,High (Expressible)
194460,pRRL.SIN.EF1A.JAG1-F1.218.CAR-3G,-2,3,-,6048,6398,117,partial_target_gene,TRUE,TRUE,1257,775,TRUE,TRUE,High (Expressible)
194461,pRRL.SIN.EF1A.JAG1-F1.GS.CAR-2G,-2,3,-,5904,6254,117,partial_target_gene,TRUE,TRUE,1257,775,TRUE,TRUE,High (Expressible)
194462,pRRL.SIN.EF1A.JAG1-F1.GS.CAR-3G,-2,3,-,6039,6389,117,partial_target_gene,TRUE,TRUE,1257,775,TRUE,TRUE,High (Expressible)
194464,pRRL.SIN.EF1A.JAG1-B5.GS.CAR-3G,-2,3,-,6039,6389,117,partial_target_gene,TRUE,TRUE,1257,775,TRUE,TRUE,High (Expressible)
194463,pRRL.SIN.EF1A.JAG1-B5.GS.CAR-2G,-2,3,-,5904,6254,117,partial_target_gene,TRUE,TRUE,1257,775,TRUE,TRUE,High (Expressible)
194878,pAAV-GfaABC1D-eGFP-2A-mCherry_D4H,3,2,+,566,1468,301,spanning_target_gene,TRUE,TRUE,2246,1773,TRUE,TRUE,High (Expressible)
194878,pAAV-GfaABC1D-eGFP-2A-mCherry_D4H,-2,3,-,320,715,132,partial_target_gene,TRUE,TRUE,2000,2526,TRUE,TRUE,High (Expressible)
194857,EGFP-MYO10ΔF3,-1,1,-,598,1674,359,spanning_target_gene,TRUE,TRUE,29,5748,TRUE,TRUE,High (Expressible)
194855,EGFP-MYO10-FERM-ITGBD,-1,1,-,598,1674,359,spanning_target_gene,TRUE,TRUE,29,6078,TRUE,TRUE,High (Expressible)
194518,Tol2-ISceI-ZSP:EGFP;cryaa:mCherry-ISceI-Tol2,3,1,+,1474,2370,299,spanning_target_gene,TRUE,TRUE,1362,32,TRUE,TRUE,High (Expressible)
194858,GFP-MYO10-BioID,-1,1,-,598,1674,359,spanning_target_gene,TRUE,TRUE,29,7080,TRUE,TRUE,High (Expressible)
19487,pcDNA5/FRT/TO GFP HSPA8,-1,1,-,802,1821,340,spanning_target_gene,TRUE,TRUE,144,1724,TRUE,TRUE,High (Expressible)
194879,pAAV-GfaABC1D-eGFP-2A-mCherry_YDA,3,2,+,566,1468,301,spanning_target_gene,TRUE,TRUE,2246,1773,TRUE,TRUE,High (Expressible)
194879,pAAV-GfaABC1D-eGFP-2A-mCherry_YDA,-2,3,-,320,715,132,partial_target_gene,TRUE,TRUE,2000,2526,TRUE,TRUE,High (Expressible)
194881,pAAV-Syn-DiO-eGFP-2A-mCherry_YDA,3,2,-,1922,2737,272,spanning_target_gene,TRUE,TRUE,1299,760,TRUE,TRUE,High (Expressible)
194985,pCAG-GFP-Rab27a,3,1,+,2476,3519,348,spanning_target_gene,TRUE,TRUE,1509,974,TRUE,TRUE,High (Expressible)
194989,pCAG-GFP-CD63,3,3,+,1476,2858,461,spanning_target_gene,TRUE,TRUE,830,676,TRUE,TRUE,High (Expressible)
195151,SiRES COR1C ACT--GFP,-2,2,-,1655,2122,156,partial_target_gene,TRUE,TRUE,1086,798,TRUE,TRUE,High (Expressible)
195154,SiRES COR1C-GFP,-2,1,-,1656,2123,156,partial_target_gene,TRUE,TRUE,1086,798,TRUE,TRUE,High (Expressible)
195232,GFP-PKCBII,-1,1,-,663,1649,329,spanning_target_gene,TRUE,TRUE,23,2257,TRUE,TRUE,High (Expressible)
195232,GFP-PKCBII,-2,2,-,1337,1897,187,partial_target_gene,TRUE,TRUE,697,2009,TRUE,TRUE,High (Expressible)
195475,pInducer21-3xFlag-hMEFV-Q426R,3,2,+,8096,9187,364,spanning_target_gene,TRUE,TRUE,1391,839,TRUE,TRUE,High (Expressible)
195474,pInducer 21-3xFlag-hMEFV-S580X,3,2,+,8096,9187,364,spanning_target_gene,TRUE,TRUE,1391,839,TRUE,TRUE,High (Expressible)
195477,pInducer 21-3xFlag-hMEFV-F479L,3,2,+,8096,9187,364,spanning_target_gene,TRUE,TRUE,1391,839,TRUE,TRUE,High (Expressible)
195479,pInducer 21-3xFlag-hMEFV-ΔPLD,3,2,+,7463,8554,364,spanning_target_gene,TRUE,TRUE,1391,839,TRUE,TRUE,High (Expressible)
195478,pInducer 21-3xFlag-hMEFV-ΔPYD,3,2,+,7823,8914,364,spanning_target_gene,TRUE,TRUE,1391,839,TRUE,TRUE,High (Expressible)
195574,pAAV.U6.shRNA-Sdc1-1376,3,1,+,1534,2412,293,spanning_target_gene,TRUE,TRUE,497,576,TRUE,TRUE,High (Expressible)
195854,pBAD-6xHis-AviTag-ALFAtag-eGFP,-1,3,-,1809,2969,387,spanning_target_gene,TRUE,TRUE,3989,80,TRUE,TRUE,High (Expressible)
196090,CAGGS-EGFP-NLS-3XFLAG-V5,-1,2,-,3027,3881,285,spanning_target_gene,TRUE,TRUE,2921,119,TRUE,TRUE,High (Expressible)
196584,Lepr peak reporter-eGFP,-1,2,+,1196,2044,283,spanning_target_gene,TRUE,TRUE,688,1229,TRUE,TRUE,High (Expressible)
196857,pBactin-EGFP-NEDD1-gTBD,3,1,+,1066,2037,324,spanning_target_gene,TRUE,TRUE,830,382,TRUE,TRUE,High (Expressible)
196857,pBactin-EGFP-NEDD1-gTBD,-2,3,-,934,1311,126,partial_target_gene,TRUE,TRUE,698,1108,TRUE,TRUE,High (Expressible)
196908,pEGFP-survivin,-1,2,-,598,1587,330,spanning_target_gene,TRUE,TRUE,29,347,TRUE,TRUE,High (Expressible)
196908,pEGFP-survivin,-2,3,-,1263,1844,194,partial_target_gene,TRUE,TRUE,694,90,TRUE,TRUE,High (Expressible)
196910,pEGFP-FCHO1,-1,2,-,598,1473,292,spanning_target_gene,TRUE,TRUE,29,3065,TRUE,TRUE,High (Expressible)
197053,yWL229 MCP-GFP-eRF3,-2,3,-,4099,4449,117,partial_target_gene,TRUE,TRUE,1482,1907,TRUE,TRUE,High (Expressible)
197310,NavB4-GFP/pEGFP-N1,-2,2,-,848,1390,181,partial_target_gene,TRUE,TRUE,279,798,TRUE,TRUE,High (Expressible)
197430,pUC19-π-EB1_EF1α-EGFP,-1,1,-,3685,4782,366,spanning_target_gene,TRUE,TRUE,7,6588,TRUE,TRUE,High (Expressible)
197459,pDest Lenti CA-GFP,-1,1,-,2519,3373,285,spanning_target_gene,TRUE,TRUE,3,3389,TRUE,TRUE,High (Expressible)
198037,pFastBac_Dual_GST-TEV-EGFP-TBK1-E696K,3,2,+,1679,2587,303,spanning_target_gene,TRUE,TRUE,644,2254,TRUE,TRUE,High (Expressible)
198037,pFastBac_Dual_GST-TEV-EGFP-TBK1-E696K,-2,1,-,2444,2779,112,partial_target_gene,TRUE,TRUE,1409,2062,TRUE,TRUE,High (Expressible)
198279,pcDNA3-Dio-GFP,-2,2,+,1814,2146,111,partial_target_gene,TRUE,TRUE,866,2019,TRUE,TRUE,High (Expressible)
198589,pENTR223-GFP,3,1,+,628,1470,281,spanning_target_gene,TRUE,TRUE,2613,2301,TRUE,TRUE,High (Expressible)
198589,pENTR223-GFP,-2,1,-,394,711,106,partial_target_gene,TRUE,TRUE,2379,3060,TRUE,TRUE,High (Expressible)
198589,pENTR223-GFP,-1,3,-,581,1423,281,spanning_target_gene,TRUE,TRUE,2566,2348,TRUE,TRUE,High (Expressible)
199222,pUt-mPF-GFP,-2,1,-,4887,5288,134,partial_target_gene,TRUE,TRUE,456,775,TRUE,TRUE,High (Expressible)
199765,PGK-EGFP-FKBPF36V,-2,1,-,2485,3090,202,partial_target_gene,TRUE,TRUE,300,1195,TRUE,TRUE,High (Expressible)
200084,PGK EGFP-PPM1H-WT,-2,2,-,94,678,195,partial_target_gene,TRUE,TRUE,2145,2345,TRUE,TRUE,High (Expressible)
200427,PGK EGFP-LC3B,-1,2,-,456,1568,371,spanning_target_gene,TRUE,TRUE,2491,341,TRUE,TRUE,High (Expressible)
200427,PGK EGFP-LC3B,-2,3,-,110,694,195,partial_target_gene,TRUE,TRUE,2145,1215,TRUE,TRUE,High (Expressible)
200283,pLKO-puro SNAP-CD86-eGFP-FKBP(f36v),3,3,+,7464,8240,259,spanning_target_gene,TRUE,TRUE,752,3691,TRUE,TRUE,High (Expressible)
200283,pLKO-puro SNAP-CD86-eGFP-FKBP(f36v),-1,1,-,7489,8529,347,spanning_target_gene,TRUE,TRUE,777,3402,TRUE,TRUE,High (Expressible)
200280,pHR-SNAP-CD86tm-eGFP-FKBP(f36v),3,3,+,3054,3830,259,spanning_target_gene,TRUE,TRUE,773,1089,TRUE,TRUE,High (Expressible)
200280,pHR-SNAP-CD86tm-eGFP-FKBP(f36v),-1,2,-,3079,4119,347,spanning_target_gene,TRUE,TRUE,798,800,TRUE,TRUE,High (Expressible)
200443,pLenti-m5HT6-EGFP,-2,2,-,4642,4962,107,partial_target_gene,TRUE,TRUE,1096,2021,TRUE,TRUE,High (Expressible)
200936,pCAGGS-EGFP-V5,3,2,+,1727,2461,245,spanning_target_gene,TRUE,TRUE,1752,203,TRUE,TRUE,High (Expressible)
200936,pCAGGS-EGFP-V5,-1,1,-,1665,2651,329,spanning_target_gene,TRUE,TRUE,1690,13,TRUE,TRUE,High (Expressible)
200963,FUGW-Mito-TurboID,-2,2,-,4561,4971,137,partial_target_gene,TRUE,TRUE,848,2041,TRUE,TRUE,High (Expressible)
200961,FUGW-Cytosol-TurboID,-1,1,-,3769,4629,287,spanning_target_gene,TRUE,TRUE,23,2288,TRUE,TRUE,High (Expressible)
200964,FUGW-Golgi-TurboID,-1,2,-,3759,4664,302,spanning_target_gene,TRUE,TRUE,23,2288,TRUE,TRUE,High (Expressible)
200965,FUGW-ER-TurboID,-2,3,-,4602,5012,137,partial_target_gene,TRUE,TRUE,833,2041,TRUE,TRUE,High (Expressible)
201246,pUASt-Xbp1-HA-GFP-3'UTR Spl,3,1,+,3400,4188,263,spanning_target_gene,TRUE,TRUE,815,899,TRUE,TRUE,High (Expressible)
201246,pUASt-Xbp1-HA-GFP-3'UTR Spl,-1,1,-,3410,4378,323,spanning_target_gene,TRUE,TRUE,825,709,TRUE,TRUE,High (Expressible)
201246,pUASt-Xbp1-HA-GFP-3'UTR Spl,-2,2,-,3109,3483,125,partial_target_gene,TRUE,TRUE,524,1604,TRUE,TRUE,High (Expressible)
201362,Diffusive 27kDa (EGFP),-1,3,-,561,1334,258,spanning_target_gene,TRUE,TRUE,29,95,TRUE,TRUE,High (Expressible)
201447,pPB-Neo-COVGT1-d2EGFP,-1,2,-,943,1851,303,spanning_target_gene,TRUE,TRUE,1086,284,TRUE,TRUE,High (Expressible)
201449,pPB-Neo-COVGT4-d2EGFP,-1,1,-,957,1850,298,spanning_target_gene,TRUE,TRUE,1100,284,TRUE,TRUE,High (Expressible)
201448,pPB-Neo-COVGT2-d2EGFP,-1,1,-,903,1850,316,spanning_target_gene,TRUE,TRUE,1046,284,TRUE,TRUE,High (Expressible)
201446,pPB-NeoCOVGT3-d2EGFP,-1,1,-,1074,1853,260,spanning_target_gene,TRUE,TRUE,1217,284,TRUE,TRUE,High (Expressible)
201450,pPB-NeoCOVGT3-d2EGFP-mCherry,-1,3,-,1074,2795,574,spanning_target_gene,TRUE,TRUE,1217,312,TRUE,TRUE,High (Expressible)
201452,pPB-Neo-COVGT2-d2EGFP-mCherry,-1,3,-,903,2792,630,spanning_target_gene,TRUE,TRUE,1046,312,TRUE,TRUE,High (Expressible)
201451,pPB-Neo-COVGT1-d2EGFP-mCherry,-1,3,-,943,3120,726,spanning_target_gene,TRUE,TRUE,1086,13,TRUE,TRUE,High (Expressible)
201453,pPB-Neo-COVGT4-d2EGFP-mCherry,-1,2,-,957,3119,721,spanning_target_gene,TRUE,TRUE,1100,13,TRUE,TRUE,High (Expressible)
201454,pPB-Neo-COVGT5-d2EGFP-mCherry,-1,1,-,1695,2603,303,spanning_target_gene,TRUE,TRUE,1838,284,TRUE,TRUE,High (Expressible)
201557,EGFP in pDBEcR-pIND(SP1)/Bla,-1,2,-,4609,5424,272,spanning_target_gene,TRUE,TRUE,43,153,TRUE,TRUE,High (Expressible)
201558,EGFP in pDBEcR-pIND(SP1)-W/Bla,-1,2,-,4609,5424,272,spanning_target_gene,TRUE,TRUE,43,771,TRUE,TRUE,High (Expressible)
201636,pLV-EF1a-IRES-Puro GFP-3xFLAG,-1,1,-,6296,7243,316,spanning_target_gene,TRUE,TRUE,759,2109,TRUE,TRUE,High (Expressible)
201639,pWPI-GFP-3xFLAG,-1,1,-,3502,4287,262,spanning_target_gene,TRUE,TRUE,178,1617,TRUE,TRUE,High (Expressible)
201704,pGFP-mTet1s_K852R  pc3914,3,2,+,1640,2527,296,spanning_target_gene,TRUE,TRUE,988,3216,TRUE,TRUE,High (Expressible)
201698,pGFP-mVprBP  pc2953,-2,1,-,651,1118,156,partial_target_gene,TRUE,TRUE,1744,5353,TRUE,TRUE,High (Expressible)
201700,pGFP-mTet1s  pc3901,3,2,-,6545,7426,294,spanning_target_gene,TRUE,TRUE,5529,4780,TRUE,TRUE,High (Expressible)
201705,pGFP-mTet1s_K852E  pc3915,3,2,+,4334,5221,296,spanning_target_gene,TRUE,TRUE,988,3223,TRUE,TRUE,High (Expressible)
202020,V5-GFP-TurboID-KDEL_pLX208,-1,2,-,5142,6023,294,spanning_target_gene,TRUE,TRUE,46,1626,TRUE,TRUE,High (Expressible)
202019,Flag-GFP-TurboID-NES_pLX304,-1,2,-,4495,5364,290,spanning_target_gene,TRUE,TRUE,19,1675,TRUE,TRUE,High (Expressible)
202424,pQCXIZ GFP C1,3,3,+,2067,3056,330,spanning_target_gene,TRUE,TRUE,1378,1286,TRUE,TRUE,High (Expressible)
202424,pQCXIZ GFP C1,-1,2,-,1990,3078,363,spanning_target_gene,TRUE,TRUE,1301,1264,TRUE,TRUE,High (Expressible)
202651,Shim_ProRS_TP_GFP_pK7FWG2,-2,2,-,7125,7448,108,partial_target_gene,TRUE,TRUE,158,740,TRUE,TRUE,High (Expressible)
202684,EGFP-N-Ezrin,-2,3,+,1758,2123,122,partial_target_gene,TRUE,TRUE,1408,3127,TRUE,TRUE,High (Expressible)
202654,Silene_conica _GlnRS_MitoTP_pK7FWG2,-2,1,-,9064,9363,100,partial_target_gene,TRUE,TRUE,59,740,TRUE,TRUE,High (Expressible)
20275,pSirt6-GFP,-2,2,-,1574,1873,100,partial_target_gene,TRUE,TRUE,1005,798,TRUE,TRUE,High (Expressible)
202842,Salsa-BC1-P1A1,-1,1,-,1669,2778,370,spanning_target_gene,TRUE,TRUE,193,2724,TRUE,TRUE,High (Expressible)
202843,Salsa-BC2-P1A2,-1,1,-,1669,2778,370,spanning_target_gene,TRUE,TRUE,193,2724,TRUE,TRUE,High (Expressible)
202844,Salsa-BC3-P1A3,-1,1,-,1669,2778,370,spanning_target_gene,TRUE,TRUE,193,2724,TRUE,TRUE,High (Expressible)
202845,Salsa-BC4-P1A4,-1,1,-,1669,2778,370,spanning_target_gene,TRUE,TRUE,193,2724,TRUE,TRUE,High (Expressible)
202852,Salsa-BC11-P1A11,-1,1,-,1669,2778,370,spanning_target_gene,TRUE,TRUE,193,2724,TRUE,TRUE,High (Expressible)
202849,Salsa-BC8-P1A8,-1,1,-,1669,2778,370,spanning_target_gene,TRUE,TRUE,193,2724,TRUE,TRUE,High (Expressible)
202851,Salsa-BC10-P1A10,-1,1,-,1669,2778,370,spanning_target_gene,TRUE,TRUE,193,2724,TRUE,TRUE,High (Expressible)
202848,Salsa-BC7-P1A7,-1,1,-,1669,2778,370,spanning_target_gene,TRUE,TRUE,193,2724,TRUE,TRUE,High (Expressible)
202846,Salsa-BC5-P1A5,-1,1,-,1669,2778,370,spanning_target_gene,TRUE,TRUE,193,2724,TRUE,TRUE,High (Expressible)
202847,Salsa-BC6-P1A6,-1,1,-,1669,2778,370,spanning_target_gene,TRUE,TRUE,193,2724,TRUE,TRUE,High (Expressible)
202850,Salsa-BC9-P1A9,-1,1,-,1669,2778,370,spanning_target_gene,TRUE,TRUE,193,2724,TRUE,TRUE,High (Expressible)
202856,Salsa-BC15-P1B3,-1,1,-,1669,2778,370,spanning_target_gene,TRUE,TRUE,193,2724,TRUE,TRUE,High (Expressible)
202859,Salsa-BC18-P1B6,-1,1,-,1669,2778,370,spanning_target_gene,TRUE,TRUE,193,2724,TRUE,TRUE,High (Expressible)
202855,Salsa-BC14-P1B2,-1,1,-,1669,2778,370,spanning_target_gene,TRUE,TRUE,193,2724,TRUE,TRUE,High (Expressible)
202863,Salsa-BC22-P1B10,-1,1,-,1669,2778,370,spanning_target_gene,TRUE,TRUE,193,2724,TRUE,TRUE,High (Expressible)
202857,Salsa-BC16-P1B4,-1,1,-,1669,2778,370,spanning_target_gene,TRUE,TRUE,193,2724,TRUE,TRUE,High (Expressible)
202860,Salsa-BC19-P1B7,-1,1,-,1669,2778,370,spanning_target_gene,TRUE,TRUE,193,2724,TRUE,TRUE,High (Expressible)
202862,Salsa-BC21-P1B9,-1,1,-,1669,2778,370,spanning_target_gene,TRUE,TRUE,193,2724,TRUE,TRUE,High (Expressible)
202866,Salsa-BC25-P1C1,-1,1,-,1669,2778,370,spanning_target_gene,TRUE,TRUE,193,2724,TRUE,TRUE,High (Expressible)
202865,Salsa-BC24-P1B12,-1,1,-,1669,2778,370,spanning_target_gene,TRUE,TRUE,193,2724,TRUE,TRUE,High (Expressible)
202867,Salsa-BC26-P1C2,-1,1,-,1669,2778,370,spanning_target_gene,TRUE,TRUE,193,2724,TRUE,TRUE,High (Expressible)
202872,Salsa-BC31-P1C7,-1,1,-,1669,2778,370,spanning_target_gene,TRUE,TRUE,193,2724,TRUE,TRUE,High (Expressible)
202871,Salsa-BC30-P1C6,-1,1,-,1669,2778,370,spanning_target_gene,TRUE,TRUE,193,2724,TRUE,TRUE,High (Expressible)
202869,Salsa-BC28-P1C4,-1,1,-,1669,2778,370,spanning_target_gene,TRUE,TRUE,193,2724,TRUE,TRUE,High (Expressible)
202877,Salsa-BC36-P1C12,-1,1,-,1669,2778,370,spanning_target_gene,TRUE,TRUE,193,2724,TRUE,TRUE,High (Expressible)
202874,Salsa-BC33-P1C9,-1,1,-,1669,2778,370,spanning_target_gene,TRUE,TRUE,193,2724,TRUE,TRUE,High (Expressible)
202870,Salsa-BC29-P1C5,-1,1,-,1669,2778,370,spanning_target_gene,TRUE,TRUE,193,2724,TRUE,TRUE,High (Expressible)
202878,Salsa-BC37-P1D1,-1,1,-,1669,2778,370,spanning_target_gene,TRUE,TRUE,193,2724,TRUE,TRUE,High (Expressible)
202873,Salsa-BC32-P1C8,-1,1,-,1669,2778,370,spanning_target_gene,TRUE,TRUE,193,2724,TRUE,TRUE,High (Expressible)
202875,Salsa-BC34-P1C10,-1,1,-,1669,2778,370,spanning_target_gene,TRUE,TRUE,193,2724,TRUE,TRUE,High (Expressible)
202881,Salsa-BC40-P1D4,-1,1,-,1669,2778,370,spanning_target_gene,TRUE,TRUE,193,2724,TRUE,TRUE,High (Expressible)
202876,Salsa-BC35-P1C11,-1,1,-,1669,2778,370,spanning_target_gene,TRUE,TRUE,193,2724,TRUE,TRUE,High (Expressible)
202884,Salsa-BC43-P1D7,-1,1,-,1669,2778,370,spanning_target_gene,TRUE,TRUE,193,2724,TRUE,TRUE,High (Expressible)
202886,Salsa-BC45-P1D9,-1,1,-,1669,2778,370,spanning_target_gene,TRUE,TRUE,193,2724,TRUE,TRUE,High (Expressible)
202888,Salsa-BC47-P1D11,-1,1,-,1669,2778,370,spanning_target_gene,TRUE,TRUE,193,2724,TRUE,TRUE,High (Expressible)
202883,Salsa-BC42-P1D6,-1,1,-,1669,2778,370,spanning_target_gene,TRUE,TRUE,193,2724,TRUE,TRUE,High (Expressible)
202895,Salsa-BC54-P1E6,-1,1,-,1669,2778,370,spanning_target_gene,TRUE,TRUE,193,2724,TRUE,TRUE,High (Expressible)
202889,Salsa-BC48-P1D12,-1,1,-,1669,2778,370,spanning_target_gene,TRUE,TRUE,193,2724,TRUE,TRUE,High (Expressible)
202893,Salsa-BC52-P1E4,-1,1,-,1669,2778,370,spanning_target_gene,TRUE,TRUE,193,2724,TRUE,TRUE,High (Expressible)
202896,Salsa-BC55-P1E7,-1,1,-,1669,2778,370,spanning_target_gene,TRUE,TRUE,193,2724,TRUE,TRUE,High (Expressible)
202894,Salsa-BC53-P1E5,-1,1,-,1669,2778,370,spanning_target_gene,TRUE,TRUE,193,2724,TRUE,TRUE,High (Expressible)
202891,Salsa-BC50-P1E2,-1,1,-,1669,2778,370,spanning_target_gene,TRUE,TRUE,193,2724,TRUE,TRUE,High (Expressible)
202890,Salsa-BC49-P1E1,-1,1,-,1669,2778,370,spanning_target_gene,TRUE,TRUE,193,2724,TRUE,TRUE,High (Expressible)
202897,Salsa-BC56-P1E8,-1,1,-,1669,2778,370,spanning_target_gene,TRUE,TRUE,193,2724,TRUE,TRUE,High (Expressible)
202898,Salsa-BC57-P1E9,-1,1,-,1669,2778,370,spanning_target_gene,TRUE,TRUE,193,2724,TRUE,TRUE,High (Expressible)
202899,Salsa-BC58-P1E10,-1,1,-,1669,2778,370,spanning_target_gene,TRUE,TRUE,193,2724,TRUE,TRUE,High (Expressible)
202900,Salsa-BC59-P1E11,-1,1,-,1669,2778,370,spanning_target_gene,TRUE,TRUE,193,2724,TRUE,TRUE,High (Expressible)
202901,Salsa-BC60-P1E12,-1,1,-,1669,2778,370,spanning_target_gene,TRUE,TRUE,193,2724,TRUE,TRUE,High (Expressible)
202902,Salsa-BC61-P1F1,-1,1,-,1669,2778,370,spanning_target_gene,TRUE,TRUE,193,2724,TRUE,TRUE,High (Expressible)
202903,Salsa-BC62-P1F2,-1,1,-,1669,2778,370,spanning_target_gene,TRUE,TRUE,193,2724,TRUE,TRUE,High (Expressible)
202904,Salsa-BC63-P1F3,-1,1,-,1669,2778,370,spanning_target_gene,TRUE,TRUE,193,2724,TRUE,TRUE,High (Expressible)
202905,Salsa-BC64-P1F4,-1,1,-,1669,2778,370,spanning_target_gene,TRUE,TRUE,193,2724,TRUE,TRUE,High (Expressible)
202906,Salsa-BC65-P1F5,-1,1,-,1669,2778,370,spanning_target_gene,TRUE,TRUE,193,2724,TRUE,TRUE,High (Expressible)
202907,Salsa-BC66-P1F6,-1,1,-,1669,2778,370,spanning_target_gene,TRUE,TRUE,193,2724,TRUE,TRUE,High (Expressible)
202908,Salsa-BC67-P1F7,-1,1,-,1669,2778,370,spanning_target_gene,TRUE,TRUE,193,2724,TRUE,TRUE,High (Expressible)
202911,Salsa-BC70-P1F10,-1,1,-,1669,2778,370,spanning_target_gene,TRUE,TRUE,193,2724,TRUE,TRUE,High (Expressible)
202910,Salsa-BC69-P1F9,-1,1,-,1669,2778,370,spanning_target_gene,TRUE,TRUE,193,2724,TRUE,TRUE,High (Expressible)
202909,Salsa-BC68-P1F8,-1,1,-,1669,2778,370,spanning_target_gene,TRUE,TRUE,193,2724,TRUE,TRUE,High (Expressible)
202914,Salsa-BC73-P1G1,-1,1,-,1669,2778,370,spanning_target_gene,TRUE,TRUE,193,2724,TRUE,TRUE,High (Expressible)
202912,Salsa-BC71-P1F11,-1,1,-,1669,2778,370,spanning_target_gene,TRUE,TRUE,193,2724,TRUE,TRUE,High (Expressible)
202918,Salsa-BC77-P1G5,-1,1,-,1669,2778,370,spanning_target_gene,TRUE,TRUE,193,2724,TRUE,TRUE,High (Expressible)
202916,Salsa-BC75-P1G3,-1,1,-,1669,2778,370,spanning_target_gene,TRUE,TRUE,193,2724,TRUE,TRUE,High (Expressible)
202913,Salsa-BC72-P1F12,-1,1,-,1669,2778,370,spanning_target_gene,TRUE,TRUE,193,2724,TRUE,TRUE,High (Expressible)
202915,Salsa-BC74-P1G2,-1,1,-,1669,2778,370,spanning_target_gene,TRUE,TRUE,193,2724,TRUE,TRUE,High (Expressible)
202917,Salsa-BC76-P1G4,-1,1,-,1669,2778,370,spanning_target_gene,TRUE,TRUE,193,2724,TRUE,TRUE,High (Expressible)
202919,Salsa-BC78-P1G6,-1,1,-,1669,2778,370,spanning_target_gene,TRUE,TRUE,193,2724,TRUE,TRUE,High (Expressible)
202920,Salsa-BC79-P1G7,-1,1,-,1669,2778,370,spanning_target_gene,TRUE,TRUE,193,2724,TRUE,TRUE,High (Expressible)
202921,Salsa-BC80-P1G8,-1,1,-,1669,2778,370,spanning_target_gene,TRUE,TRUE,193,2724,TRUE,TRUE,High (Expressible)
202922,Salsa-BC81-P1G9,-1,1,-,1669,2778,370,spanning_target_gene,TRUE,TRUE,193,2724,TRUE,TRUE,High (Expressible)
202925,Salsa-BC84-P1G12,-1,1,-,1669,2778,370,spanning_target_gene,TRUE,TRUE,193,2724,TRUE,TRUE,High (Expressible)
202923,Salsa-BC82-P1G10,-1,1,-,1669,2778,370,spanning_target_gene,TRUE,TRUE,193,2724,TRUE,TRUE,High (Expressible)
202928,Salsa-BC87-P1H3,-1,1,-,1669,2778,370,spanning_target_gene,TRUE,TRUE,193,2724,TRUE,TRUE,High (Expressible)
202930,Salsa-BC89-P1H5,-1,1,-,1669,2778,370,spanning_target_gene,TRUE,TRUE,193,2724,TRUE,TRUE,High (Expressible)
202927,Salsa-BC86-P1H2,-1,1,-,1669,2778,370,spanning_target_gene,TRUE,TRUE,193,2724,TRUE,TRUE,High (Expressible)
202933,Salsa-BC92-P1H8,-1,1,-,1669,2778,370,spanning_target_gene,TRUE,TRUE,193,2724,TRUE,TRUE,High (Expressible)
202932,Salsa-BC91-P1H7,-1,1,-,1669,2778,370,spanning_target_gene,TRUE,TRUE,193,2724,TRUE,TRUE,High (Expressible)
202931,Salsa-BC90-P1H6,-1,1,-,1669,2778,370,spanning_target_gene,TRUE,TRUE,193,2724,TRUE,TRUE,High (Expressible)
202939,Salsa-BC98-P2A2,-1,1,-,1669,2778,370,spanning_target_gene,TRUE,TRUE,193,2724,TRUE,TRUE,High (Expressible)
202940,Salsa-BC99-P2A3,-1,1,-,1669,2778,370,spanning_target_gene,TRUE,TRUE,193,2724,TRUE,TRUE,High (Expressible)
202941,Salsa-BC100-P2A4,-1,1,-,1669,2778,370,spanning_target_gene,TRUE,TRUE,193,2724,TRUE,TRUE,High (Expressible)
202936,Salsa-BC95-P1H11,-1,1,-,1669,2778,370,spanning_target_gene,TRUE,TRUE,193,2724,TRUE,TRUE,High (Expressible)
202943,Salsa-BC102-P2A6,-1,1,-,1669,2778,370,spanning_target_gene,TRUE,TRUE,193,2724,TRUE,TRUE,High (Expressible)
202950,Salsa-BC109-P2B1,-1,1,-,1669,2778,370,spanning_target_gene,TRUE,TRUE,193,2724,TRUE,TRUE,High (Expressible)
202949,Salsa-BC108-P2A12,-1,1,-,1669,2778,370,spanning_target_gene,TRUE,TRUE,193,2724,TRUE,TRUE,High (Expressible)
202951,Salsa-BC110-P2B2,-1,1,-,1669,2778,370,spanning_target_gene,TRUE,TRUE,193,2724,TRUE,TRUE,High (Expressible)
202946,Salsa-BC105-P2A9,-1,1,-,1669,2778,370,spanning_target_gene,TRUE,TRUE,193,2724,TRUE,TRUE,High (Expressible)
202948,Salsa-BC107-P2A11,-1,1,-,1669,2778,370,spanning_target_gene,TRUE,TRUE,193,2724,TRUE,TRUE,High (Expressible)
202954,Salsa-BC113-P2B5,-1,1,-,1669,2778,370,spanning_target_gene,TRUE,TRUE,193,2724,TRUE,TRUE,High (Expressible)
202953,Salsa-BC112-P2B4,-1,1,-,1669,2778,370,spanning_target_gene,TRUE,TRUE,193,2724,TRUE,TRUE,High (Expressible)
202947,Salsa-BC106-P2A10,-1,1,-,1669,2778,370,spanning_target_gene,TRUE,TRUE,193,2724,TRUE,TRUE,High (Expressible)
202958,Salsa-BC117-P2B9,-1,1,-,1669,2778,370,spanning_target_gene,TRUE,TRUE,193,2724,TRUE,TRUE,High (Expressible)
202965,Salsa-BC124-P2C4,-1,1,-,1669,2778,370,spanning_target_gene,TRUE,TRUE,193,2724,TRUE,TRUE,High (Expressible)
202960,Salsa-BC119-P2B11,-1,1,-,1669,2778,370,spanning_target_gene,TRUE,TRUE,193,2724,TRUE,TRUE,High (Expressible)
202959,Salsa-BC118-P2B10,-1,1,-,1669,2778,370,spanning_target_gene,TRUE,TRUE,193,2724,TRUE,TRUE,High (Expressible)
202966,Salsa-BC125-P2C5,-1,1,-,1669,2778,370,spanning_target_gene,TRUE,TRUE,193,2724,TRUE,TRUE,High (Expressible)
202963,Salsa-BC122-P2C2,-1,1,-,1669,2778,370,spanning_target_gene,TRUE,TRUE,193,2724,TRUE,TRUE,High (Expressible)
202964,Salsa-BC123-P2C3,-1,1,-,1669,2778,370,spanning_target_gene,TRUE,TRUE,193,2724,TRUE,TRUE,High (Expressible)
202970,Salsa-BC129-P2C9,-1,1,-,1669,2778,370,spanning_target_gene,TRUE,TRUE,193,2724,TRUE,TRUE,High (Expressible)
202969,Salsa-BC128-P2C8,-1,1,-,1669,2778,370,spanning_target_gene,TRUE,TRUE,193,2724,TRUE,TRUE,High (Expressible)
202968,Salsa-BC127-P2C7,-1,1,-,1669,2778,370,spanning_target_gene,TRUE,TRUE,193,2724,TRUE,TRUE,High (Expressible)
202973,Salsa-BC132-P2C12,-1,1,-,1669,2778,370,spanning_target_gene,TRUE,TRUE,193,2724,TRUE,TRUE,High (Expressible)
202972,Salsa-BC131-P2C11,-1,1,-,1669,2778,370,spanning_target_gene,TRUE,TRUE,193,2724,TRUE,TRUE,High (Expressible)
202967,Salsa-BC126-P2C6,-1,1,-,1669,2778,370,spanning_target_gene,TRUE,TRUE,193,2724,TRUE,TRUE,High (Expressible)
202977,Salsa-BC136-P2D4,-1,1,-,1669,2778,370,spanning_target_gene,TRUE,TRUE,193,2724,TRUE,TRUE,High (Expressible)
202976,Salsa-BC135-P2D3,-1,1,-,1669,2778,370,spanning_target_gene,TRUE,TRUE,193,2724,TRUE,TRUE,High (Expressible)
202978,Salsa-BC137-P2D5,-1,1,-,1669,2778,370,spanning_target_gene,TRUE,TRUE,193,2724,TRUE,TRUE,High (Expressible)
202975,Salsa-BC134-P2D2,-1,1,-,1669,2778,370,spanning_target_gene,TRUE,TRUE,193,2724,TRUE,TRUE,High (Expressible)
202979,Salsa-BC138-P2D6,-1,1,-,1669,2778,370,spanning_target_gene,TRUE,TRUE,193,2724,TRUE,TRUE,High (Expressible)
202980,Salsa-BC139-P2D7,-1,1,-,1669,2778,370,spanning_target_gene,TRUE,TRUE,193,2724,TRUE,TRUE,High (Expressible)
202988,Salsa-BC147-P2E3,-1,1,-,1669,2778,370,spanning_target_gene,TRUE,TRUE,193,2724,TRUE,TRUE,High (Expressible)
202985,Salsa-BC144-P2D12,-1,1,-,1669,2778,370,spanning_target_gene,TRUE,TRUE,193,2724,TRUE,TRUE,High (Expressible)
202984,Salsa-BC143-P2D11,-1,1,-,1669,2778,370,spanning_target_gene,TRUE,TRUE,193,2724,TRUE,TRUE,High (Expressible)
202982,Salsa-BC141-P2D9,-1,1,-,1669,2778,370,spanning_target_gene,TRUE,TRUE,193,2724,TRUE,TRUE,High (Expressible)
202986,Salsa-BC145-P2E1,-1,1,-,1669,2778,370,spanning_target_gene,TRUE,TRUE,193,2724,TRUE,TRUE,High (Expressible)
202990,Salsa-BC149-P2E5,-1,1,-,1669,2778,370,spanning_target_gene,TRUE,TRUE,193,2724,TRUE,TRUE,High (Expressible)
202995,Salsa-BC154-P2E10,-1,1,-,1669,2778,370,spanning_target_gene,TRUE,TRUE,193,2724,TRUE,TRUE,High (Expressible)
202987,Salsa-BC146-P2E2,-1,1,-,1669,2778,370,spanning_target_gene,TRUE,TRUE,193,2724,TRUE,TRUE,High (Expressible)
202993,Salsa-BC152-P2E8,-1,1,-,1669,2778,370,spanning_target_gene,TRUE,TRUE,193,2724,TRUE,TRUE,High (Expressible)
202994,Salsa-BC153-P2E9,-1,1,-,1669,2778,370,spanning_target_gene,TRUE,TRUE,193,2724,TRUE,TRUE,High (Expressible)
202999,Salsa-BC158-P2F2,-1,1,-,1669,2778,370,spanning_target_gene,TRUE,TRUE,193,2724,TRUE,TRUE,High (Expressible)
203003,Salsa-BC162-P2F6,-1,1,-,1669,2778,370,spanning_target_gene,TRUE,TRUE,193,2724,TRUE,TRUE,High (Expressible)
203009,Salsa-BC168-P2F12,-1,1,-,1669,2778,370,spanning_target_gene,TRUE,TRUE,193,2724,TRUE,TRUE,High (Expressible)
203001,Salsa-BC160-P2F4,-1,1,-,1669,2778,370,spanning_target_gene,TRUE,TRUE,193,2724,TRUE,TRUE,High (Expressible)
203000,Salsa-BC159-P2F3,-1,1,-,1669,2778,370,spanning_target_gene,TRUE,TRUE,193,2724,TRUE,TRUE,High (Expressible)
203006,Salsa-BC165-P2F9,-1,1,-,1669,2778,370,spanning_target_gene,TRUE,TRUE,193,2724,TRUE,TRUE,High (Expressible)
203007,Salsa-BC166-P2F10,-1,1,-,1669,2778,370,spanning_target_gene,TRUE,TRUE,193,2724,TRUE,TRUE,High (Expressible)
203008,Salsa-BC167-P2F11,-1,1,-,1669,2778,370,spanning_target_gene,TRUE,TRUE,193,2724,TRUE,TRUE,High (Expressible)
203005,Salsa-BC164-P2F8,-1,1,-,1669,2778,370,spanning_target_gene,TRUE,TRUE,193,2724,TRUE,TRUE,High (Expressible)
203021,Salsa-BC180-P2G12,-1,1,-,1669,2778,370,spanning_target_gene,TRUE,TRUE,193,2724,TRUE,TRUE,High (Expressible)
203015,Salsa-BC174-P2G6,-1,1,-,1669,2778,370,spanning_target_gene,TRUE,TRUE,193,2724,TRUE,TRUE,High (Expressible)
203011,Salsa-BC170-P2G2,-1,1,-,1669,2778,370,spanning_target_gene,TRUE,TRUE,193,2724,TRUE,TRUE,High (Expressible)
203020,Salsa-BC179-P2G11,-1,1,-,1669,2778,370,spanning_target_gene,TRUE,TRUE,193,2724,TRUE,TRUE,High (Expressible)
203014,Salsa-BC173-P2G5,-1,1,-,1669,2778,370,spanning_target_gene,TRUE,TRUE,193,2724,TRUE,TRUE,High (Expressible)
203017,Salsa-BC176-P2G8,-1,1,-,1669,2778,370,spanning_target_gene,TRUE,TRUE,193,2724,TRUE,TRUE,High (Expressible)
203022,Salsa-BC181-P2H1,-1,1,-,1669,2778,370,spanning_target_gene,TRUE,TRUE,193,2724,TRUE,TRUE,High (Expressible)
203024,Salsa-BC183-P2H3,-1,1,-,1669,2778,370,spanning_target_gene,TRUE,TRUE,193,2724,TRUE,TRUE,High (Expressible)
203025,Salsa-BC184-P2H4,-1,1,-,1669,2778,370,spanning_target_gene,TRUE,TRUE,193,2724,TRUE,TRUE,High (Expressible)
203032,Salsa-BC191-P2H11,-1,1,-,1669,2778,370,spanning_target_gene,TRUE,TRUE,193,2724,TRUE,TRUE,High (Expressible)
203029,Salsa-BC188-P2H8,-1,1,-,1669,2778,370,spanning_target_gene,TRUE,TRUE,193,2724,TRUE,TRUE,High (Expressible)
203028,Salsa-BC187-P2H7,-1,1,-,1669,2778,370,spanning_target_gene,TRUE,TRUE,193,2724,TRUE,TRUE,High (Expressible)
203031,Salsa-BC190-P2H10,-1,1,-,1669,2778,370,spanning_target_gene,TRUE,TRUE,193,2724,TRUE,TRUE,High (Expressible)
203034,Salsa-BC193-P3A1,-1,1,-,1669,2778,370,spanning_target_gene,TRUE,TRUE,193,2724,TRUE,TRUE,High (Expressible)
203033,Salsa-BC192-P2H12,-1,1,-,1669,2778,370,spanning_target_gene,TRUE,TRUE,193,2724,TRUE,TRUE,High (Expressible)
203035,Salsa-BC194-P3A2,-1,1,-,1669,2778,370,spanning_target_gene,TRUE,TRUE,193,2724,TRUE,TRUE,High (Expressible)
203036,Salsa-BC195-P3A3,-1,1,-,1669,2778,370,spanning_target_gene,TRUE,TRUE,193,2724,TRUE,TRUE,High (Expressible)
203037,Salsa-BC196-P3A4,-1,1,-,1669,2778,370,spanning_target_gene,TRUE,TRUE,193,2724,TRUE,TRUE,High (Expressible)
203039,Salsa-BC198-P3A6,-1,1,-,1669,2778,370,spanning_target_gene,TRUE,TRUE,193,2724,TRUE,TRUE,High (Expressible)
203038,Salsa-BC197-P3A5,-1,1,-,1669,2778,370,spanning_target_gene,TRUE,TRUE,193,2724,TRUE,TRUE,High (Expressible)
203042,Salsa-BC201-P3A9,-1,1,-,1669,2778,370,spanning_target_gene,TRUE,TRUE,193,2724,TRUE,TRUE,High (Expressible)
203040,Salsa-BC199-P3A7,-1,1,-,1669,2778,370,spanning_target_gene,TRUE,TRUE,193,2724,TRUE,TRUE,High (Expressible)
203043,Salsa-BC202-P3A10,-1,1,-,1669,2778,370,spanning_target_gene,TRUE,TRUE,193,2724,TRUE,TRUE,High (Expressible)
203044,Salsa-BC203-P3A11,-1,1,-,1669,2583,305,spanning_target_gene,TRUE,TRUE,193,43,TRUE,TRUE,High (Expressible)
203047,Salsa-BC206-P3B2,-1,1,-,1669,2778,370,spanning_target_gene,TRUE,TRUE,193,2724,TRUE,TRUE,High (Expressible)
203045,Salsa-BC204-P3A12,-1,1,-,1669,2778,370,spanning_target_gene,TRUE,TRUE,193,2724,TRUE,TRUE,High (Expressible)
203048,Salsa-BC207-P3B3,-1,1,-,1669,2778,370,spanning_target_gene,TRUE,TRUE,193,2724,TRUE,TRUE,High (Expressible)
203051,Salsa-BC210-P3B6,-1,1,-,1669,2778,370,spanning_target_gene,TRUE,TRUE,193,2724,TRUE,TRUE,High (Expressible)
203050,Salsa-BC209-P3B5,-1,1,-,1669,2778,370,spanning_target_gene,TRUE,TRUE,193,2724,TRUE,TRUE,High (Expressible)
203053,Salsa-BC212-P3B8,-1,1,-,1669,2778,370,spanning_target_gene,TRUE,TRUE,193,2724,TRUE,TRUE,High (Expressible)
203055,Salsa-BC214-P3B10,-1,1,-,1669,2778,370,spanning_target_gene,TRUE,TRUE,193,2724,TRUE,TRUE,High (Expressible)
203052,Salsa-BC211-P3B7,-1,1,-,1669,2778,370,spanning_target_gene,TRUE,TRUE,193,2724,TRUE,TRUE,High (Expressible)
203054,Salsa-BC213-P3B9,-1,1,-,1669,2778,370,spanning_target_gene,TRUE,TRUE,193,2724,TRUE,TRUE,High (Expressible)
203060,Salsa-BC219-P3C3,-1,1,-,1669,2778,370,spanning_target_gene,TRUE,TRUE,193,2724,TRUE,TRUE,High (Expressible)
203059,Salsa-BC218-P3C2,-1,1,-,1669,2778,370,spanning_target_gene,TRUE,TRUE,193,2724,TRUE,TRUE,High (Expressible)
203064,Salsa-BC223-P3C7,-1,1,-,1669,2778,370,spanning_target_gene,TRUE,TRUE,193,2724,TRUE,TRUE,High (Expressible)
203062,Salsa-BC221-P3C5,-1,1,-,1669,2778,370,spanning_target_gene,TRUE,TRUE,193,2724,TRUE,TRUE,High (Expressible)
203065,Salsa-BC224-P3C8,-1,1,-,1669,2778,370,spanning_target_gene,TRUE,TRUE,193,2724,TRUE,TRUE,High (Expressible)
203067,Salsa-BC226-P3C10,-1,1,-,1669,2778,370,spanning_target_gene,TRUE,TRUE,193,2724,TRUE,TRUE,High (Expressible)
203068,Salsa-BC227-P3C11,-1,1,-,1669,2778,370,spanning_target_gene,TRUE,TRUE,193,2724,TRUE,TRUE,High (Expressible)
203075,Salsa-BC234-P3D6,-1,1,-,1669,2778,370,spanning_target_gene,TRUE,TRUE,193,2724,TRUE,TRUE,High (Expressible)
203072,Salsa-BC231-P3D3,-1,1,-,1669,2778,370,spanning_target_gene,TRUE,TRUE,193,2724,TRUE,TRUE,High (Expressible)
203066,Salsa-BC225-P3C9,-1,1,-,1669,2778,370,spanning_target_gene,TRUE,TRUE,193,2724,TRUE,TRUE,High (Expressible)
203071,Salsa-BC230-P3D2,-1,1,-,1669,2778,370,spanning_target_gene,TRUE,TRUE,193,2724,TRUE,TRUE,High (Expressible)
203073,Salsa-BC232-P3D4,-1,2,-,1670,2779,370,spanning_target_gene,TRUE,TRUE,193,2725,TRUE,TRUE,High (Expressible)
203070,Salsa-BC229-P3D1,-1,1,-,1669,2778,370,spanning_target_gene,TRUE,TRUE,193,2724,TRUE,TRUE,High (Expressible)
203069,Salsa-BC228-P3C12,-1,1,-,1669,2778,370,spanning_target_gene,TRUE,TRUE,193,2724,TRUE,TRUE,High (Expressible)
203077,Salsa-BC236-P3D8,-1,1,-,1669,2778,370,spanning_target_gene,TRUE,TRUE,193,2724,TRUE,TRUE,High (Expressible)
203081,Salsa-BC240-P3D12,-1,1,-,1669,2778,370,spanning_target_gene,TRUE,TRUE,193,2724,TRUE,TRUE,High (Expressible)
203078,Salsa-BC237-P3D9,-1,1,-,1669,2778,370,spanning_target_gene,TRUE,TRUE,193,2724,TRUE,TRUE,High (Expressible)
203082,Salsa-BC241-P3E1,-1,1,-,1669,2778,370,spanning_target_gene,TRUE,TRUE,193,2724,TRUE,TRUE,High (Expressible)
203083,Salsa-BC242-P3E2,-1,1,-,1669,2778,370,spanning_target_gene,TRUE,TRUE,193,2724,TRUE,TRUE,High (Expressible)
203086,Salsa-BC245-P3E5,-1,1,-,1669,2778,370,spanning_target_gene,TRUE,TRUE,193,2724,TRUE,TRUE,High (Expressible)
203085,Salsa-BC244-P3E4,-1,1,-,1669,2778,370,spanning_target_gene,TRUE,TRUE,193,2724,TRUE,TRUE,High (Expressible)
203091,Salsa-BC250-P3E10,-1,1,-,1669,2778,370,spanning_target_gene,TRUE,TRUE,193,2724,TRUE,TRUE,High (Expressible)
203089,Salsa-BC248-P3E8,-1,1,-,1669,2778,370,spanning_target_gene,TRUE,TRUE,193,2724,TRUE,TRUE,High (Expressible)
203087,Salsa-BC246-P3E6,-1,1,-,1669,2778,370,spanning_target_gene,TRUE,TRUE,193,2724,TRUE,TRUE,High (Expressible)
203093,Salsa-BC252-P3E12,-1,1,-,1669,2778,370,spanning_target_gene,TRUE,TRUE,193,2724,TRUE,TRUE,High (Expressible)
203090,Salsa-BC249-P3E9,-1,1,-,1669,2778,370,spanning_target_gene,TRUE,TRUE,193,2724,TRUE,TRUE,High (Expressible)
203088,Salsa-BC247-P3E7,-1,1,-,1669,2778,370,spanning_target_gene,TRUE,TRUE,193,2724,TRUE,TRUE,High (Expressible)
203096,Salsa-BC255-P3F3,-1,1,-,1669,2778,370,spanning_target_gene,TRUE,TRUE,193,2724,TRUE,TRUE,High (Expressible)
203100,Salsa-BC259-P3F7,-1,1,-,1669,2778,370,spanning_target_gene,TRUE,TRUE,193,2724,TRUE,TRUE,High (Expressible)
203099,Salsa-BC258-P3F6,-1,1,-,1669,2778,370,spanning_target_gene,TRUE,TRUE,193,2724,TRUE,TRUE,High (Expressible)
203102,Salsa-BC261-P3F9,-1,1,-,1669,2778,370,spanning_target_gene,TRUE,TRUE,193,2724,TRUE,TRUE,High (Expressible)
203097,Salsa-BC256-P3F4,-1,1,-,1669,2778,370,spanning_target_gene,TRUE,TRUE,193,2724,TRUE,TRUE,High (Expressible)
203101,Salsa-BC260-P3F8,-1,1,-,1669,2778,370,spanning_target_gene,TRUE,TRUE,193,2724,TRUE,TRUE,High (Expressible)
203106,Salsa-BC265-P3G1,-1,1,-,1669,2778,370,spanning_target_gene,TRUE,TRUE,193,2724,TRUE,TRUE,High (Expressible)
203109,Salsa-BC268-P3G4,-1,1,-,1669,2778,370,spanning_target_gene,TRUE,TRUE,193,2724,TRUE,TRUE,High (Expressible)
203104,Salsa-BC263-P3F11,-1,1,-,1669,2778,370,spanning_target_gene,TRUE,TRUE,193,2724,TRUE,TRUE,High (Expressible)
203098,Salsa-BC257-P3F5,-1,1,-,1669,2778,370,spanning_target_gene,TRUE,TRUE,193,2724,TRUE,TRUE,High (Expressible)
203105,Salsa-BC264-P3F12,-1,1,-,1669,2778,370,spanning_target_gene,TRUE,TRUE,193,2724,TRUE,TRUE,High (Expressible)
203107,Salsa-BC266-P3G2,-1,1,-,1669,2778,370,spanning_target_gene,TRUE,TRUE,193,2724,TRUE,TRUE,High (Expressible)
203110,Salsa-BC269-P3G5,-1,1,-,1669,2778,370,spanning_target_gene,TRUE,TRUE,193,2724,TRUE,TRUE,High (Expressible)
203111,Salsa-BC270-P3G6,-1,1,-,1669,2778,370,spanning_target_gene,TRUE,TRUE,193,2724,TRUE,TRUE,High (Expressible)
203113,Salsa-BC272-P3G8,-1,1,-,1669,2778,370,spanning_target_gene,TRUE,TRUE,193,2724,TRUE,TRUE,High (Expressible)
203112,Salsa-BC271-P3G7,-1,1,-,1669,2778,370,spanning_target_gene,TRUE,TRUE,193,2724,TRUE,TRUE,High (Expressible)
203114,Salsa-BC273-P3G9,-1,1,-,1669,2778,370,spanning_target_gene,TRUE,TRUE,193,2724,TRUE,TRUE,High (Expressible)
203116,Salsa-BC275-P3G11,-1,1,-,1669,2778,370,spanning_target_gene,TRUE,TRUE,193,2724,TRUE,TRUE,High (Expressible)
203115,Salsa-BC274-P3G10,-1,1,-,1669,2778,370,spanning_target_gene,TRUE,TRUE,193,2724,TRUE,TRUE,High (Expressible)
203118,Salsa-BC277-P3H1,-1,1,-,1669,2778,370,spanning_target_gene,TRUE,TRUE,193,2724,TRUE,TRUE,High (Expressible)
203119,Salsa-BC278-P3H2,-1,1,-,1669,2778,370,spanning_target_gene,TRUE,TRUE,193,2724,TRUE,TRUE,High (Expressible)
203117,Salsa-BC276-P3G12,-1,1,-,1669,2778,370,spanning_target_gene,TRUE,TRUE,193,2724,TRUE,TRUE,High (Expressible)
203121,Salsa-BC280-P3H4,-1,1,-,1669,2778,370,spanning_target_gene,TRUE,TRUE,193,2724,TRUE,TRUE,High (Expressible)
203122,Salsa-BC281-P3H5,-1,1,-,1669,2778,370,spanning_target_gene,TRUE,TRUE,193,2724,TRUE,TRUE,High (Expressible)
203125,Salsa-BC284-P3H8,-1,1,-,1669,2778,370,spanning_target_gene,TRUE,TRUE,193,2724,TRUE,TRUE,High (Expressible)
203127,Salsa-BC286-P3H10,-1,1,-,1669,2778,370,spanning_target_gene,TRUE,TRUE,193,2724,TRUE,TRUE,High (Expressible)
203126,Salsa-BC285-P3H9,-1,1,-,1669,2778,370,spanning_target_gene,TRUE,TRUE,193,2724,TRUE,TRUE,High (Expressible)
203124,Salsa-BC283-P3H7,-1,1,-,1669,2778,370,spanning_target_gene,TRUE,TRUE,193,2724,TRUE,TRUE,High (Expressible)
203129,Salsa-BC288-P3H12,-1,1,-,1669,2778,370,spanning_target_gene,TRUE,TRUE,193,2724,TRUE,TRUE,High (Expressible)
203128,Salsa-BC287-P3H11,-1,1,-,1669,2778,370,spanning_target_gene,TRUE,TRUE,193,2724,TRUE,TRUE,High (Expressible)
203137,Salsa-BC296-P4B4,-1,1,-,1669,2778,370,spanning_target_gene,TRUE,TRUE,193,2724,TRUE,TRUE,High (Expressible)
203130,Salsa-BC289-P4A1,-1,1,-,1669,2778,370,spanning_target_gene,TRUE,TRUE,193,2724,TRUE,TRUE,High (Expressible)
203135,Salsa-BC294-P4B2,-1,1,-,1669,2778,370,spanning_target_gene,TRUE,TRUE,193,2724,TRUE,TRUE,High (Expressible)
203131,Salsa-BC290-P4A2,-1,1,-,1669,2778,370,spanning_target_gene,TRUE,TRUE,193,2724,TRUE,TRUE,High (Expressible)
203133,Salsa-BC292-P4A4,-1,1,-,1669,2778,370,spanning_target_gene,TRUE,TRUE,193,2724,TRUE,TRUE,High (Expressible)
203136,Salsa-BC295-P4B3,-1,1,-,1669,2778,370,spanning_target_gene,TRUE,TRUE,193,2724,TRUE,TRUE,High (Expressible)
203132,Salsa-BC291-P4A3,-1,1,-,1669,2778,370,spanning_target_gene,TRUE,TRUE,193,2724,TRUE,TRUE,High (Expressible)
203141,Salsa-BC300-P4D1,-1,1,-,1669,2778,370,spanning_target_gene,TRUE,TRUE,193,2724,TRUE,TRUE,High (Expressible)
203138,Salsa-BC297-P4C1,-1,1,-,1669,2778,370,spanning_target_gene,TRUE,TRUE,193,2724,TRUE,TRUE,High (Expressible)
203140,Salsa-BC299-P4C3,-1,1,-,1669,2778,370,spanning_target_gene,TRUE,TRUE,193,2724,TRUE,TRUE,High (Expressible)
203143,Salsa-BC302-P4D3,-1,1,-,1669,2778,370,spanning_target_gene,TRUE,TRUE,193,2724,TRUE,TRUE,High (Expressible)
203148,Salsa-BC307-P4F2,-1,1,-,1669,2778,370,spanning_target_gene,TRUE,TRUE,193,2724,TRUE,TRUE,High (Expressible)
203146,Salsa-BC305-P4E3,-1,1,-,1669,2778,370,spanning_target_gene,TRUE,TRUE,193,2724,TRUE,TRUE,High (Expressible)
203144,Salsa-BC303-P4E1,-1,1,-,1669,2778,370,spanning_target_gene,TRUE,TRUE,193,2724,TRUE,TRUE,High (Expressible)
203147,Salsa-BC306-P4F1,-1,1,-,1669,2778,370,spanning_target_gene,TRUE,TRUE,193,2724,TRUE,TRUE,High (Expressible)
203149,Salsa-BC308-P4F3,-1,1,-,1669,2778,370,spanning_target_gene,TRUE,TRUE,193,2724,TRUE,TRUE,High (Expressible)
203145,Salsa-BC304-P4E2,-1,1,-,1669,2778,370,spanning_target_gene,TRUE,TRUE,193,2724,TRUE,TRUE,High (Expressible)
203150,Salsa-BC309-P4G1,-1,1,-,1669,2778,370,spanning_target_gene,TRUE,TRUE,193,2724,TRUE,TRUE,High (Expressible)
203153,Salsa-BC312-P4H1,-1,1,-,1669,2778,370,spanning_target_gene,TRUE,TRUE,193,2724,TRUE,TRUE,High (Expressible)
203154,Salsa-BC313-P4H2,-1,1,-,1669,2778,370,spanning_target_gene,TRUE,TRUE,193,2724,TRUE,TRUE,High (Expressible)
203152,Salsa-BC311-P4G3,-1,1,-,1669,2778,370,spanning_target_gene,TRUE,TRUE,193,2724,TRUE,TRUE,High (Expressible)
203155,Salsa-BC314-P4H3,-1,1,-,1669,2778,370,spanning_target_gene,TRUE,TRUE,193,2724,TRUE,TRUE,High (Expressible)
203908,pHR_Gal4UAS_dGFP_PGK_iRFP (pLZA042),-1,1,-,3807,4622,272,spanning_target_gene,TRUE,TRUE,14,2484,TRUE,TRUE,High (Expressible)
204018,pUCmini-NFKB1-PGK-EGFP,-2,1,-,374,1048,225,partial_target_gene,TRUE,TRUE,404,682,TRUE,TRUE,High (Expressible)
204020,pUCmini-NFKB2-PGK-EGFP,-2,2,-,220,1056,279,partial_target_gene,TRUE,TRUE,250,682,TRUE,TRUE,High (Expressible)
204497,PB-CAG-rtTA-IRES-eGFP-pGK-NeoR,-1,3,-,5150,6103,318,spanning_target_gene,TRUE,TRUE,2422,13,TRUE,TRUE,High (Expressible)
204575,pGFP-p62 var2,-1,1,-,598,1914,439,spanning_target_gene,TRUE,TRUE,29,795,TRUE,TRUE,High (Expressible)
205130,pJSK664,-1,2,-,598,2181,528,spanning_target_gene,TRUE,TRUE,29,137,TRUE,TRUE,High (Expressible)
205092,Integrin β4-GFP,-2,3,-,5706,6119,138,partial_target_gene,TRUE,TRUE,5137,798,TRUE,TRUE,High (Expressible)
205129,pJSK663,-1,1,-,598,1815,406,spanning_target_gene,TRUE,TRUE,29,90,TRUE,TRUE,High (Expressible)
205139,pJV0047,-1,3,-,4840,6726,629,spanning_target_gene,TRUE,TRUE,168,144,TRUE,TRUE,High (Expressible)
205128,pJSK659,-1,2,-,598,1902,435,spanning_target_gene,TRUE,TRUE,29,161,TRUE,TRUE,High (Expressible)
205138,pJV0042,-1,3,-,4840,6447,536,spanning_target_gene,TRUE,TRUE,168,123,TRUE,TRUE,High (Expressible)
205631,pKM-T4-CMV-TnpB-optimized-P2A-GFP-Puro,-1,2,-,819,3713,965,spanning_target_gene,TRUE,TRUE,236,90,TRUE,TRUE,High (Expressible)
206148,PGK EGFP-RAB3A-T86E,-2,1,-,21,605,195,partial_target_gene,TRUE,TRUE,2145,1504,TRUE,TRUE,High (Expressible)
206146,PGK EGFP-RAB3A-WT,-2,1,-,120,704,195,partial_target_gene,TRUE,TRUE,2145,1504,TRUE,TRUE,High (Expressible)
206027,GFP-Lamin-A,-2,1,-,1263,1985,241,partial_target_gene,TRUE,TRUE,694,1556,TRUE,TRUE,High (Expressible)
206027,GFP-Lamin-A,-1,3,-,598,3441,948,spanning_target_gene,TRUE,TRUE,29,100,TRUE,TRUE,High (Expressible)
205994,pLV-CMV-KIF2C,3,2,+,2753,3721,323,spanning_target_gene,TRUE,TRUE,2119,4083,TRUE,TRUE,High (Expressible)
206033,pCAIP-hXRCC1pd-eGFP,-1,2,-,3601,4767,389,spanning_target_gene,TRUE,TRUE,3832,1384,TRUE,TRUE,High (Expressible)
206044,GFP hSmad4-HomDonor,-1,3,-,6776,7612,279,spanning_target_gene,TRUE,TRUE,1719,2626,TRUE,TRUE,High (Expressible)
206032,pCAIP-hXRCC1wt-eGFP,-1,1,-,3617,4783,389,spanning_target_gene,TRUE,TRUE,2947,1383,TRUE,TRUE,High (Expressible)
206149,PGK EGFP-RAB3A-T86A,-2,1,-,21,605,195,partial_target_gene,TRUE,TRUE,2145,1504,TRUE,TRUE,High (Expressible)
206169,Lenti-2XPRE-GFP,3,3,+,2124,2897,258,spanning_target_gene,TRUE,TRUE,1713,10,TRUE,TRUE,High (Expressible)
206170,Lenti-4XPRE-GFP,3,3,+,2178,2951,258,spanning_target_gene,TRUE,TRUE,1767,10,TRUE,TRUE,High (Expressible)
206171,Lenti-6XPRE-GFP,3,3,+,2232,3005,258,spanning_target_gene,TRUE,TRUE,1821,10,TRUE,TRUE,High (Expressible)
206407,pEGFP-N3-hARL1(Q71L),-2,3,-,877,1233,119,partial_target_gene,TRUE,TRUE,318,798,TRUE,TRUE,High (Expressible)
206406,pEGFP-N3-hARL1(WT),-2,3,-,886,1242,119,partial_target_gene,TRUE,TRUE,318,798,TRUE,TRUE,High (Expressible)
206408,pEGFP-N3-hARL1(T31N),-2,2,-,887,1243,119,partial_target_gene,TRUE,TRUE,318,798,TRUE,TRUE,High (Expressible)
206414,pEGFP-C1-hEFA6C,-2,1,-,1254,1604,117,partial_target_gene,TRUE,TRUE,694,2210,TRUE,TRUE,High (Expressible)
206413,pEGFP-C1-hEFA6B,-1,2,-,588,1577,330,spanning_target_gene,TRUE,TRUE,29,3081,TRUE,TRUE,High (Expressible)
206412,pEGFP-C1-hEFA6A,-2,2,-,1263,1652,130,partial_target_gene,TRUE,TRUE,694,2920,TRUE,TRUE,High (Expressible)
206485,F18-pAc5.1 EGFP Vasa 200-462,-1,1,-,2474,3463,330,spanning_target_gene,TRUE,TRUE,2567,840,TRUE,TRUE,High (Expressible)
206488,F23-pAc5.1 EGFP Cup,-1,1,-,2426,3361,312,spanning_target_gene,TRUE,TRUE,2567,3456,TRUE,TRUE,High (Expressible)
20680,pHJ421,-2,3,-,2141,2491,117,partial_target_gene,TRUE,TRUE,1565,798,TRUE,TRUE,High (Expressible)
20671,pHJ320,-2,3,-,2051,2458,136,partial_target_gene,TRUE,TRUE,1475,798,TRUE,TRUE,High (Expressible)
20676,pHJ321,-2,2,-,1680,2087,136,partial_target_gene,TRUE,TRUE,1475,798,TRUE,TRUE,High (Expressible)
20681,pHJ423,-2,3,-,2141,2491,117,partial_target_gene,TRUE,TRUE,1565,798,TRUE,TRUE,High (Expressible)
207170,pLV-REPORT (PGK) 5xGRE-NanoLuc,3,3,+,3462,4475,338,spanning_target_gene,TRUE,TRUE,2714,2436,TRUE,TRUE,High (Expressible)
207170,pLV-REPORT (PGK) 5xGRE-NanoLuc,-1,3,-,3580,5412,611,spanning_target_gene,TRUE,TRUE,2832,1499,TRUE,TRUE,High (Expressible)
20677,pHJ322,-2,2,-,1680,2087,136,partial_target_gene,TRUE,TRUE,1475,798,TRUE,TRUE,High (Expressible)
206906,pSA351_SCP1_intron_eGFP,-2,2,-,5364,5756,131,partial_target_gene,TRUE,TRUE,1586,1993,TRUE,TRUE,High (Expressible)
207551,AAVS1 EGFP-LC3B HRD,-1,3,-,8237,9352,372,spanning_target_gene,TRUE,TRUE,608,1011,TRUE,TRUE,High (Expressible)
207552,AAVS1 EGFP-GABARAPL1 HRD,-1,3,-,8237,9208,324,spanning_target_gene,TRUE,TRUE,608,1131,TRUE,TRUE,High (Expressible)
207881,NL4-3Δ6-drEGFP-IRES-mThy1.2,-1,1,-,6136,7041,302,spanning_target_gene,TRUE,TRUE,5501,2815,TRUE,TRUE,High (Expressible)
208336,pCAG-CBE4max-SpRYc-P2A-EGFP,-1,1,-,7345,8331,329,spanning_target_gene,TRUE,TRUE,6647,13,TRUE,TRUE,High (Expressible)
208360,pEGFP-ORP8-H514A-H515A,-1,1,-,4876,5706,277,spanning_target_gene,TRUE,TRUE,29,2610,TRUE,TRUE,High (Expressible)
208384,Lenti-sgRNA-Cre-GpNLuc-sgmMRE11,-1,3,+,4941,6110,390,spanning_target_gene,TRUE,TRUE,980,6372,TRUE,TRUE,High (Expressible)
208383,Lenti-sgRNA-Cre-GpNluc-sgControl,-1,2,+,2423,3592,390,spanning_target_gene,TRUE,TRUE,980,6372,TRUE,TRUE,High (Expressible)
208382,Lenti-sgRNA-Cre-GpNLuc,-1,3,+,4944,6113,390,spanning_target_gene,TRUE,TRUE,980,8232,TRUE,TRUE,High (Expressible)
208385,Lenti-sgRNA-Cre-GpNLuc-sgmcGAS,-1,1,+,2422,3591,390,spanning_target_gene,TRUE,TRUE,980,6372,TRUE,TRUE,High (Expressible)
208386,Lenti-sgRNA-Cre-GpNLuc-sgmSTING,-1,2,-,4578,5747,390,spanning_target_gene,TRUE,TRUE,955,927,TRUE,TRUE,High (Expressible)
208387,Lenti-sgRNA-Cre-GpNLuc-sgmZBP1#1,-1,3,+,4932,6101,390,spanning_target_gene,TRUE,TRUE,980,6372,TRUE,TRUE,High (Expressible)
208388,Lenti-sgRNA-Cre-GpNLuc-sgmZBP1#2,-1,2,-,6651,7820,390,spanning_target_gene,TRUE,TRUE,955,927,TRUE,TRUE,High (Expressible)
208389,Lenti-sgRNA-Cre-GpNLuc-sgmZBP1#3,-1,3,+,2148,3317,390,spanning_target_gene,TRUE,TRUE,980,6371,TRUE,TRUE,High (Expressible)
208391,Lenti-sgRNA-Cre-GpNLuc-sgmMLKL,-1,3,+,2148,3317,390,spanning_target_gene,TRUE,TRUE,980,6371,TRUE,TRUE,High (Expressible)
208573,pLV-REPORT(PGKCMV)-nucTomato-hygro,-1,2,-,4707,6479,591,spanning_target_gene,TRUE,TRUE,68,1499,TRUE,TRUE,High (Expressible)
208392,Lenti-sgRNA-Cre-GpNLuc-sgmATM,-1,3,+,2148,3317,390,spanning_target_gene,TRUE,TRUE,980,6372,TRUE,TRUE,High (Expressible)
208574,pLV-REPORT(PGK/CMV)-GtwyA,-1,3,-,8518,10290,591,spanning_target_gene,TRUE,TRUE,68,1499,TRUE,TRUE,High (Expressible)
208575,pLV-REPORT (PGK) 12xHRE-NanoLuc,3,3,+,4356,5369,338,spanning_target_gene,TRUE,TRUE,3608,2436,TRUE,TRUE,High (Expressible)
208575,pLV-REPORT (PGK) 12xHRE-NanoLuc,-1,3,-,4474,6306,611,spanning_target_gene,TRUE,TRUE,3726,1499,TRUE,TRUE,High (Expressible)
208576,pLV-REPORT (PGK) NanoLuc,3,2,+,3386,4399,338,spanning_target_gene,TRUE,TRUE,2638,2436,TRUE,TRUE,High (Expressible)
208576,pLV-REPORT (PGK) NanoLuc,-1,2,-,3504,5336,611,spanning_target_gene,TRUE,TRUE,2756,1499,TRUE,TRUE,High (Expressible)
208684,pAAV-hSyn-EGFP-CAAX,3,1,+,145,1311,389,spanning_target_gene,TRUE,TRUE,1825,687,TRUE,TRUE,High (Expressible)
208903,Vd-ARATR-GFP,2,2,+,635,1516,294,partial_target_gene,TRUE,TRUE,66,835,TRUE,TRUE,High (Expressible)
208903,Vd-ARATR-GFP,3,3,+,1452,2246,265,spanning_target_gene,TRUE,TRUE,883,105,TRUE,TRUE,High (Expressible)
209099,pLKO.1-shCdh2.1 GFP,3,2,+,8387,9397,337,spanning_target_gene,TRUE,TRUE,828,885,TRUE,TRUE,High (Expressible)
209099,pLKO.1-shCdh2.1 GFP,-1,3,-,8643,9413,257,spanning_target_gene,TRUE,TRUE,1084,869,TRUE,TRUE,High (Expressible)
209102,pLKO.1-scrCdh10.1 GFP,3,3,+,8385,9395,337,spanning_target_gene,TRUE,TRUE,828,885,TRUE,TRUE,High (Expressible)
209102,pLKO.1-scrCdh10.1 GFP,-1,3,-,8641,9411,257,spanning_target_gene,TRUE,TRUE,1084,869,TRUE,TRUE,High (Expressible)
209101,pLKO.1-shCdh10.1 GFP,3,3,+,1962,2972,337,spanning_target_gene,TRUE,TRUE,828,885,TRUE,TRUE,High (Expressible)
209101,pLKO.1-shCdh10.1 GFP,-1,2,-,2218,2988,257,spanning_target_gene,TRUE,TRUE,1084,869,TRUE,TRUE,High (Expressible)
209095,pLKO.1-shCtnnd2.1-GFP,3,2,+,2663,3673,337,spanning_target_gene,TRUE,TRUE,2136,885,TRUE,TRUE,High (Expressible)
209095,pLKO.1-shCtnnd2.1-GFP,-1,2,-,2919,3689,257,spanning_target_gene,TRUE,TRUE,2392,869,TRUE,TRUE,High (Expressible)
209098,pLKO.1-scrCtnnd2.2-GFP,-1,2,+,5648,6418,257,spanning_target_gene,TRUE,TRUE,922,7370,TRUE,TRUE,High (Expressible)
209098,pLKO.1-scrCtnnd2.2-GFP,3,2,-,5664,6674,337,spanning_target_gene,TRUE,TRUE,938,7114,TRUE,TRUE,High (Expressible)
209096,pLKO.1-scrCtnnd2.1-GFP,-1,2,+,5648,6418,257,spanning_target_gene,TRUE,TRUE,922,7370,TRUE,TRUE,High (Expressible)
209096,pLKO.1-scrCtnnd2.1-GFP,3,2,-,5664,6674,337,spanning_target_gene,TRUE,TRUE,938,7114,TRUE,TRUE,High (Expressible)
209097,pLKO.1-shCtnnd2.2-GFP,-1,3,+,5700,6470,257,spanning_target_gene,TRUE,TRUE,922,7367,TRUE,TRUE,High (Expressible)
209097,pLKO.1-shCtnnd2.2-GFP,3,1,-,5716,6726,337,spanning_target_gene,TRUE,TRUE,938,7111,TRUE,TRUE,High (Expressible)
209105,pLKO.1-shCdh20.1 GFP,3,2,+,2777,3787,337,spanning_target_gene,TRUE,TRUE,2365,885,TRUE,TRUE,High (Expressible)
209105,pLKO.1-shCdh20.1 GFP,-1,2,-,3033,3803,257,spanning_target_gene,TRUE,TRUE,2621,869,TRUE,TRUE,High (Expressible)
209104,pLKO.1-scrCdh11.1 GFP,3,3,+,8385,9395,337,spanning_target_gene,TRUE,TRUE,828,885,TRUE,TRUE,High (Expressible)
209104,pLKO.1-scrCdh11.1 GFP,-1,3,-,8641,9411,257,spanning_target_gene,TRUE,TRUE,1084,869,TRUE,TRUE,High (Expressible)
209103,pLKO.1-shCdh11.1 GFP,3,2,+,8387,9397,337,spanning_target_gene,TRUE,TRUE,828,885,TRUE,TRUE,High (Expressible)
209103,pLKO.1-shCdh11.1 GFP,-1,3,-,8643,9413,257,spanning_target_gene,TRUE,TRUE,1084,869,TRUE,TRUE,High (Expressible)
209106,pLKO.1-scrCdh20.1 GFP,-1,1,+,5704,6474,257,spanning_target_gene,TRUE,TRUE,922,7369,TRUE,TRUE,High (Expressible)
209106,pLKO.1-scrCdh20.1 GFP,3,1,-,5720,6730,337,spanning_target_gene,TRUE,TRUE,938,7113,TRUE,TRUE,High (Expressible)
209319,AAV-EGFP-APOBEC1-YTH,3,2,+,3503,4327,275,spanning_target_gene,TRUE,TRUE,326,2036,TRUE,TRUE,High (Expressible)
209321,AAV-EGFP-APOBEC1,3,2,+,3503,4327,275,spanning_target_gene,TRUE,TRUE,326,1406,TRUE,TRUE,High (Expressible)
209320,AAV-EGFP-APOBEC1-YTHmut,3,2,+,3503,4327,275,spanning_target_gene,TRUE,TRUE,326,1961,TRUE,TRUE,High (Expressible)
20964,mId1-GFP,3,2,+,986,1789,268,spanning_target_gene,TRUE,TRUE,477,105,TRUE,TRUE,High (Expressible)
209699,pAAV-C+F-GFP,-1,3,+,2310,3083,258,spanning_target_gene,TRUE,TRUE,1566,192,TRUE,TRUE,High (Expressible)
20965,mId1XGFP,-2,3,-,774,1085,104,partial_target_gene,TRUE,TRUE,265,798,TRUE,TRUE,High (Expressible)
209670,ECibN,3,3,+,2859,3725,289,spanning_target_gene,TRUE,TRUE,2637,1361,TRUE,TRUE,High (Expressible)
20977,HOXA9-MSCV-full-GFP,3,2,+,3716,4729,338,spanning_target_gene,TRUE,TRUE,3198,19,TRUE,TRUE,High (Expressible)
209886,GOSR2-eGFP,-2,2,-,451,1353,301,partial_target_gene,TRUE,TRUE,2585,798,TRUE,TRUE,High (Expressible)
210262,EGFP-NIP45 wt,-2,1,+,6304,6792,163,partial_target_gene,TRUE,TRUE,2833,3832,TRUE,TRUE,High (Expressible)
210269,EGFP-NIP45 delta-N2,-2,3,-,1527,1988,154,partial_target_gene,TRUE,TRUE,820,186,TRUE,TRUE,High (Expressible)
210268,EGFP-NIP45 delta-N1,-1,3,-,786,1670,295,spanning_target_gene,TRUE,TRUE,68,674,TRUE,TRUE,High (Expressible)
210729,AAV-Dlx-SynaptoTAG,-2,3,-,3917,4324,136,partial_target_gene,TRUE,TRUE,4925,675,TRUE,TRUE,High (Expressible)
210469,INS-GFP-CD19-EPT,-1,1,-,4056,6323,756,spanning_target_gene,TRUE,TRUE,702,3693,TRUE,TRUE,High (Expressible)
210469,INS-GFP-CD19-EPT,-2,2,-,5156,5527,124,partial_target_gene,TRUE,TRUE,1802,4489,TRUE,TRUE,High (Expressible)
210642,pLenti-CMV-GFP-Puro_TAL1-long,-2,2,-,5412,5831,140,partial_target_gene,TRUE,TRUE,745,2511,TRUE,TRUE,High (Expressible)
210641,pLenti-CMV-GFP-Puro_TAL1-short,-1,1,-,4738,5955,406,spanning_target_gene,TRUE,TRUE,71,1907,TRUE,TRUE,High (Expressible)
211367,pEGFP-N1/mCherry-DMDEx23,-2,1,-,1285,1959,225,partial_target_gene,TRUE,TRUE,716,798,TRUE,TRUE,High (Expressible)
210812,pAdEasy-hALDOA,-1,2,-,13434,14213,260,spanning_target_gene,TRUE,TRUE,29,90,TRUE,TRUE,High (Expressible)
210814,pAdEasy-hALDOA K230A,-1,2,-,13434,14213,260,spanning_target_gene,TRUE,TRUE,29,90,TRUE,TRUE,High (Expressible)
211366,PB-mCherry-DMDEx23-eGFP,-2,1,-,687,1361,225,partial_target_gene,TRUE,TRUE,2879,827,TRUE,TRUE,High (Expressible)
211366,PB-mCherry-DMDEx23-eGFP,-1,3,-,1204,2175,324,spanning_target_gene,TRUE,TRUE,3396,13,TRUE,TRUE,High (Expressible)
210813,pAdEasy-hALDOA D34S,-1,2,-,13563,14342,260,spanning_target_gene,TRUE,TRUE,29,90,TRUE,TRUE,High (Expressible)
211426,pEGFP-N1-Cdc45,-2,1,-,1778,2356,193,partial_target_gene,TRUE,TRUE,1234,798,TRUE,TRUE,High (Expressible)
211538,pLenti-GFP-2A-Puro-gATRIP_B,-2,1,-,2912,3283,124,partial_target_gene,TRUE,TRUE,63,2032,TRUE,TRUE,High (Expressible)
211537,pLenti-GFP-2A-Puro-gATRIP_A,-2,1,-,2912,3283,124,partial_target_gene,TRUE,TRUE,63,2032,TRUE,TRUE,High (Expressible)
211542,pLenti-GFP-2A-Puro-gHUS1_B,-2,1,-,2912,3283,124,partial_target_gene,TRUE,TRUE,63,2032,TRUE,TRUE,High (Expressible)
21153,human oct4-GFP,-1,1,-,8286,9122,279,spanning_target_gene,TRUE,TRUE,5237,9064,TRUE,TRUE,High (Expressible)
211541,pLenti-GFP-2A-Puro-gHUS1_A,-2,1,-,2912,3283,124,partial_target_gene,TRUE,TRUE,63,2032,TRUE,TRUE,High (Expressible)
211540,pLenti-GFP-2A-Puro-gETAA1_B,-2,1,-,2912,3283,124,partial_target_gene,TRUE,TRUE,63,2032,TRUE,TRUE,High (Expressible)
211539,pLenti-GFP-2A-Puro-gETAA1_A,-2,1,-,2912,3283,124,partial_target_gene,TRUE,TRUE,63,2032,TRUE,TRUE,High (Expressible)
211543,pLenti-GFP-2A-Puro-gIL25_A,-2,1,-,2912,3283,124,partial_target_gene,TRUE,TRUE,63,2032,TRUE,TRUE,High (Expressible)
211544,pLenti-GFP-2A-Puro-gRAD1_A,-2,1,-,2912,3283,124,partial_target_gene,TRUE,TRUE,63,2032,TRUE,TRUE,High (Expressible)
211545,pLenti-GFP-2A-Puro-gRAD1_B,-2,1,-,2912,3283,124,partial_target_gene,TRUE,TRUE,63,2032,TRUE,TRUE,High (Expressible)
211612,pLenti-GFP-2A-Puro-gRAD9A_B,-2,1,-,2912,3283,124,partial_target_gene,TRUE,TRUE,63,2032,TRUE,TRUE,High (Expressible)
211611,pLenti-GFP-2A-Puro-gRAD9A_A,-2,1,-,2912,3283,124,partial_target_gene,TRUE,TRUE,63,2032,TRUE,TRUE,High (Expressible)
211613,pLenti-GFP-2A-Puro-gRHNO1_A,-2,1,-,2912,3283,124,partial_target_gene,TRUE,TRUE,63,2032,TRUE,TRUE,High (Expressible)
211614,pLenti-GFP-2A-Puro-gRHNO1_B,-2,1,-,2912,3283,124,partial_target_gene,TRUE,TRUE,63,2032,TRUE,TRUE,High (Expressible)
211628,lenti-CHMP4B gRNA1,-2,2,-,754,1125,124,partial_target_gene,TRUE,TRUE,63,2032,TRUE,TRUE,High (Expressible)
211629,lenti-CHMP4B gRNA2,-2,2,-,754,1125,124,partial_target_gene,TRUE,TRUE,63,2032,TRUE,TRUE,High (Expressible)
211630,lenti-ERCC1 gRNA1,-2,2,-,754,1125,124,partial_target_gene,TRUE,TRUE,63,2032,TRUE,TRUE,High (Expressible)
211631,lenti-ERCC1 gRNA2,-2,2,-,754,1125,124,partial_target_gene,TRUE,TRUE,63,2032,TRUE,TRUE,High (Expressible)
211632,lenti-ERCC6L gRNA1,-2,2,-,754,1125,124,partial_target_gene,TRUE,TRUE,63,2032,TRUE,TRUE,High (Expressible)
211634,lenti-ZWILCH gRNA1,-2,2,-,754,1125,124,partial_target_gene,TRUE,TRUE,63,2032,TRUE,TRUE,High (Expressible)
211633,lenti-ERCC6L gRNA2,-2,2,-,754,1125,124,partial_target_gene,TRUE,TRUE,63,2032,TRUE,TRUE,High (Expressible)
211635,lenti-ZWILCH gRNA2,-2,2,-,754,1125,124,partial_target_gene,TRUE,TRUE,63,2032,TRUE,TRUE,High (Expressible)
211711,pFBMBD1a-C-GFP (pc1564),-1,1,-,5943,6803,287,spanning_target_gene,TRUE,TRUE,1958,90,TRUE,TRUE,High (Expressible)
211711,pFBMBD1a-C-GFP (pc1564),-2,2,-,5369,6055,229,partial_target_gene,TRUE,TRUE,1384,838,TRUE,TRUE,High (Expressible)
211712,pFB MBD2a-C-GFP (pc1565),-1,3,-,5047,6099,351,spanning_target_gene,TRUE,TRUE,1076,90,TRUE,TRUE,High (Expressible)
211713,pFBMBD3-C-GFP (pc1566),-1,1,-,4821,5738,306,spanning_target_gene,TRUE,TRUE,824,90,TRUE,TRUE,High (Expressible)
211718,pFB-MeCP2G.8 (pc1573),-1,3,+,2952,3809,286,spanning_target_gene,TRUE,TRUE,1082,4967,TRUE,TRUE,High (Expressible)
211719,pFB-MeCP2G.9 (pc1574),-1,1,-,4244,5290,349,spanning_target_gene,TRUE,TRUE,246,90,TRUE,TRUE,High (Expressible)
211719,pFB-MeCP2G.9 (pc1574),-2,2,-,4180,4542,121,partial_target_gene,TRUE,TRUE,182,838,TRUE,TRUE,High (Expressible)
211714,pFBMBD4-C-GFP (pc1567),-1,2,-,5738,6547,270,spanning_target_gene,TRUE,TRUE,1739,90,TRUE,TRUE,High (Expressible)
211722,pFB_MBD2.2-GFP (pc2083),-1,2,-,4592,5644,351,spanning_target_gene,TRUE,TRUE,620,90,TRUE,TRUE,High (Expressible)
211721,pFB_MBD2.1-GFP (pc2082),-2,1,-,4053,4589,179,partial_target_gene,TRUE,TRUE,70,838,TRUE,TRUE,High (Expressible)
211721,pFB_MBD2.1-GFP (pc2082),-1,3,-,4045,5337,431,spanning_target_gene,TRUE,TRUE,62,90,TRUE,TRUE,High (Expressible)
211724,pFB-MBD2.6G (pc2396),-1,3,-,4270,5118,283,spanning_target_gene,TRUE,TRUE,284,90,TRUE,TRUE,High (Expressible)
211728,pFBMeCP2G.10 (pc1577),-2,1,-,4046,4360,105,partial_target_gene,TRUE,TRUE,62,838,TRUE,TRUE,High (Expressible)
211728,pFBMeCP2G.10 (pc1577),-1,3,-,4278,5108,277,spanning_target_gene,TRUE,TRUE,294,90,TRUE,TRUE,High (Expressible)
211735,pTwist GFP-Linker-VDAC1,3,2,+,1277,2122,282,spanning_target_gene,TRUE,TRUE,5720,893,TRUE,TRUE,High (Expressible)
211889,pGS140_6xHis-EGFP-I3-01,3,3,+,198,995,266,spanning_target_gene,TRUE,TRUE,159,796,TRUE,TRUE,High (Expressible)
211890,"pGS58_6xHis-EGFP-CENP-T[1-242/3D (T11, T27, T85)] - I3-01",3,3,+,201,998,266,spanning_target_gene,TRUE,TRUE,159,1582,TRUE,TRUE,High (Expressible)
211891,"pGS275_6xHis-EGFP-CENP-T[1-242/3D (T11, T27, T85)]",3,1,+,205,1002,266,spanning_target_gene,TRUE,TRUE,159,895,TRUE,TRUE,High (Expressible)
21276,Axin2-d2EGFP,-1,3,-,2168,2944,259,spanning_target_gene,TRUE,TRUE,6200,238,TRUE,TRUE,High (Expressible)
213021,PB-LacI-eGFP,-1,1,-,6087,6872,262,spanning_target_gene,TRUE,TRUE,3897,252,TRUE,TRUE,High (Expressible)
21310,pHR'-NRSF-CITE-GFP,-1,2,-,9058,9927,290,spanning_target_gene,TRUE,TRUE,4041,395,TRUE,TRUE,High (Expressible)
213704,pTST-EGFP-GPIDAF,-1,3,-,447,1784,446,spanning_target_gene,TRUE,TRUE,2585,90,TRUE,TRUE,High (Expressible)
213705,pTST-EGFP-GPICEAM7,-1,3,-,447,1769,441,spanning_target_gene,TRUE,TRUE,2585,90,TRUE,TRUE,High (Expressible)
21367,GFP-WT (AF41),-2,1,-,3341,3847,169,partial_target_gene,TRUE,TRUE,1598,12474,TRUE,TRUE,High (Expressible)
213706,pTST-EGFP-GPIBY55,-1,3,-,447,1721,425,spanning_target_gene,TRUE,TRUE,2585,90,TRUE,TRUE,High (Expressible)
213709,pCRISPR/eCas9-GPIBY55,-1,2,-,6177,7451,425,spanning_target_gene,TRUE,TRUE,5935,90,TRUE,TRUE,High (Expressible)
213711,pcDNA3.1-TST-EGFP-GPIBY55,3,2,+,2189,3253,355,spanning_target_gene,TRUE,TRUE,50,149,TRUE,TRUE,High (Expressible)
213710,pCRISPR/eCas9-GPIDAF,-1,1,-,6206,7543,446,spanning_target_gene,TRUE,TRUE,5204,90,TRUE,TRUE,High (Expressible)
213719,psgRNA-GST-EGFP-GPIDAF,3,2,+,1769,2632,288,spanning_target_gene,TRUE,TRUE,765,289,TRUE,TRUE,High (Expressible)
213719,psgRNA-GST-EGFP-GPIDAF,-1,2,-,1695,2831,379,spanning_target_gene,TRUE,TRUE,691,90,TRUE,TRUE,High (Expressible)
213715,pGST-EGFP-GPICEAM7,3,2,+,1340,2227,296,spanning_target_gene,TRUE,TRUE,771,244,TRUE,TRUE,High (Expressible)
213715,pGST-EGFP-GPICEAM7,-1,3,-,1266,2381,372,spanning_target_gene,TRUE,TRUE,697,90,TRUE,TRUE,High (Expressible)
213716,pLKO.1-GST-EGFP-GPIDAF,3,3,+,1248,2111,288,spanning_target_gene,TRUE,TRUE,736,180,TRUE,TRUE,High (Expressible)
213713,pGST-EGFP-GPIDAF,3,2,+,1334,2197,288,spanning_target_gene,TRUE,TRUE,765,289,TRUE,TRUE,High (Expressible)
213713,pGST-EGFP-GPIDAF,-1,3,-,1260,2396,379,spanning_target_gene,TRUE,TRUE,691,90,TRUE,TRUE,High (Expressible)
213722,pcDNA3.1-GST-EGFP-GPIDAF,3,2,+,2930,3793,288,spanning_target_gene,TRUE,TRUE,791,284,TRUE,TRUE,High (Expressible)
213714,pGST-EGFP-GPIBY55,3,2,+,1307,2311,335,spanning_target_gene,TRUE,TRUE,738,112,TRUE,TRUE,High (Expressible)
213714,pGST-EGFP-GPIBY55,-1,3,-,1233,2333,367,spanning_target_gene,TRUE,TRUE,664,90,TRUE,TRUE,High (Expressible)
213721,psgRNA-GST-EGFP-GPICEAM7,3,2,+,1775,2662,296,spanning_target_gene,TRUE,TRUE,771,244,TRUE,TRUE,High (Expressible)
213721,psgRNA-GST-EGFP-GPICEAM7,-1,2,-,1701,2816,372,spanning_target_gene,TRUE,TRUE,697,90,TRUE,TRUE,High (Expressible)
213718,pLKO.1-GST-EGFP-GPICEAM7,3,2,+,1253,2140,296,spanning_target_gene,TRUE,TRUE,741,135,TRUE,TRUE,High (Expressible)
213717,pLKO.1-GST-EGFP-GPIBY55,3,3,+,1221,2168,316,spanning_target_gene,TRUE,TRUE,709,60,TRUE,TRUE,High (Expressible)
213720,psgRNA-GST-EGFP-GPIBY55,3,2,+,1742,2746,335,spanning_target_gene,TRUE,TRUE,738,112,TRUE,TRUE,High (Expressible)
213720,psgRNA-GST-EGFP-GPIBY55,-1,2,-,1668,2768,367,spanning_target_gene,TRUE,TRUE,664,90,TRUE,TRUE,High (Expressible)
213723,pcDNA3.1-GST-EGFP-GPICEAM7,3,2,+,2936,3823,296,spanning_target_gene,TRUE,TRUE,797,239,TRUE,TRUE,High (Expressible)
213763,pPB-MGT1-d2EGFP_CMV-mCherry,-1,1,-,1164,1925,254,spanning_target_gene,TRUE,TRUE,1307,284,TRUE,TRUE,High (Expressible)
213766,pPB-CLGT3-d2EGFP_CMV-mCherry,-1,3,-,1394,2155,254,spanning_target_gene,TRUE,TRUE,1537,284,TRUE,TRUE,High (Expressible)
213764,pPB-MGT4-d2EGFP_CMV-mCherry,-1,3,-,1394,2155,254,spanning_target_gene,TRUE,TRUE,1537,284,TRUE,TRUE,High (Expressible)
213765,pPB-PNGT3-d2EGFP_CMV-mCherry,-1,2,-,1396,2157,254,spanning_target_gene,TRUE,TRUE,1539,284,TRUE,TRUE,High (Expressible)
214150,pMRX-hSTING (N154S)-EGFP,-1,3,+,5325,6206,294,spanning_target_gene,TRUE,TRUE,1117,5227,TRUE,TRUE,High (Expressible)
214149,pMRX-hSTING-EGFP,-1,3,+,5325,6206,294,spanning_target_gene,TRUE,TRUE,1117,5227,TRUE,TRUE,High (Expressible)
214387,pMK459 (dTAG-BromoTag-mAID-EGFP),-2,1,-,3044,3436,131,partial_target_gene,TRUE,TRUE,708,865,TRUE,TRUE,High (Expressible)
214387,pMK459 (dTAG-BromoTag-mAID-EGFP),-1,3,-,3336,4211,292,spanning_target_gene,TRUE,TRUE,1000,90,TRUE,TRUE,High (Expressible)
214393,pMK467 (dTAG-BromoTag-mAID-EGFP),-2,3,-,2870,3262,131,partial_target_gene,TRUE,TRUE,1749,885,TRUE,TRUE,High (Expressible)
214605,pcDNA3_pLyn_EGFP,3,3,+,774,1715,314,spanning_target_gene,TRUE,TRUE,804,54,TRUE,TRUE,High (Expressible)
214912,pKrox24(MapERK)d1EGFP (KroxDs),-1,1,-,1880,2845,322,spanning_target_gene,TRUE,TRUE,1774,1181,TRUE,TRUE,High (Expressible)
214974,pKH142_EGFP-YIPF3 WT,3,2,+,6749,7738,330,spanning_target_gene,TRUE,TRUE,2055,1953,TRUE,TRUE,High (Expressible)
214975,pKH143_EGFP-YIPF3 LIR mut,3,2,-,7506,8495,330,spanning_target_gene,TRUE,TRUE,990,2055,TRUE,TRUE,High (Expressible)
215049,EGFP-Cyclin B1,-2,1,-,2049,2351,101,partial_target_gene,TRUE,TRUE,1571,2131,TRUE,TRUE,High (Expressible)
215048,EGFP-Cyclin A2,-2,1,-,2049,2429,127,partial_target_gene,TRUE,TRUE,1571,3361,TRUE,TRUE,High (Expressible)
215054,EGFP-Cyclin F,-1,3,-,1384,2775,464,spanning_target_gene,TRUE,TRUE,906,2769,TRUE,TRUE,High (Expressible)
215051,EGFP-Cyclin D2,-1,3,-,1384,2673,430,spanning_target_gene,TRUE,TRUE,906,1383,TRUE,TRUE,High (Expressible)
215055,EGFP,-1,1,-,1384,2181,266,spanning_target_gene,TRUE,TRUE,906,1061,TRUE,TRUE,High (Expressible)
215099,B2396_BTB-EGFP,-2,2,-,773,1105,111,partial_target_gene,TRUE,TRUE,204,798,TRUE,TRUE,High (Expressible)
21549,pcDNA3-EGFP-C4-Nrf2,3,3,+,597,1577,327,spanning_target_gene,TRUE,TRUE,804,1814,TRUE,TRUE,High (Expressible)
215554,GALT-APEX2,-1,3,-,9808,10812,335,spanning_target_gene,TRUE,TRUE,879,117,TRUE,TRUE,High (Expressible)
215900,pcDNA3.1-myc-GFP-TNRC6A-SD-CIM1-S1332A,-1,2,-,924,1688,255,spanning_target_gene,TRUE,TRUE,42,946,TRUE,TRUE,High (Expressible)
215897,pcDNA3.1-myc-GFP-TNRC6A-SD-WT,-1,2,-,924,1688,255,spanning_target_gene,TRUE,TRUE,42,1489,TRUE,TRUE,High (Expressible)
215898,pcDNA3.1-myc-GFP-TNRC6A-SD-CIM1-WT,-1,2,-,924,1688,255,spanning_target_gene,TRUE,TRUE,42,946,TRUE,TRUE,High (Expressible)
215903,pcDNA3.1-myc-GFP-TNRC6A-SD-S1332A/S1346A,-1,2,-,924,1688,255,spanning_target_gene,TRUE,TRUE,42,1489,TRUE,TRUE,High (Expressible)
215901,pcDNA3.1-myc-GFP-TNRC6A-SD-CIM1-S1346A,-1,2,-,924,1688,255,spanning_target_gene,TRUE,TRUE,42,946,TRUE,TRUE,High (Expressible)
215904,pcDNA3.1-myc-GFP-TNRC6A-SD-S1616A/S1691A,-1,2,-,924,1688,255,spanning_target_gene,TRUE,TRUE,42,1489,TRUE,TRUE,High (Expressible)
215905,pcDNA3.1-myc-GFP-TNRC6A-SD-S1332A/S1346A/S1616A/S1691A,-1,2,-,924,1688,255,spanning_target_gene,TRUE,TRUE,42,1489,TRUE,TRUE,High (Expressible)
215902,pcDNA3.1-myc-GFP-TNRC6A-SD-CIM1-S1332A/S1346A,-1,2,-,924,1688,255,spanning_target_gene,TRUE,TRUE,42,946,TRUE,TRUE,High (Expressible)
216110,PGK EGFP,-2,2,-,120,704,195,partial_target_gene,TRUE,TRUE,2145,798,TRUE,TRUE,High (Expressible)
216171,FgH1tUTG-sgRNA.PRDM1-ZEB2_CRISPRd,-2,3,-,10415,10846,144,partial_target_gene,TRUE,TRUE,333,2025,TRUE,TRUE,High (Expressible)
216170,FgH1tUTG-sgRNA.FOXA-ZEB2_CRISPRd,-2,3,+,7284,7715,144,partial_target_gene,TRUE,TRUE,1813,6703,TRUE,TRUE,High (Expressible)
216262,pAAV-Syn-ExSYTE.H64A,-1,1,+,1060,2094,345,spanning_target_gene,TRUE,TRUE,2199,5517,TRUE,TRUE,High (Expressible)
216262,pAAV-Syn-ExSYTE.H64A,-2,2,+,1763,2158,132,partial_target_gene,TRUE,TRUE,2902,5453,TRUE,TRUE,High (Expressible)
216257,pGW1-ExSYTE-P2A-EGFP,-2,2,-,4339,4734,132,partial_target_gene,TRUE,TRUE,3012,841,TRUE,TRUE,High (Expressible)
216172,FgH1tUTG-sgRNA.Control-ZEB2_CRISPRd,-2,3,-,10415,10846,144,partial_target_gene,TRUE,TRUE,333,2025,TRUE,TRUE,High (Expressible)
216259,pGW1-ExSYTE-EGFP,-2,2,-,4339,4719,127,partial_target_gene,TRUE,TRUE,3012,841,TRUE,TRUE,High (Expressible)
216258,pGW1-ExSYTE-P2A-EGFP-DTE,-1,1,-,4403,5437,345,spanning_target_gene,TRUE,TRUE,3076,807,TRUE,TRUE,High (Expressible)
216258,pGW1-ExSYTE-P2A-EGFP-DTE,-2,2,-,4339,4734,132,partial_target_gene,TRUE,TRUE,3012,1510,TRUE,TRUE,High (Expressible)
216260,pGW1-ExSYTE-EGFP-DTE,-1,1,-,4403,5422,340,spanning_target_gene,TRUE,TRUE,3076,807,TRUE,TRUE,High (Expressible)
216260,pGW1-ExSYTE-EGFP-DTE,-2,2,-,4339,4719,127,partial_target_gene,TRUE,TRUE,3012,1510,TRUE,TRUE,High (Expressible)
216263,pAAV-Syn-FLEX-ExSYTE,-2,1,-,2549,2944,132,partial_target_gene,TRUE,TRUE,3688,4949,TRUE,TRUE,High (Expressible)
216263,pAAV-Syn-FLEX-ExSYTE,-1,3,-,2613,3647,345,spanning_target_gene,TRUE,TRUE,3752,4246,TRUE,TRUE,High (Expressible)
216474,p2705-AGER-eGFP,-1,2,-,4541,5503,321,spanning_target_gene,TRUE,TRUE,1679,160,TRUE,TRUE,High (Expressible)
216732,pLV(gRNA)-CMV-eGFP-U6(sgCTG),3,2,+,2603,4207,535,spanning_target_gene,TRUE,TRUE,435,60,TRUE,TRUE,High (Expressible)
216853,pCLX-KRT7-GFP,-2,1,-,3663,4124,154,partial_target_gene,TRUE,TRUE,3020,1785,TRUE,TRUE,High (Expressible)
216848,RIX-F2Oct4F3-GFP,-2,1,-,6211,6669,153,partial_target_gene,TRUE,TRUE,5795,1945,TRUE,TRUE,High (Expressible)
216862,pEGFP-hTipin (pc4732),-2,2,+,3806,4174,123,partial_target_gene,TRUE,TRUE,2790,3297,TRUE,TRUE,High (Expressible)
216861,pEGFP-hTimeless (pc4729),-2,2,+,6527,6895,123,partial_target_gene,TRUE,TRUE,5511,3297,TRUE,TRUE,High (Expressible)
217413,LEGO-GM55,-1,2,-,5565,6446,294,spanning_target_gene,TRUE,TRUE,4549,6057,TRUE,TRUE,High (Expressible)
217378,pcDNA3.4-GFP-TEV-B55,-1,1,-,724,1650,309,spanning_target_gene,TRUE,TRUE,90,1969,TRUE,TRUE,High (Expressible)
217414,LEGO-AP1x3-GM55,-1,1,-,5702,6583,294,spanning_target_gene,TRUE,TRUE,4686,6057,TRUE,TRUE,High (Expressible)
217416,LEGO-pDHS-AP1x6-GM55,-1,3,-,6211,7092,294,spanning_target_gene,TRUE,TRUE,5195,6431,TRUE,TRUE,High (Expressible)
217415,LEGO-AP1x6-GM55,-1,2,-,5700,6581,294,spanning_target_gene,TRUE,TRUE,4684,6057,TRUE,TRUE,High (Expressible)
217418,LEGO-pDHS-AP1x6-DUSP5,-1,2,-,6531,7412,294,spanning_target_gene,TRUE,TRUE,5515,6431,TRUE,TRUE,High (Expressible)
217419,LEGO-pDHS-ITDE-AP1x6-DUSP5,-1,2,-,6171,7052,294,spanning_target_gene,TRUE,TRUE,5155,6299,TRUE,TRUE,High (Expressible)
217526,pIVEX2.3-Theo-3c-EGFP,3,2,-,1292,2170,293,spanning_target_gene,TRUE,TRUE,413,3307,TRUE,TRUE,High (Expressible)
217755,pEGFP-KSR1-CA3 (N-KSR),-1,1,-,598,1554,319,spanning_target_gene,TRUE,TRUE,29,222,TRUE,TRUE,High (Expressible)
217760,pEGFP-PRKCZ-C1 (N-PRKCZ-C1),-1,1,-,598,1647,350,spanning_target_gene,TRUE,TRUE,29,90,TRUE,TRUE,High (Expressible)
217762,pEGFP-PRKCZ-C20 (N-PRKCZ-C20),-1,1,-,598,1626,343,spanning_target_gene,TRUE,TRUE,29,456,TRUE,TRUE,High (Expressible)
217769,pSbi-pur-EGFP-KSR1-CA3 (N-KSR),-1,2,-,5080,6036,319,spanning_target_gene,TRUE,TRUE,50,138,TRUE,TRUE,High (Expressible)
218213,Tol2_-87prox1a:basEGFP_Acry:GFP,-1,1,-,3543,4373,277,spanning_target_gene,TRUE,TRUE,91,90,TRUE,TRUE,High (Expressible)
218681,AAV-SYN-eGFP-oPRE,-1,1,-,567,1466,300,spanning_target_gene,TRUE,TRUE,2258,551,TRUE,TRUE,High (Expressible)
218713,pEGFP-C1-BBS4,-1,3,-,598,1473,292,spanning_target_gene,TRUE,TRUE,29,1594,TRUE,TRUE,High (Expressible)
218723,pEGFP-C1-IFT38,-2,1,-,1263,1562,100,partial_target_gene,TRUE,TRUE,694,1184,TRUE,TRUE,High (Expressible)
218723,pEGFP-C1-IFT38,-1,3,-,598,1578,327,spanning_target_gene,TRUE,TRUE,29,1168,TRUE,TRUE,High (Expressible)
218712,pEGFP-C1-BBS2,-1,3,-,598,1500,301,spanning_target_gene,TRUE,TRUE,29,2173,TRUE,TRUE,High (Expressible)
218722,pEGFP-C1-IFT27,-1,3,-,598,1440,281,spanning_target_gene,TRUE,TRUE,29,628,TRUE,TRUE,High (Expressible)
218725,pCAG-EGFP-C-IFT52,3,3,+,1491,2585,365,spanning_target_gene,TRUE,TRUE,828,1432,TRUE,TRUE,High (Expressible)
218730,pCAG-EGFP-C-IFT74,3,2,+,1490,2785,432,spanning_target_gene,TRUE,TRUE,828,1699,TRUE,TRUE,High (Expressible)
218733,pCAG-EGFP-C-IFT88,3,1,+,1492,2502,337,spanning_target_gene,TRUE,TRUE,828,2683,TRUE,TRUE,High (Expressible)
218733,pCAG-EGFP-C-IFT88,-1,3,-,1736,2647,304,spanning_target_gene,TRUE,TRUE,1072,2538,TRUE,TRUE,High (Expressible)
218729,pCAG-EGFP-C-IFT70B,3,3,+,1491,2609,373,spanning_target_gene,TRUE,TRUE,828,2071,TRUE,TRUE,High (Expressible)
218724,pCAG-EGFP-C-IFT46,3,2,+,1472,2470,333,spanning_target_gene,TRUE,TRUE,828,1261,TRUE,TRUE,High (Expressible)
218732,pCAG-EGFP-C-IFT81,3,3,+,1491,2489,333,spanning_target_gene,TRUE,TRUE,828,2224,TRUE,TRUE,High (Expressible)
218734,pCAG-EGFP-C-IFT172,-1,1,-,1725,2624,300,spanning_target_gene,TRUE,TRUE,1063,5303,TRUE,TRUE,High (Expressible)
218738,pCAG2-EGFP-C-IFT139,-1,1,-,1725,2555,277,spanning_target_gene,TRUE,TRUE,1063,4058,TRUE,TRUE,High (Expressible)
218741,pEGFP-C1-TULP3,-1,1,-,598,1395,266,spanning_target_gene,TRUE,TRUE,29,1428,TRUE,TRUE,High (Expressible)
218801,pBa.GFP-AP1/gamma1,-2,3,-,1099,1398,100,partial_target_gene,TRUE,TRUE,3388,3306,TRUE,TRUE,High (Expressible)
219640,pSEED-mScarlet3,-1,3,-,1459,2313,285,spanning_target_gene,TRUE,TRUE,887,90,TRUE,TRUE,High (Expressible)
219828,LncRNA overexpression EF1α_BbsI_SV40 polyA_EGFP,3,3,-,2574,3476,301,spanning_target_gene,TRUE,TRUE,160,3231,TRUE,TRUE,High (Expressible)
220077,EGFP-1-SAC1deltaTMD-Fis1tail,-1,2,-,598,1380,261,spanning_target_gene,TRUE,TRUE,29,1721,TRUE,TRUE,High (Expressible)
220082,pNESx2-EGFP-C1-PABDx2-Spo20,-2,2,-,447,764,106,partial_target_gene,TRUE,TRUE,2585,1072,TRUE,TRUE,High (Expressible)
220221,pssAAV_Seq17_CMV_bglobin_3NLS_GFP_WPRE_polyA,3,2,+,2336,3244,303,spanning_target_gene,TRUE,TRUE,497,647,TRUE,TRUE,High (Expressible)
22037,pAlbumin,-2,2,-,4315,4968,218,partial_target_gene,TRUE,TRUE,1478,1366,TRUE,TRUE,High (Expressible)
220508,Tgfb-Induced-Enhancer:Beta-globin-minimal-promoter-EGFP:pA pDestTol2pA2,-2,3,+,1725,2030,102,partial_target_gene,TRUE,TRUE,964,5155,TRUE,TRUE,High (Expressible)
221012,pDNA5-FRT/TO-eGFP-TONSL,-1,3,-,963,2009,349,spanning_target_gene,TRUE,TRUE,144,3886,TRUE,TRUE,High (Expressible)
22141,pEGFP-C1-A20,-1,1,-,613,1677,355,spanning_target_gene,TRUE,TRUE,29,2205,TRUE,TRUE,High (Expressible)
221443,pcDNA5-FRT/T0-eGFP-SLD1+SLD2,-2,2,-,1640,2089,150,partial_target_gene,TRUE,TRUE,821,202,TRUE,TRUE,High (Expressible)
221566,OpenCRISPR-1 sgRNA-16nt stem,3,3,+,3057,3917,287,spanning_target_gene,TRUE,TRUE,720,30,TRUE,TRUE,High (Expressible)
221567,OpenCRISPR-1 sgRNA-12nt stem,3,3,+,3048,3908,287,spanning_target_gene,TRUE,TRUE,712,30,TRUE,TRUE,High (Expressible)
221737,pMRXIP-GFP-STX17TMΔC,2,3,+,1080,1907,276,partial_target_gene,TRUE,TRUE,1338,2230,TRUE,TRUE,High (Expressible)
221745,pMRXIP-GFP-OSBP(PHD),2,3,+,1080,1907,276,partial_target_gene,TRUE,TRUE,1338,2406,TRUE,TRUE,High (Expressible)
221750,pMRXIP-GFP-2xFYVE,2,3,+,1152,1988,279,partial_target_gene,TRUE,TRUE,1338,2617,TRUE,TRUE,High (Expressible)
221750,pMRXIP-GFP-2xFYVE,-1,1,-,1847,3232,462,spanning_target_gene,TRUE,TRUE,2033,1373,TRUE,TRUE,High (Expressible)
221750,pMRXIP-GFP-2xFYVE,-3,3,-,2670,3071,134,partial_target_gene,TRUE,TRUE,2856,1534,TRUE,TRUE,High (Expressible)
221752,pMRXIP-GFP-TRPML1(PHD),2,3,+,1080,1907,276,partial_target_gene,TRUE,TRUE,1338,2532,TRUE,TRUE,High (Expressible)
221752,pMRXIP-GFP-TRPML1(PHD),-2,1,-,2551,3048,166,partial_target_gene,TRUE,TRUE,2809,1391,TRUE,TRUE,High (Expressible)
221753,pMRXIP-GFP-PLCd1(PHD),2,3,+,1080,1907,276,partial_target_gene,TRUE,TRUE,1338,2634,TRUE,TRUE,High (Expressible)
221751,pMRXIP-GFP-ING2(PHD),2,3,+,1080,1907,276,partial_target_gene,TRUE,TRUE,1338,2616,TRUE,TRUE,High (Expressible)
221758,pMRXIP-GFP-Spo20(PABD),2,3,+,1080,1907,276,partial_target_gene,TRUE,TRUE,1338,2370,TRUE,TRUE,High (Expressible)
221757,pMRXIP-GFP-TAPP1(PHD),2,3,+,1080,1907,276,partial_target_gene,TRUE,TRUE,1338,2862,TRUE,TRUE,High (Expressible)
221757,pMRXIP-GFP-TAPP1(PHD),-1,3,-,1775,3427,551,spanning_target_gene,TRUE,TRUE,2033,1342,TRUE,TRUE,High (Expressible)
221759,pMRXIP-GFP-PI4KB,-2,2,-,2644,3171,176,partial_target_gene,TRUE,TRUE,2830,3289,TRUE,TRUE,High (Expressible)
22199,pSFG-GFP,2,3,+,1953,2717,255,partial_target_gene,TRUE,TRUE,967,6530,TRUE,TRUE,High (Expressible)
22199,pSFG-GFP,-2,3,-,2263,2754,164,partial_target_gene,TRUE,TRUE,1277,6493,TRUE,TRUE,High (Expressible)
222393,pLV-EGFP-Human-UTROPHIN_1-261,-1,1,-,3509,4339,277,spanning_target_gene,TRUE,TRUE,3,1446,TRUE,TRUE,High (Expressible)
222496,pMX-Sox17-p2A-Erg-t2A-GFP,3,2,+,4748,5515,256,spanning_target_gene,TRUE,TRUE,4132,37,TRUE,TRUE,High (Expressible)
222617,pCAG_SRGAP2A_GAP(R527L_K566A),-2,1,+,1087,1560,158,partial_target_gene,TRUE,TRUE,1326,6569,TRUE,TRUE,High (Expressible)
222425,FKBP-LBR(1-245)-GFP,-2,2,-,1499,1813,105,partial_target_gene,TRUE,TRUE,930,798,TRUE,TRUE,High (Expressible)
222616,pCAG_SRGAP2A_SH3(W765A)_GFP,-2,1,-,4710,5183,158,partial_target_gene,TRUE,TRUE,3918,832,TRUE,TRUE,High (Expressible)
222875,L2085-WT-GPA-NLuc-Biosensor-Retrovirus-TD135,-2,3,-,3868,4464,199,partial_target_gene,TRUE,TRUE,3352,731,TRUE,TRUE,High (Expressible)
222601,MAC3-C-GFP,3,3,+,549,1586,346,spanning_target_gene,TRUE,TRUE,804,746,TRUE,TRUE,High (Expressible)
222601,MAC3-C-GFP,-1,1,-,808,1638,277,spanning_target_gene,TRUE,TRUE,214,694,TRUE,TRUE,High (Expressible)
222876,L2088-Mut-GPA-NLuc-Biosensor-Retrovirus-TD138,-2,3,-,3868,4464,199,partial_target_gene,TRUE,TRUE,3352,731,TRUE,TRUE,High (Expressible)
222613,pCAG SRGAP2A_EVH1(P339L F342C),-2,1,+,1087,1560,158,partial_target_gene,TRUE,TRUE,1326,6613,TRUE,TRUE,High (Expressible)
22293,pEGFPC1-FLAG-Synaptojanin 1-145,-1,1,-,538,1422,295,spanning_target_gene,TRUE,TRUE,29,4512,TRUE,TRUE,High (Expressible)
223018,GFP-VCF1 WT,-1,1,-,896,1897,334,spanning_target_gene,TRUE,TRUE,144,334,TRUE,TRUE,High (Expressible)
223000,PEmax_AAVS1_knockin_HDR_donor,-1,1,-,10229,11083,285,spanning_target_gene,TRUE,TRUE,6950,692,TRUE,TRUE,High (Expressible)
223019,GFP-VCF1 N167A,-1,1,-,896,1897,334,spanning_target_gene,TRUE,TRUE,144,334,TRUE,TRUE,High (Expressible)
223001,PE7_AAVS1_knockin_HDR_donor,-1,2,-,10929,11783,285,spanning_target_gene,TRUE,TRUE,7650,692,TRUE,TRUE,High (Expressible)
223223,pAAV-GFAP-eGFP-shAqp4-1,3,1,+,2314,3297,328,spanning_target_gene,TRUE,TRUE,3950,739,TRUE,TRUE,High (Expressible)
223222,pAAV-GFAP-eGFP-shLacZ,3,1,+,2314,3297,328,spanning_target_gene,TRUE,TRUE,3950,739,TRUE,TRUE,High (Expressible)
223160,pBK1340-LV-DUAL-dGFP-NanoLuc-Puro,-1,1,-,4665,5489,275,spanning_target_gene,TRUE,TRUE,3,2402,TRUE,TRUE,High (Expressible)
223224,pAAV-GFAP-eGFP-shAqp4-3,3,1,+,2314,3297,328,spanning_target_gene,TRUE,TRUE,3950,739,TRUE,TRUE,High (Expressible)
223225,pAAV-GFAP-eGFP-shAqp4-4,3,3,+,2313,3296,328,spanning_target_gene,TRUE,TRUE,3949,739,TRUE,TRUE,High (Expressible)
223225,pAAV-GFAP-eGFP-shAqp4-4,-1,1,-,2539,3336,266,spanning_target_gene,TRUE,TRUE,4175,699,TRUE,TRUE,High (Expressible)
223327,pDestTol2pA2-5.0dand5:EGFP,-2,2,-,9880,10185,102,partial_target_gene,TRUE,TRUE,6802,105,TRUE,TRUE,High (Expressible)
223332,MT4,-2,1,+,799,1152,118,partial_target_gene,TRUE,TRUE,1132,8154,TRUE,TRUE,High (Expressible)
223332,MT4,-1,3,+,111,1025,305,spanning_target_gene,TRUE,TRUE,444,8281,TRUE,TRUE,High (Expressible)
223334,CP2,-1,1,+,55,1956,634,spanning_target_gene,TRUE,TRUE,387,8767,TRUE,TRUE,High (Expressible)
223338,PX2,-1,3,+,1149,2108,320,spanning_target_gene,TRUE,TRUE,1481,8851,TRUE,TRUE,High (Expressible)
223337,PX1,-2,2,+,674,1021,116,partial_target_gene,TRUE,TRUE,1254,8710,TRUE,TRUE,High (Expressible)
223712,pRRL-SV40-Puro-CMV-mCherry-EGFP-LC3B,-1,3,+,5781,7484,568,spanning_target_gene,TRUE,TRUE,962,6583,TRUE,TRUE,High (Expressible)
224070,TLNRD1(FL)_pEGFP-C1,-1,1,-,598,1728,377,spanning_target_gene,TRUE,TRUE,29,855,TRUE,TRUE,High (Expressible)
22450,pENTREGFP2,3,1,+,628,1479,284,spanning_target_gene,TRUE,TRUE,2367,2152,TRUE,TRUE,High (Expressible)
22450,pENTREGFP2,-1,2,-,671,1516,282,spanning_target_gene,TRUE,TRUE,2410,2115,TRUE,TRUE,High (Expressible)
22450,pENTREGFP2,-2,3,-,394,729,112,partial_target_gene,TRUE,TRUE,2133,2902,TRUE,TRUE,High (Expressible)
22453,pENTRbasEGFP,-1,3,-,746,1576,277,spanning_target_gene,TRUE,TRUE,2475,90,TRUE,TRUE,High (Expressible)
224519,pME-EGFP-P2A-iCre (JDW 921),3,2,+,641,1414,258,spanning_target_gene,TRUE,TRUE,2380,3254,TRUE,TRUE,High (Expressible)
224407,pBa.M6PR-GFP,-1,1,-,3188,4015,276,spanning_target_gene,TRUE,TRUE,4538,90,TRUE,TRUE,High (Expressible)
224407,pBa.M6PR-GFP,-2,2,-,2971,3300,110,partial_target_gene,TRUE,TRUE,4321,805,TRUE,TRUE,High (Expressible)
224540,pME nls EGFP WPRE bGH pA (JDW 488),3,1,+,628,1557,310,spanning_target_gene,TRUE,TRUE,2367,578,TRUE,TRUE,High (Expressible)
224581,pEZYeGFP-SARS-CoV-2E stop,-1,1,-,598,1686,363,spanning_target_gene,TRUE,TRUE,29,90,TRUE,TRUE,High (Expressible)
224580,pEZYeGFP-SARS-CoV-2E,-1,1,-,598,1686,363,spanning_target_gene,TRUE,TRUE,29,90,TRUE,TRUE,High (Expressible)
224582,pEZYeGFP-SARS-CoV-2E GGG,-1,1,-,598,1686,363,spanning_target_gene,TRUE,TRUE,29,90,TRUE,TRUE,High (Expressible)
224588,VPS13B^GFP,-1,2,-,8666,9838,391,spanning_target_gene,TRUE,TRUE,4016,8424,TRUE,TRUE,High (Expressible)
224588,VPS13B^GFP,-2,3,-,9328,9648,107,partial_target_gene,TRUE,TRUE,4678,8614,TRUE,TRUE,High (Expressible)
224782,LPUtopia-7_CoV-2,-1,2,-,9133,28,269,spanning_target_gene,TRUE,TRUE,56,2681,TRUE,TRUE,High (Expressible)
225485,pLVUT-eC3GFP,2,2,+,3875,4693,273,partial_target_gene,TRUE,TRUE,46,3630,TRUE,TRUE,High (Expressible)
225529,pHM130,-1,1,-,1035,1916,294,spanning_target_gene,TRUE,TRUE,1112,151,TRUE,TRUE,High (Expressible)
225528,pHM126,-1,2,-,48,977,310,spanning_target_gene,TRUE,TRUE,658,151,TRUE,TRUE,High (Expressible)
225685,pAAV.RMacL3-01.EGFP.BCA5.WPRE,-2,2,-,1217,1648,144,partial_target_gene,TRUE,TRUE,1301,1818,TRUE,TRUE,High (Expressible)
225670,18065-M35-412,-1,3,-,3149,4138,330,spanning_target_gene,TRUE,TRUE,2740,1879,TRUE,TRUE,High (Expressible)
225686,pAAV.RMacL3-02.EGFP.BCA7.WPRE,-2,2,-,4174,4605,144,partial_target_gene,TRUE,TRUE,1302,1818,TRUE,TRUE,High (Expressible)
225688,pAAV.RMacL3-04.EGFP.BCB1.WPRE,-2,1,-,4173,4604,144,partial_target_gene,TRUE,TRUE,1301,1818,TRUE,TRUE,High (Expressible)
225687,pAAV.RMacL3-03.EGFP.BCA12.WPRE,-2,1,-,3789,4220,144,partial_target_gene,TRUE,TRUE,1301,1818,TRUE,TRUE,High (Expressible)
225689,pAAV.RMacL5ET-01.EGFP.BCA7.WPRE,-2,1,-,4173,4604,144,partial_target_gene,TRUE,TRUE,1301,1818,TRUE,TRUE,High (Expressible)
225751,pGF-GAS4X,-1,2,+,6797,7594,266,spanning_target_gene,TRUE,TRUE,81,6664,TRUE,TRUE,High (Expressible)
225878,pUCmini-UGCG-EGFP,-2,1,-,294,914,207,partial_target_gene,TRUE,TRUE,324,681,TRUE,TRUE,High (Expressible)
226728,P30.pA.NGFR-mSrtA.mCMV.hPGK.GFP.wpre,-2,1,-,6991,7989,333,partial_target_gene,TRUE,TRUE,3011,1322,TRUE,TRUE,High (Expressible)
226404,pEGFPC1 MOSPD1,-1,2,-,594,1364,257,spanning_target_gene,TRUE,TRUE,29,765,TRUE,TRUE,High (Expressible)
226730,p33.pA.NGFR-mSrtA(Pasqual)-flag.mCMV.hPGK.GFP.wpre[sequenced],-2,1,-,7045,8079,345,partial_target_gene,TRUE,TRUE,3065,1322,TRUE,TRUE,High (Expressible)
226729,p32.pA.NGFR-mSrtA(Ge)-flag.mCMV.hPGK.GFP.wpre[sequenced],-2,1,-,6874,8079,402,partial_target_gene,TRUE,TRUE,2894,1322,TRUE,TRUE,High (Expressible)
227011,pFUGW hUbC-Spa-dCas9-KRAB-T2A-GFP,-1,3,-,7315,8592,426,spanning_target_gene,TRUE,TRUE,3841,1362,TRUE,TRUE,High (Expressible)
227442,GFP-BAF,-2,1,-,3384,3695,104,partial_target_gene,TRUE,TRUE,1918,3106,TRUE,TRUE,High (Expressible)
227010,pFUGW hUbC-Sin-dCas9-KRAB-T2A-GFP,-1,3,-,7999,9276,426,spanning_target_gene,TRUE,TRUE,4525,1362,TRUE,TRUE,High (Expressible)
227012,pFUGW hUbC-Sub-dCas9-KRAB-T2A-GFP,-1,3,-,7261,8538,426,spanning_target_gene,TRUE,TRUE,3787,1362,TRUE,TRUE,High (Expressible)
227009,pFUGW hUbC-Sga-dCas9-KRAB-T2A-GFP,-1,3,-,7285,8562,426,spanning_target_gene,TRUE,TRUE,3811,1362,TRUE,TRUE,High (Expressible)
228053,pUCmini-RELC-PGK-EGFP,-2,3,-,371,1006,212,partial_target_gene,TRUE,TRUE,395,681,TRUE,TRUE,High (Expressible)
228051,pUCmini-RELA-PGK-EGFP,-2,2,-,216,1064,283,partial_target_gene,TRUE,TRUE,240,681,TRUE,TRUE,High (Expressible)
228052,pUCmini-RELB-PGK-EGFP,-2,1,-,357,992,212,partial_target_gene,TRUE,TRUE,381,681,TRUE,TRUE,High (Expressible)
22745,pAdTrack-CMV FLAG Rev-Erb alpha,-1,2,-,6765,7544,260,spanning_target_gene,TRUE,TRUE,29,90,TRUE,TRUE,High (Expressible)
228200,pAAV-pCAG eGFP T2A SP HALO HAPLN1,-2,3,-,1008,1325,106,partial_target_gene,TRUE,TRUE,82,3565,TRUE,TRUE,High (Expressible)
228199,pAAV pSYN eGFP T2A SP HALO HAPLN1,2,2,+,293,733,147,partial_target_gene,TRUE,TRUE,1973,3602,TRUE,TRUE,High (Expressible)
228379,Shim_ProRS_3278.3.7_SHI28108_TP_GFP_pK7fWG2_IVD_FP611,-2,1,-,8405,8728,108,partial_target_gene,TRUE,TRUE,158,740,TRUE,TRUE,High (Expressible)
228390,Lpyr_GluTR_TP_pK7fWG2_IVD_FP611,-2,1,-,8306,8773,156,partial_target_gene,TRUE,TRUE,59,740,TRUE,TRUE,High (Expressible)
228452,pIVEX2.3-CS1M2b-3c-ON8-EGFP,3,2,+,407,1555,383,spanning_target_gene,TRUE,TRUE,501,0,TRUE,TRUE,High (Expressible)
228453,pIVEX2.3-CS2-3c-ON8-EGFP,3,2,+,407,1552,382,spanning_target_gene,TRUE,TRUE,501,0,TRUE,TRUE,High (Expressible)
228878,pInducer20_EGFP,-1,3,-,2761,3651,297,spanning_target_gene,TRUE,TRUE,189,4382,TRUE,TRUE,High (Expressible)
228813,EGFP_EHMT1V09,-1,3,+,1947,2804,286,spanning_target_gene,TRUE,TRUE,4278,1628,TRUE,TRUE,High (Expressible)
22912,pAAV-fNPY-GFP,3,2,+,3320,4240,307,spanning_target_gene,TRUE,TRUE,5141,66,TRUE,TRUE,High (Expressible)
22914,pAAV-fPV-GFP,3,3,+,3198,4118,307,spanning_target_gene,TRUE,TRUE,5006,66,TRUE,TRUE,High (Expressible)
22919,pAAV-hPDGFRA-GFP,3,2,+,3314,4234,307,spanning_target_gene,TRUE,TRUE,5060,66,TRUE,TRUE,High (Expressible)
229405,FLAG-MKI-P2A-GFP,-1,3,-,2689,3789,367,spanning_target_gene,TRUE,TRUE,568,1005,TRUE,TRUE,High (Expressible)
229406,FLAG-MKI-MUT-P2A-GFP,-1,3,-,2689,3789,367,spanning_target_gene,TRUE,TRUE,568,1005,TRUE,TRUE,High (Expressible)
229408,FLAG-MKI-MUT-P2A-GFP-DOX-N,-1,3,-,2788,3843,352,spanning_target_gene,TRUE,TRUE,559,2742,TRUE,TRUE,High (Expressible)
229407,FLAG-MKI-P2A-GFP-DOX-N,-1,3,-,2788,3843,352,spanning_target_gene,TRUE,TRUE,559,2742,TRUE,TRUE,High (Expressible)
229434,sgMARK2-R-1,-1,2,-,2672,3877,402,spanning_target_gene,TRUE,TRUE,714,1010,TRUE,TRUE,High (Expressible)
229436,sgMARK2-R-3,-1,2,-,2672,3877,402,spanning_target_gene,TRUE,TRUE,714,1010,TRUE,TRUE,High (Expressible)
229435,sgMARK2-R-2,-1,1,-,2672,3877,402,spanning_target_gene,TRUE,TRUE,714,1011,TRUE,TRUE,High (Expressible)
229439,sgMARK3-R-3,-1,1,-,2671,3876,402,spanning_target_gene,TRUE,TRUE,713,1010,TRUE,TRUE,High (Expressible)
229437,sgMARK3-R-1,-1,1,-,2671,3876,402,spanning_target_gene,TRUE,TRUE,713,1010,TRUE,TRUE,High (Expressible)
229438,sgMARK3-R-2,-1,1,-,2671,3876,402,spanning_target_gene,TRUE,TRUE,713,1010,TRUE,TRUE,High (Expressible)
229440,sgMARK2-3-1,-1,1,-,2671,3876,402,spanning_target_gene,TRUE,TRUE,713,1010,TRUE,TRUE,High (Expressible)
229442,sgMARK2-3-3,-1,1,-,2671,3876,402,spanning_target_gene,TRUE,TRUE,713,1010,TRUE,TRUE,High (Expressible)
229443,sgCDK1-ROSA,-1,2,-,2672,3877,402,spanning_target_gene,TRUE,TRUE,714,1010,TRUE,TRUE,High (Expressible)
229441,sgMARK2-3-2,-1,1,-,2671,3876,402,spanning_target_gene,TRUE,TRUE,713,1010,TRUE,TRUE,High (Expressible)
229446,sgYAP-R-2,-1,2,-,2672,3877,402,spanning_target_gene,TRUE,TRUE,714,1010,TRUE,TRUE,High (Expressible)
229448,sgTAZ-R-1,-1,2,-,2672,3877,402,spanning_target_gene,TRUE,TRUE,714,1010,TRUE,TRUE,High (Expressible)
229447,sgYAP-R-3,-1,2,-,2672,3877,402,spanning_target_gene,TRUE,TRUE,714,1010,TRUE,TRUE,High (Expressible)
229449,sgTAZ-R-2,-1,2,-,2672,3877,402,spanning_target_gene,TRUE,TRUE,714,1010,TRUE,TRUE,High (Expressible)
229450,sgTAZ-R-3,-1,2,-,2672,3877,402,spanning_target_gene,TRUE,TRUE,714,1010,TRUE,TRUE,High (Expressible)
229452,sgYAP-TAZ-2,-1,2,-,2672,3877,402,spanning_target_gene,TRUE,TRUE,714,1010,TRUE,TRUE,High (Expressible)
229453,sgYAP-TAZ-3,-1,2,-,2672,3877,402,spanning_target_gene,TRUE,TRUE,714,1010,TRUE,TRUE,High (Expressible)
229498,Bidirectional MYC 5'UTR Dual Fluorescence Reporter,-1,1,-,5277,6176,300,spanning_target_gene,TRUE,TRUE,275,2035,TRUE,TRUE,High (Expressible)
22958,pEGFP-C1-mApg5,-1,1,-,538,1530,331,spanning_target_gene,TRUE,TRUE,29,783,TRUE,TRUE,High (Expressible)
229620,pAAV.RMacL3-05.EGFP.BCB2.WPRE,-2,2,-,1217,1648,144,partial_target_gene,TRUE,TRUE,1301,1818,TRUE,TRUE,High (Expressible)
229624,pAAV.RMacL3-09.EGFP.BCB7.WPRE,-2,2,-,1217,1648,144,partial_target_gene,TRUE,TRUE,1301,1818,TRUE,TRUE,High (Expressible)
229622,pAAV.RMacL3-07.EGFP.BCB4.WPRE,-2,2,-,1217,1648,144,partial_target_gene,TRUE,TRUE,1301,1818,TRUE,TRUE,High (Expressible)
229625,pAAV.RMacL3-10.EGFP.BCB8.WPRE,-2,2,-,1217,1648,144,partial_target_gene,TRUE,TRUE,1301,1818,TRUE,TRUE,High (Expressible)
229626,pAAV.RMacL3-11.EGFP.BCB12.WPRE,-2,2,-,1217,1648,144,partial_target_gene,TRUE,TRUE,1301,1818,TRUE,TRUE,High (Expressible)
229628,pAAV.RMacL5ET-02.EGFP.BCA12.WPRE,-2,2,-,1217,1648,144,partial_target_gene,TRUE,TRUE,1301,1818,TRUE,TRUE,High (Expressible)
229627,pAAV.RMacL3-12.EGFP.BCC3.WPRE,-2,2,-,1217,1648,144,partial_target_gene,TRUE,TRUE,1301,1818,TRUE,TRUE,High (Expressible)
229629,pAAV.RMacL5ET-03.EGFP.BCB1.WPRE,-2,2,-,1217,1648,144,partial_target_gene,TRUE,TRUE,1301,1818,TRUE,TRUE,High (Expressible)
229630,pAAV.RMacL5ET-04.EGFP.BCB2.WPRE,-2,2,-,1217,1648,144,partial_target_gene,TRUE,TRUE,1301,1818,TRUE,TRUE,High (Expressible)
229631,pAAV.RMacL5ET-05.EGFP.BCB3.WPRE,-2,2,-,1217,1648,144,partial_target_gene,TRUE,TRUE,1301,1818,TRUE,TRUE,High (Expressible)
229632,pAAV.RMacL5ET-06.EGFP.BCB4.WPRE,-2,2,-,1217,1648,144,partial_target_gene,TRUE,TRUE,1301,1818,TRUE,TRUE,High (Expressible)
229635,pAAV.RMacL5ET-09.EGFP.BCB8.WPRE,-2,2,-,1217,1648,144,partial_target_gene,TRUE,TRUE,1301,1818,TRUE,TRUE,High (Expressible)
229636,pAAV.RMacL5ET-10.EGFP.BCC3.WPRE,-2,2,-,1217,1648,144,partial_target_gene,TRUE,TRUE,1301,1818,TRUE,TRUE,High (Expressible)
229637,pAAV.RMacL5ET-11.EGFP.BCC4.WPRE,-2,2,-,1217,1648,144,partial_target_gene,TRUE,TRUE,1301,1818,TRUE,TRUE,High (Expressible)
229638,pAAV.RMacL5ET-12.EGFP.BCC6.WPRE,-2,2,-,1217,1648,144,partial_target_gene,TRUE,TRUE,1301,1818,TRUE,TRUE,High (Expressible)
229694,pcDNA3.1(-)-EGFP-AP4-cyto,-2,2,-,1616,1960,115,partial_target_gene,TRUE,TRUE,734,162,TRUE,TRUE,High (Expressible)
229693,pcDNA3.1(-)-EGFP-AP4-mito,-2,2,-,1616,1960,115,partial_target_gene,TRUE,TRUE,734,912,TRUE,TRUE,High (Expressible)
229695,pcDNA3.1(-)-EGFP-FP4-cyto,-2,2,-,1616,1960,115,partial_target_gene,TRUE,TRUE,734,162,TRUE,TRUE,High (Expressible)
229692,pcDNA3.1(-)-EGFP-FP4-mito,-2,2,-,1616,1960,115,partial_target_gene,TRUE,TRUE,734,912,TRUE,TRUE,High (Expressible)
229698,GFP-α-cateninA-,-1,3,-,598,1368,257,spanning_target_gene,TRUE,TRUE,29,2860,TRUE,TRUE,High (Expressible)
229704,GFP-α-cateninA+ΔβH,-1,3,-,598,1368,257,spanning_target_gene,TRUE,TRUE,29,2830,TRUE,TRUE,High (Expressible)
229799,Bxb1-GA_CAG-EGFP,3,3,+,3378,4517,380,spanning_target_gene,TRUE,TRUE,828,17,TRUE,TRUE,High (Expressible)
229799,Bxb1-GA_CAG-EGFP,-1,2,-,3586,4521,312,spanning_target_gene,TRUE,TRUE,1036,13,TRUE,TRUE,High (Expressible)
229705,GFP-α-cateninΔβH,-1,3,-,598,1368,257,spanning_target_gene,TRUE,TRUE,29,2830,TRUE,TRUE,High (Expressible)
229697,GFP-α-cateninA+,-1,3,-,598,1368,257,spanning_target_gene,TRUE,TRUE,29,2860,TRUE,TRUE,High (Expressible)
229709,GFP-α-cateninWT,-1,3,-,598,1368,257,spanning_target_gene,TRUE,TRUE,29,2860,TRUE,TRUE,High (Expressible)
229696,GFP-α-cateninV-,-1,3,-,598,1368,257,spanning_target_gene,TRUE,TRUE,29,2860,TRUE,TRUE,High (Expressible)
229852,Kif3A-EGFP-SNAP,-1,3,-,4552,5949,466,spanning_target_gene,TRUE,TRUE,1189,114,TRUE,TRUE,High (Expressible)
23001,pEGFPC1-6XHis-FLKSRP,-1,1,-,538,1308,257,spanning_target_gene,TRUE,TRUE,29,2595,TRUE,TRUE,High (Expressible)
229851,Kif1A-EGFP-SNAP,-1,3,-,4579,5976,466,spanning_target_gene,TRUE,TRUE,1216,114,TRUE,TRUE,High (Expressible)
230986,MLF2-GFP-3xFLAG,2,3,+,1233,1655,141,partial_target_gene,TRUE,TRUE,425,819,TRUE,TRUE,High (Expressible)
231574,PAC_E83_LOV_eGFP,3,1,+,403,1179,259,spanning_target_gene,TRUE,TRUE,1143,51,TRUE,TRUE,High (Expressible)
231707,pVSVΔG-eGFP-linker,3,3,+,3747,4505,253,spanning_target_gene,TRUE,TRUE,3102,6686,TRUE,TRUE,High (Expressible)
231707,pVSVΔG-eGFP-linker,-1,3,-,3757,4518,254,spanning_target_gene,TRUE,TRUE,3112,6673,TRUE,TRUE,High (Expressible)
231891,GFP-polyQ23-NLS,-1,1,-,598,1584,329,spanning_target_gene,TRUE,TRUE,29,90,TRUE,TRUE,High (Expressible)
231892,GFP-polyQ74-NLS,-1,2,-,4083,182,344,spanning_target_gene,TRUE,TRUE,29,90,TRUE,TRUE,High (Expressible)
231805,1996_pCCLsin.PPT.hPGK.EGFP-mCEP83.PRE,-2,2,-,4549,5202,218,partial_target_gene,TRUE,TRUE,1478,3484,TRUE,TRUE,High (Expressible)
232460,pLenti-EGFP-SnxA,-1,1,-,3533,4855,441,spanning_target_gene,TRUE,TRUE,935,1402,TRUE,TRUE,High (Expressible)
232633,rTetR-GFP-p65,3,2,+,1292,2107,272,spanning_target_gene,TRUE,TRUE,637,994,TRUE,TRUE,High (Expressible)
232757,NONO1_IDR-EGFP,-1,2,-,8773,10224,484,spanning_target_gene,TRUE,TRUE,954,1071,TRUE,TRUE,High (Expressible)
232757,NONO1_IDR-EGFP,-2,3,-,8583,9023,147,partial_target_gene,TRUE,TRUE,764,2272,TRUE,TRUE,High (Expressible)
232756,SS18_IDR-EGFP,2,2,+,8720,9085,122,partial_target_gene,TRUE,TRUE,901,2309,TRUE,TRUE,High (Expressible)
232756,SS18_IDR-EGFP,-1,2,-,8944,10323,460,spanning_target_gene,TRUE,TRUE,1125,1071,TRUE,TRUE,High (Expressible)
232754,EGFP,-1,2,-,7504,9087,528,spanning_target_gene,TRUE,TRUE,1707,1071,TRUE,TRUE,High (Expressible)
232760,NUP98b_IDR-EGFP,-1,2,-,8749,10017,423,spanning_target_gene,TRUE,TRUE,930,1071,TRUE,TRUE,High (Expressible)
232760,NUP98b_IDR-EGFP,-2,3,-,8466,8816,117,partial_target_gene,TRUE,TRUE,647,2272,TRUE,TRUE,High (Expressible)
232755,EWSR1_IDR-EGFP,2,2,+,8336,8647,104,partial_target_gene,TRUE,TRUE,517,2309,TRUE,TRUE,High (Expressible)
232755,EWSR1_IDR-EGFP,-1,2,-,8329,9885,519,spanning_target_gene,TRUE,TRUE,510,1071,TRUE,TRUE,High (Expressible)
232758,NONO2_IDR-EGFP,-1,2,-,8773,10374,534,spanning_target_gene,TRUE,TRUE,954,1071,TRUE,TRUE,High (Expressible)
232759,NUP98a_IDR-EGFP,-1,2,-,9322,10620,433,spanning_target_gene,TRUE,TRUE,1503,1071,TRUE,TRUE,High (Expressible)
232759,NUP98a_IDR-EGFP,-2,3,-,8676,9389,238,partial_target_gene,TRUE,TRUE,857,2302,TRUE,TRUE,High (Expressible)
232763,dCas9-SS18_IDR-EGFP,2,2,+,12923,13288,122,partial_target_gene,TRUE,TRUE,5104,2078,TRUE,TRUE,High (Expressible)
232764,dCas9-NONO1_IDR-EGFP,-2,3,-,12786,13226,147,partial_target_gene,TRUE,TRUE,4967,2041,TRUE,TRUE,High (Expressible)
232762,dCas9-EWSR1_IDR-EGFP,2,2,+,12539,12850,104,partial_target_gene,TRUE,TRUE,4720,2078,TRUE,TRUE,High (Expressible)
232766,dCas9-NUP98a_IDR-EGFP,-2,3,-,12879,13592,238,partial_target_gene,TRUE,TRUE,5060,2041,TRUE,TRUE,High (Expressible)
232767,dCas9-NUP98b_IDR-EGFP,-2,3,-,12669,13019,117,partial_target_gene,TRUE,TRUE,4850,2041,TRUE,TRUE,High (Expressible)
233208,pLARRYv2-EGFP,-1,3,-,2917,3861,315,spanning_target_gene,TRUE,TRUE,759,772,TRUE,TRUE,High (Expressible)
232800,pCDH-MND-OsTIR1(F74G)-P2A-EGFP-AID2-EF1a-RFP,-2,1,-,5672,6094,141,partial_target_gene,TRUE,TRUE,3623,2714,TRUE,TRUE,High (Expressible)
233312,DEXsynth:ccdb-eGFP + mcherry,-1,3,-,8824,9600,259,spanning_target_gene,TRUE,TRUE,1529,1467,TRUE,TRUE,High (Expressible)
233047,pLenti EFS-GFP-pa (opposite orientation)- TRE3g-Flag-GluN2B-WPRE,-2,1,+,3754,4389,212,partial_target_gene,TRUE,TRUE,2288,5285,TRUE,TRUE,High (Expressible)
233300,Ubi:ccdb-eGFP + mcherry,-1,2,-,6672,7448,259,spanning_target_gene,TRUE,TRUE,1529,1467,TRUE,TRUE,High (Expressible)
233310,Ubi:ccdb-eGFP + RUBY,-1,2,-,6672,7448,259,spanning_target_gene,TRUE,TRUE,1529,4707,TRUE,TRUE,High (Expressible)
233317,DEXsynth:ccdb-eGFP + RUBY,-1,3,-,8824,9600,259,spanning_target_gene,TRUE,TRUE,1529,4707,TRUE,TRUE,High (Expressible)
235611,pCAGEN_GFP,3,3,+,1650,2630,327,spanning_target_gene,TRUE,TRUE,988,17,TRUE,TRUE,High (Expressible)
235611,pCAGEN_GFP,-1,2,-,1714,2634,307,spanning_target_gene,TRUE,TRUE,1052,13,TRUE,TRUE,High (Expressible)
236506,GFP-cCGN-Myc,-1,2,+,6971,7762,264,spanning_target_gene,TRUE,TRUE,4436,3096,TRUE,TRUE,High (Expressible)
236507,GFP-hCGN,-1,2,+,6929,7738,270,spanning_target_gene,TRUE,TRUE,4394,3096,TRUE,TRUE,High (Expressible)
236511,GFP-mCGN,-1,3,+,6456,7310,285,spanning_target_gene,TRUE,TRUE,4338,3055,TRUE,TRUE,High (Expressible)
236516,GFP-cCGNL1-Myc,-1,2,+,7055,8077,341,spanning_target_gene,TRUE,TRUE,4520,3096,TRUE,TRUE,High (Expressible)
236526,GFP-mCGN-mCGNL1-Rod1-Myc,-1,2,-,4579,5433,285,spanning_target_gene,TRUE,TRUE,43,3209,TRUE,TRUE,High (Expressible)
236529,GFP-mZO-1(9-1745)-Myc-His,-1,2,+,8465,9340,292,spanning_target_gene,TRUE,TRUE,5930,3096,TRUE,TRUE,High (Expressible)
236530,GFP-mZO-1(9-1665)-Myc-His,-1,1,+,9256,10131,292,spanning_target_gene,TRUE,TRUE,5690,3096,TRUE,TRUE,High (Expressible)
236536,GFP-mCAMSAP3-Myc,-1,2,+,6959,7873,305,spanning_target_gene,TRUE,TRUE,4424,3096,TRUE,TRUE,High (Expressible)
24061,CX3CR1-EGFP,-1,2,-,1241,2080,280,spanning_target_gene,TRUE,TRUE,1198,90,TRUE,TRUE,High (Expressible)
24064,MSCV-Cre,-1,2,-,6130,6936,269,spanning_target_gene,TRUE,TRUE,3365,44,TRUE,TRUE,High (Expressible)
25040,pBabe-puro-miR-9 sponge,-1,2,-,1321,2238,306,spanning_target_gene,TRUE,TRUE,850,203,TRUE,TRUE,High (Expressible)
25031,pT7-EGFP-C1-HsDCP2,-1,1,-,708,1583,292,spanning_target_gene,TRUE,TRUE,18,1263,TRUE,TRUE,High (Expressible)
24987,pEX-GFP-hLC3WT,-1,3,-,2008,2925,306,spanning_target_gene,TRUE,TRUE,2879,371,TRUE,TRUE,High (Expressible)
26164,CMV-d2eGFP-empty,-1,2,-,5009,5776,256,spanning_target_gene,TRUE,TRUE,27,156,TRUE,TRUE,High (Expressible)
26431,pLenti CMVtight eGFP Puro (w771-1),-2,3,+,6966,7367,134,partial_target_gene,TRUE,TRUE,1357,5139,TRUE,TRUE,High (Expressible)
26646,pCAG-Cre-IRES2-GFP,-1,2,-,3376,4332,319,spanning_target_gene,TRUE,TRUE,2729,13,TRUE,TRUE,High (Expressible)
26719,pEGFPc2 mAbp1,-1,1,-,598,1797,400,spanning_target_gene,TRUE,TRUE,29,999,TRUE,TRUE,High (Expressible)
26673,pEGFP-C1-Fibrillarin,-1,1,-,538,1599,354,spanning_target_gene,TRUE,TRUE,29,816,TRUE,TRUE,High (Expressible)
26585,pLenti CMVtight eGFP Hygro (w783-1),-2,1,-,158,559,134,partial_target_gene,TRUE,TRUE,1689,3303,TRUE,TRUE,High (Expressible)
26722,GFP-cortactin,-1,3,-,589,1380,264,spanning_target_gene,TRUE,TRUE,29,1777,TRUE,TRUE,High (Expressible)
26821,pcDNA3.3_d2eGFP,-1,3,-,648,1553,302,spanning_target_gene,TRUE,TRUE,14,331,TRUE,TRUE,High (Expressible)
27121,pMS2-GFP,-1,1,-,1128,2027,300,spanning_target_gene,TRUE,TRUE,1163,716,TRUE,TRUE,High (Expressible)
27220,GFP-TREX1(D18N),-1,1,-,598,1629,344,spanning_target_gene,TRUE,TRUE,29,777,TRUE,TRUE,High (Expressible)
27305,pDEST/N1-hBIN1-GFP,3,2,+,2015,2773,253,spanning_target_gene,TRUE,TRUE,1454,105,TRUE,TRUE,High (Expressible)
27219,GFP-TREX1,-1,1,+,1903,2934,344,spanning_target_gene,TRUE,TRUE,1446,1628,TRUE,TRUE,High (Expressible)
27323,pDestTol2pA2_ubi:EGFP,-2,2,-,8428,8733,102,partial_target_gene,TRUE,TRUE,5350,105,TRUE,TRUE,High (Expressible)
28046,EGFP-Rab5A Q79L,3,2,+,776,1627,284,spanning_target_gene,TRUE,TRUE,804,719,TRUE,TRUE,High (Expressible)
28045,EGFP-Rab5A S34N,3,1,+,4483,5334,284,spanning_target_gene,TRUE,TRUE,804,719,TRUE,TRUE,High (Expressible)
28048,EGFP-Rab7A T22N,3,1,+,772,1683,304,spanning_target_gene,TRUE,TRUE,804,691,TRUE,TRUE,High (Expressible)
28047,EGFP-Rab7A,3,1,+,772,1683,304,spanning_target_gene,TRUE,TRUE,804,691,TRUE,TRUE,High (Expressible)
28049,EGFP-Rab7A Q67L,3,3,-,6449,580,304,spanning_target_gene,TRUE,TRUE,647,2967,TRUE,TRUE,High (Expressible)
29435,Lenti-sh1368 knockdown c-myc,-1,1,-,4114,5004,297,spanning_target_gene,TRUE,TRUE,806,2597,TRUE,TRUE,High (Expressible)
30112,pEGFP-IQGAP1,-1,1,-,1340,2218,293,spanning_target_gene,TRUE,TRUE,764,5573,TRUE,TRUE,High (Expressible)
30313,pEGFP ZO1,-1,3,+,6777,7670,298,spanning_target_gene,TRUE,TRUE,6348,1628,TRUE,TRUE,High (Expressible)
31071,Dynactin-4/p62-GFP,-2,2,-,1712,2056,115,partial_target_gene,TRUE,TRUE,1203,798,TRUE,TRUE,High (Expressible)
31937,OCT4-eGFP-PGK-Puro,2,1,+,706,1014,103,partial_target_gene,TRUE,TRUE,532,2053,TRUE,TRUE,High (Expressible)
31796,pDest-eGFP-N1,3,3,+,2367,3125,253,spanning_target_gene,TRUE,TRUE,1527,105,TRUE,TRUE,High (Expressible)
32453,pEGFP-N1-CaMKKbeta,-2,2,-,1838,2335,166,partial_target_gene,TRUE,TRUE,1269,798,TRUE,TRUE,High (Expressible)
32500,pEGFP-N1-TrkB,3,2,+,3023,3952,310,spanning_target_gene,TRUE,TRUE,2454,105,TRUE,TRUE,High (Expressible)
32702,pMSCV-loxp-dsRed-loxp-eGFP-Puro-WPRE,-1,3,-,2239,3135,299,spanning_target_gene,TRUE,TRUE,1721,1726,TRUE,TRUE,High (Expressible)
33238,pEGFP-ATXN1-30Q,-1,1,-,538,1488,317,spanning_target_gene,TRUE,TRUE,29,2457,TRUE,TRUE,High (Expressible)
33239,pEGFP-ATXN1-2Q,-1,1,-,598,1548,317,spanning_target_gene,TRUE,TRUE,29,2367,TRUE,TRUE,High (Expressible)
34687,K44A dynamin 2 pEGFP,2,2,+,2825,3337,171,partial_target_gene,TRUE,TRUE,2244,835,TRUE,TRUE,High (Expressible)
34686,wt dynamin 2 pEGFP,2,3,+,2820,3332,171,partial_target_gene,TRUE,TRUE,2244,835,TRUE,TRUE,High (Expressible)
34857,pTRE_GFP-GluR1,3,1,+,3835,4743,303,spanning_target_gene,TRUE,TRUE,428,3379,TRUE,TRUE,High (Expressible)
34857,pTRE_GFP-GluR1,-2,2,-,3526,3960,145,partial_target_gene,TRUE,TRUE,119,4162,TRUE,TRUE,High (Expressible)
35491,TOP-GFP.mC,-1,2,-,1995,2837,281,spanning_target_gene,TRUE,TRUE,1586,2582,TRUE,TRUE,High (Expressible)
35492,FOP-GFP.mC,-1,3,-,4214,5056,281,spanning_target_gene,TRUE,TRUE,1586,2582,TRUE,TRUE,High (Expressible)
36190,pEGFP.N1-HDAC6.delta Buz,-2,2,-,3332,3805,158,partial_target_gene,TRUE,TRUE,2763,798,TRUE,TRUE,High (Expressible)
36189,pEGFP.N1-HDAC6.DC (catalytic deficient),3,2,+,3926,5008,361,spanning_target_gene,TRUE,TRUE,3402,105,TRUE,TRUE,High (Expressible)
36155,pEGFP-Sec16A,-1,3,-,598,1704,369,spanning_target_gene,TRUE,TRUE,29,6874,TRUE,TRUE,High (Expressible)
37057,GFP-SMN,-2,1,-,1263,1667,135,partial_target_gene,TRUE,TRUE,694,848,TRUE,TRUE,High (Expressible)
38269,pMXs-puro GFP-DFCP1,3,2,+,1091,2641,517,spanning_target_gene,TRUE,TRUE,475,3455,TRUE,TRUE,High (Expressible)
38196,pMXs-IP-EGFP-mAtg5,-1,3,-,1905,2963,353,spanning_target_gene,TRUE,TRUE,1289,1972,TRUE,TRUE,High (Expressible)
38277,pMXs-puro GFP-p62,3,2,+,1070,2665,532,spanning_target_gene,TRUE,TRUE,475,2457,TRUE,TRUE,High (Expressible)
38277,pMXs-puro GFP-p62,-1,2,-,1872,3245,458,spanning_target_gene,TRUE,TRUE,1277,1877,TRUE,TRUE,High (Expressible)
38120,pEGFP-N1-TFE3,-2,3,-,2040,2378,113,partial_target_gene,TRUE,TRUE,1531,798,TRUE,TRUE,High (Expressible)
38194,pMXs-puro-EGFP-FAK,3,1,+,484,1542,353,spanning_target_gene,TRUE,TRUE,967,4268,TRUE,TRUE,High (Expressible)
38282,pMXs-puro GFP-p62 dC,-1,1,-,1884,3254,457,spanning_target_gene,TRUE,TRUE,1289,1530,TRUE,TRUE,High (Expressible)
38296,pMK782 Septin6-GFP,-1,1,+,2371,3264,298,spanning_target_gene,TRUE,TRUE,1972,1628,TRUE,TRUE,High (Expressible)
38777,pNestin-EGFP,3,1,+,2185,3015,277,spanning_target_gene,TRUE,TRUE,134,105,TRUE,TRUE,High (Expressible)
40037,pEGFP-C1 hSlp4-a C2AB,-1,2,-,651,1505,285,spanning_target_gene,TRUE,TRUE,29,1002,TRUE,TRUE,High (Expressible)
40038,pEGFP-C1 hSlp4-a C2A,-1,1,-,652,1506,285,spanning_target_gene,TRUE,TRUE,29,450,TRUE,TRUE,High (Expressible)
40125,pLenti6.3/V5-DEST-GFP,-2,1,-,387,692,102,partial_target_gene,TRUE,TRUE,1919,2412,TRUE,TRUE,High (Expressible)
40262,pEGFP-Q74,-1,3,-,605,1723,373,spanning_target_gene,TRUE,TRUE,29,90,TRUE,TRUE,High (Expressible)
40261,pEGFP-Q23,-1,3,-,605,1570,322,spanning_target_gene,TRUE,TRUE,29,90,TRUE,TRUE,High (Expressible)
40907,pDEST/hCx43-EGFP-N1,3,2,+,1862,2620,253,spanning_target_gene,TRUE,TRUE,1235,105,TRUE,TRUE,High (Expressible)
40973,PBCAG-eGFP,3,3,+,2070,3050,327,spanning_target_gene,TRUE,TRUE,988,17,TRUE,TRUE,High (Expressible)
40973,PBCAG-eGFP,-1,1,-,2134,3054,307,spanning_target_gene,TRUE,TRUE,1052,13,TRUE,TRUE,High (Expressible)
40976,PBMBP-eGFP,2,1,+,1360,1851,164,partial_target_gene,TRUE,TRUE,1386,864,TRUE,TRUE,High (Expressible)
40976,PBMBP-eGFP,3,2,+,1700,2698,333,spanning_target_gene,TRUE,TRUE,1726,17,TRUE,TRUE,High (Expressible)
40976,PBMBP-eGFP,-1,2,-,1758,2702,315,spanning_target_gene,TRUE,TRUE,1784,13,TRUE,TRUE,High (Expressible)
40975,PBGFAP-eGFP,-2,1,+,4138,4452,105,partial_target_gene,TRUE,TRUE,1658,3376,TRUE,TRUE,High (Expressible)
40975,PBGFAP-eGFP,-1,3,+,3324,4352,343,spanning_target_gene,TRUE,TRUE,844,3476,TRUE,TRUE,High (Expressible)
41163,pEGFP PICH (Nigg CB62),-1,3,-,538,1350,271,spanning_target_gene,TRUE,TRUE,29,3826,TRUE,TRUE,High (Expressible)
41942,MSCV-CMV-DsRed-IRES-d1EGFP,-1,1,-,1896,2723,276,spanning_target_gene,TRUE,TRUE,1387,1029,TRUE,TRUE,High (Expressible)
41943,MSCV-CMV-DsRed-IRES-d4EGFP,-1,1,-,1896,2723,276,spanning_target_gene,TRUE,TRUE,1387,1029,TRUE,TRUE,High (Expressible)
42311,pEGFP VAMP8,-2,1,-,3411,3845,145,partial_target_gene,TRUE,TRUE,694,176,TRUE,TRUE,High (Expressible)
42308,pEGFP VAMP2,-2,2,+,1247,1732,162,partial_target_gene,TRUE,TRUE,790,2293,TRUE,TRUE,High (Expressible)
45181,pThy1-Flpbow3,-2,2,-,6974,7372,133,partial_target_gene,TRUE,TRUE,8627,872,TRUE,TRUE,High (Expressible)
44922,pNFkB:eGFP,-2,1,+,1849,2325,159,partial_target_gene,TRUE,TRUE,1579,5932,TRUE,TRUE,High (Expressible)
45561,pEGFP-puro,-1,2,-,608,2005,466,spanning_target_gene,TRUE,TRUE,29,90,TRUE,TRUE,High (Expressible)
45567,pIRES-EGFP-puro,-1,3,-,1099,2580,494,spanning_target_gene,TRUE,TRUE,590,90,TRUE,TRUE,High (Expressible)
45909,pMRXIP GFP-Stx17 WT,2,1,-,3727,4554,276,partial_target_gene,TRUE,TRUE,3015,3356,TRUE,TRUE,High (Expressible)
45923,pMRXIP GFP-SNAP29,2,1,-,3571,4398,276,partial_target_gene,TRUE,TRUE,2859,3356,TRUE,TRUE,High (Expressible)
46601,AB.pCCL.sin.cPPT.U6.miR-223-Decoy.hPGK.GFP.WPRE,-2,1,-,2744,3376,211,partial_target_gene,TRUE,TRUE,1964,1366,TRUE,TRUE,High (Expressible)
46948,pINDUCER21 (ORF-EG),3,1,+,7267,8358,364,spanning_target_gene,TRUE,TRUE,1384,839,TRUE,TRUE,High (Expressible)
46959,pEGFP-C1-FLAG-XRCC4,-1,3,-,661,1524,288,spanning_target_gene,TRUE,TRUE,29,1111,TRUE,TRUE,High (Expressible)
47394,GFP-Intersectin Short,-1,3,-,614,1456,281,spanning_target_gene,TRUE,TRUE,29,3960,TRUE,TRUE,High (Expressible)
47395,GFP-Intersectin Long,-1,2,-,664,1506,281,spanning_target_gene,TRUE,TRUE,29,5408,TRUE,TRUE,High (Expressible)
47684,12XCSL-d1EGFP,-1,2,-,482,1327,282,spanning_target_gene,TRUE,TRUE,672,238,TRUE,TRUE,High (Expressible)
49056,AAV-GFP/Cre,3,3,+,1482,2333,284,spanning_target_gene,TRUE,TRUE,579,1153,TRUE,TRUE,High (Expressible)
48201,CAG-GFP-IRES-CRE,3,1,+,3271,4320,350,spanning_target_gene,TRUE,TRUE,827,2211,TRUE,TRUE,High (Expressible)
47608,EGFPC1-hMyoX,-1,1,-,598,1674,359,spanning_target_gene,TRUE,TRUE,29,6075,TRUE,TRUE,High (Expressible)
50465,pAAV-hSyn-EGFP,3,1,+,205,1398,398,spanning_target_gene,TRUE,TRUE,1880,618,TRUE,TRUE,High (Expressible)
51302,pINDUCER21-HOXA9,3,3,+,6948,8039,364,spanning_target_gene,TRUE,TRUE,1375,839,TRUE,TRUE,High (Expressible)
51303,pINDUCER21-RORA,3,2,+,7748,8839,364,spanning_target_gene,TRUE,TRUE,1395,839,TRUE,TRUE,High (Expressible)
51304,pINDUCER21-SOX4,3,1,+,6955,8046,364,spanning_target_gene,TRUE,TRUE,1391,839,TRUE,TRUE,High (Expressible)
51305,pINDUCER21-MYB,3,2,+,8420,9511,364,spanning_target_gene,TRUE,TRUE,1395,839,TRUE,TRUE,High (Expressible)
51465,PH-Akt-GFP,-2,1,-,832,1275,148,partial_target_gene,TRUE,TRUE,263,798,TRUE,TRUE,High (Expressible)
51301,pINDUCER21-ERG,3,3,+,7611,8702,364,spanning_target_gene,TRUE,TRUE,1390,839,TRUE,TRUE,High (Expressible)
51509,AAV phSyn1(S)-FLEX-tdTomato-T2A-SypEGFP-WPRE,3,1,-,6235,7338,368,spanning_target_gene,TRUE,TRUE,121,2817,TRUE,TRUE,High (Expressible)
52473,pAAV-synP-FLEX-splitTVA-EGFP-B19G,-1,2,+,1829,3268,480,spanning_target_gene,TRUE,TRUE,1602,714,TRUE,TRUE,High (Expressible)
52343,AAVS1-TRE3G-EGFP,-1,2,+,2771,3664,298,spanning_target_gene,TRUE,TRUE,2772,2866,TRUE,TRUE,High (Expressible)
52506,pDEST pcDNA5-FRT/TO-eGFP-Rif1,-1,2,+,7829,8680,284,spanning_target_gene,TRUE,TRUE,9278,3156,TRUE,TRUE,High (Expressible)
53757,pEGFP-C3-Sec6,-2,2,-,1263,1865,201,partial_target_gene,TRUE,TRUE,694,1849,TRUE,TRUE,High (Expressible)
54762,EGFP-pBAD,-1,3,-,1809,2852,348,spanning_target_gene,TRUE,TRUE,3989,80,TRUE,TRUE,High (Expressible)
53761,pEGFP-C3-Exo70,-2,3,-,1256,1600,115,partial_target_gene,TRUE,TRUE,694,1921,TRUE,TRUE,High (Expressible)
55759,pALB-GFP,3,1,-,5535,6449,305,spanning_target_gene,TRUE,TRUE,715,3348,TRUE,TRUE,High (Expressible)
58473,pEGFP-C1 F-tractin-EGFP,-1,3,-,735,1565,277,spanning_target_gene,TRUE,TRUE,166,90,TRUE,TRUE,High (Expressible)
58468,pEGFP-C1 EGFP-3XNLS,-1,3,+,1134,2030,299,spanning_target_gene,TRUE,TRUE,700,1628,TRUE,TRUE,High (Expressible)
57822,pLKO5.sgRNA.EFS.GFP,-2,3,-,2206,2574,123,partial_target_gene,TRUE,TRUE,247,1351,TRUE,TRUE,High (Expressible)
59946,HypoxCR,-1,2,+,2606,3358,251,spanning_target_gene,TRUE,TRUE,1971,4958,TRUE,TRUE,High (Expressible)
61496,RAB14 shRNA,-2,3,-,2750,3406,219,partial_target_gene,TRUE,TRUE,188,1487,TRUE,TRUE,High (Expressible)
61989,NET33 pEGFP-N2 (597),-2,3,-,3817,4152,112,partial_target_gene,TRUE,TRUE,990,798,TRUE,TRUE,High (Expressible)
62913,pJEP223-AAV-EFS-GFP-pA,-2,3,-,119,454,112,partial_target_gene,TRUE,TRUE,1799,681,TRUE,TRUE,High (Expressible)
62520,GFP-Drosha,-1,1,-,538,1374,279,spanning_target_gene,TRUE,TRUE,29,4194,TRUE,TRUE,High (Expressible)
62909,pJEP224-AAV-Basic-0.4αCaMKII-GFP-pA,3,1,+,430,1329,300,spanning_target_gene,TRUE,TRUE,2110,77,TRUE,TRUE,High (Expressible)
62039,NKP66 pEGFP-N2 (1176),3,2,+,1508,2290,261,spanning_target_gene,TRUE,TRUE,879,105,TRUE,TRUE,High (Expressible)
62604,pBGSA FPR1-EGFP,-1,2,-,1779,2612,278,spanning_target_gene,TRUE,TRUE,1339,3312,TRUE,TRUE,High (Expressible)
62916,pJEP222-AAV-CMV-GFP-pA,3,1,+,1156,2199,348,spanning_target_gene,TRUE,TRUE,442,442,TRUE,TRUE,High (Expressible)
63729,MIP 339 CoMiP coLin28 2A Nanog IRES eGFP,3,1,+,4021,4920,300,spanning_target_gene,TRUE,TRUE,3601,4961,TRUE,TRUE,High (Expressible)
64149,ptf-Galectin3,-1,3,-,599,2059,487,spanning_target_gene,TRUE,TRUE,23,879,TRUE,TRUE,High (Expressible)
64359,pIRESneo3+GFP-Utr_CH,-1,1,-,690,1448,253,spanning_target_gene,TRUE,TRUE,42,2673,TRUE,TRUE,High (Expressible)
65442,FUW-ubiquitin-EphB2-SV40-GFP (B2G),-1,2,-,7004,7741,246,spanning_target_gene,TRUE,TRUE,1,1377,TRUE,TRUE,High (Expressible)
66831,EGFP-E-Syt2,-1,2,+,6617,475,368,spanning_target_gene,TRUE,TRUE,2941,1628,TRUE,TRUE,High (Expressible)
67935,GFP-mouse vinculin full length (889),-1,2,-,538,1326,263,spanning_target_gene,TRUE,TRUE,29,3344,TRUE,TRUE,High (Expressible)
68550,AAV-CREB,3,2,+,1211,2125,305,spanning_target_gene,TRUE,TRUE,497,1058,TRUE,TRUE,High (Expressible)
69134,pT3-Neo-EF1a-GFP,-2,3,-,1054,1368,105,partial_target_gene,TRUE,TRUE,759,2030,TRUE,TRUE,High (Expressible)
68846,pR96L-EGFP,-1,2,-,538,1359,274,spanning_target_gene,TRUE,TRUE,29,1925,TRUE,TRUE,High (Expressible)
68714,pLL3.7 K122 -ires-GFP-Osteocalcin-promoter-H2B mCherry reporter,-1,3,-,5700,6470,257,spanning_target_gene,TRUE,TRUE,29,8204,TRUE,TRUE,High (Expressible)
69751,pKG333,-1,3,-,1382,2731,450,spanning_target_gene,TRUE,TRUE,906,902,TRUE,TRUE,High (Expressible)
69619,pEGFP N1 Ub-CRT,-2,1,-,1744,2154,137,partial_target_gene,TRUE,TRUE,1175,798,TRUE,TRUE,High (Expressible)
69809,xlox(GFP)hTERT,3,1,+,5185,6198,338,spanning_target_gene,TRUE,TRUE,4668,19,TRUE,TRUE,High (Expressible)
70183,FgH1tUTG,-2,1,-,10410,10841,144,partial_target_gene,TRUE,TRUE,333,2025,TRUE,TRUE,High (Expressible)
70144,Dazl-CPG-TV,-1,1,-,1726,2613,296,spanning_target_gene,TRUE,TRUE,1552,13,TRUE,TRUE,High (Expressible)
71378,Grp1-PH pEGFP-C1,-1,1,-,598,1875,426,spanning_target_gene,TRUE,TRUE,29,90,TRUE,TRUE,High (Expressible)
73080,pEGFP-hGal3,-1,1,-,652,1422,257,spanning_target_gene,TRUE,TRUE,29,879,TRUE,TRUE,High (Expressible)
73836,h-Plekhm1_EGFP,-2,3,-,3591,3896,102,partial_target_gene,TRUE,TRUE,3022,798,TRUE,TRUE,High (Expressible)
73982,CAG-EGFP-Otx2shRNA2,3,2,+,1646,2512,289,spanning_target_gene,TRUE,TRUE,984,263,TRUE,TRUE,High (Expressible)
73998,CAG-RORb2-IRES-GFPd2,-1,2,-,3662,4489,276,spanning_target_gene,TRUE,TRUE,3000,242,TRUE,TRUE,High (Expressible)
73997,CAG-Crx-IRES-GFPd2,-1,1,-,3142,3969,276,spanning_target_gene,TRUE,TRUE,2480,242,TRUE,TRUE,High (Expressible)
73996,CAG-Otx2-IRES-GFPd2,-1,2,-,3116,3943,276,spanning_target_gene,TRUE,TRUE,2454,242,TRUE,TRUE,High (Expressible)
74165,pCDNA3-GFP,-1,1,-,911,1711,267,spanning_target_gene,TRUE,TRUE,29,238,TRUE,TRUE,High (Expressible)
74513,pAAV-hSyn1-EGFP-P2A-EGFPf-WPRE-HGHpA,2,3,+,240,710,157,partial_target_gene,TRUE,TRUE,1888,2236,TRUE,TRUE,High (Expressible)
74513,pAAV-hSyn1-EGFP-P2A-EGFPf-WPRE-HGHpA,-2,1,-,439,747,103,partial_target_gene,TRUE,TRUE,2087,2199,TRUE,TRUE,High (Expressible)
78121,pINDUCER21-PGBD5,3,3,+,7227,8318,364,spanning_target_gene,TRUE,TRUE,1391,839,TRUE,TRUE,High (Expressible)
79252,pAc5.1B-EGFP-DmCCr4,-1,1,-,2419,3270,284,spanning_target_gene,TRUE,TRUE,2567,1807,TRUE,TRUE,High (Expressible)
79534,pEGFP-N3/hArf5(WT)-EGFP,-2,3,-,3064,3429,122,partial_target_gene,TRUE,TRUE,306,798,TRUE,TRUE,High (Expressible)
79601,FUGW-d2GFP-ZEB1 3'UTR,-1,2,+,4379,5122,248,spanning_target_gene,TRUE,TRUE,3079,6047,TRUE,TRUE,High (Expressible)
80605,pMET7-GAG-EGFP,-1,3,+,2490,3323,278,spanning_target_gene,TRUE,TRUE,1988,4361,TRUE,TRUE,High (Expressible)
80491,pAAVS1-P-CAG-GFP,-1,3,-,4012,4932,307,spanning_target_gene,TRUE,TRUE,3635,13,TRUE,TRUE,High (Expressible)
81226,pCALNL-eGFP-Esp3I,-1,1,+,3403,4317,305,spanning_target_gene,TRUE,TRUE,477,2991,TRUE,TRUE,High (Expressible)
81029,pEGFP-C1-NuMA,-2,3,-,1263,1667,135,partial_target_gene,TRUE,TRUE,694,6774,TRUE,TRUE,High (Expressible)
82613,3xFLAG-dCas9/MSCV-EGFP,-1,1,-,6284,7090,269,spanning_target_gene,TRUE,TRUE,5768,44,TRUE,TRUE,High (Expressible)
83107,pLenti-PGK-c-myc-2A-CDK4(R24C)-GFP-Puro,3,3,+,4641,5495,285,spanning_target_gene,TRUE,TRUE,2394,1822,TRUE,TRUE,High (Expressible)
8387,p155 pCMV-EGFP/beta-gal,-1,2,-,1388,2167,260,spanning_target_gene,TRUE,TRUE,559,90,TRUE,TRUE,High (Expressible)
8389,p212 pCMV-EGFP/RFP,-1,1,-,692,1471,260,spanning_target_gene,TRUE,TRUE,116,90,TRUE,TRUE,High (Expressible)
83925,pLV-U6-gRNA-UbC-eGFP-P2A-Bsr,-1,1,-,5666,6964,433,spanning_target_gene,TRUE,TRUE,777,1362,TRUE,TRUE,High (Expressible)
83952,TrkB mEGFP,3,2,+,4151,5011,287,spanning_target_gene,TRUE,TRUE,3485,75,TRUE,TRUE,High (Expressible)
84293,pEGFP-Merlin,-1,3,-,598,1593,332,spanning_target_gene,TRUE,TRUE,29,1678,TRUE,TRUE,High (Expressible)
84294,pEGFP-Merlin S518A,-1,3,-,598,1593,332,spanning_target_gene,TRUE,TRUE,29,1678,TRUE,TRUE,High (Expressible)
84295,pEGFP-Merlin S518D,-1,3,-,598,1593,332,spanning_target_gene,TRUE,TRUE,29,1678,TRUE,TRUE,High (Expressible)
84383,pLenti Lifeact-EGFP BlastR,-1,3,-,6334,7344,337,spanning_target_gene,TRUE,TRUE,1788,1829,TRUE,TRUE,High (Expressible)
8438,pAd-Track Flag-SIRT1,-1,1,-,7394,8173,260,spanning_target_gene,TRUE,TRUE,29,90,TRUE,TRUE,High (Expressible)
8439,pAd-Track Flag-SIRT1 H355A,-1,1,-,7394,8173,260,spanning_target_gene,TRUE,TRUE,29,90,TRUE,TRUE,High (Expressible)
84391,pENTR CMVie-Lifeact-EGFP L1-R5,-1,2,-,866,1876,337,spanning_target_gene,TRUE,TRUE,2605,2217,TRUE,TRUE,High (Expressible)
84562,pEGFP-TSAd-wt,3,2,+,1805,2605,267,spanning_target_gene,TRUE,TRUE,1236,105,TRUE,TRUE,High (Expressible)
8440,pAd-Track SIRT1,-1,2,-,7203,7982,260,spanning_target_gene,TRUE,TRUE,29,90,TRUE,TRUE,High (Expressible)
84572,pMRX-IP-GFP-LC3-RFP-LC3ΔG,2,1,-,2413,3249,279,partial_target_gene,TRUE,TRUE,3558,3356,TRUE,TRUE,High (Expressible)
84602,pGL3b-8XGliBS:EGFP,-2,1,-,431,1021,197,partial_target_gene,TRUE,TRUE,889,799,TRUE,TRUE,High (Expressible)
84573,pMRX-IP-GFP-LC3-RFP,2,3,+,1152,1988,279,partial_target_gene,TRUE,TRUE,1338,3183,TRUE,TRUE,High (Expressible)
84882,pAAV-Sico-Red,-1,2,-,5901,6821,307,spanning_target_gene,TRUE,TRUE,1769,194,TRUE,TRUE,High (Expressible)
85161,pENTR-HLA-A2_GFP,-1,3,-,1697,2572,292,spanning_target_gene,TRUE,TRUE,3436,2102,TRUE,TRUE,High (Expressible)
85216,Banshee-ShCit-A,-1,3,-,5576,6421,282,spanning_target_gene,TRUE,TRUE,879,694,TRUE,TRUE,High (Expressible)
85217,Banshee-ShCit-B,-1,3,-,5576,6421,282,spanning_target_gene,TRUE,TRUE,879,694,TRUE,TRUE,High (Expressible)
85225,pAAV-hSyn-FLEX-TVA-P2A-EGFP-2A-oG,-1,1,-,1132,2574,481,spanning_target_gene,TRUE,TRUE,1892,4944,TRUE,TRUE,High (Expressible)
85530,FgH1tUTG_huMcl-1.1,-2,2,-,8713,9144,144,partial_target_gene,TRUE,TRUE,333,2025,TRUE,TRUE,High (Expressible)
85446,Fireworks GFP[PTC+] (AVA2600),-1,1,-,2685,6497,1271,spanning_target_gene,TRUE,TRUE,40,2238,TRUE,TRUE,High (Expressible)
85445,Fireworks GFP[PTC-] (AVA2598),-1,1,-,2685,6497,1271,spanning_target_gene,TRUE,TRUE,40,2238,TRUE,TRUE,High (Expressible)
85534,FgH1tUTG_mup53_Ex4,-2,2,-,7939,8370,144,partial_target_gene,TRUE,TRUE,333,2025,TRUE,TRUE,High (Expressible)
85531,FgH1tUTG_huMcl-1.2,-2,2,+,2198,2629,144,partial_target_gene,TRUE,TRUE,1813,6702,TRUE,TRUE,High (Expressible)
85535,FgH1tUTG_mup53_Ex5,-2,1,+,2293,2724,144,partial_target_gene,TRUE,TRUE,1813,6702,TRUE,TRUE,High (Expressible)
85532,FgH1tUTG_huBim_Ex3,-2,2,-,8713,9144,144,partial_target_gene,TRUE,TRUE,333,2025,TRUE,TRUE,High (Expressible)
85533,FgH1tUTG_muBim_Ex3,-2,1,-,8735,9166,144,partial_target_gene,TRUE,TRUE,333,2025,TRUE,TRUE,High (Expressible)
85539,FgH1tUTG_hup53_Ex5,-2,1,-,4511,4942,144,partial_target_gene,TRUE,TRUE,333,2025,TRUE,TRUE,High (Expressible)
85536,FgH1tUTG_Bfl-1.1,-2,3,+,3366,3797,144,partial_target_gene,TRUE,TRUE,1813,6702,TRUE,TRUE,High (Expressible)
85537,FgH1tUTG_Bfl-1.2,-2,1,+,3346,3777,144,partial_target_gene,TRUE,TRUE,1813,6702,TRUE,TRUE,High (Expressible)
85538,FgH1tUTG_hup53_Ex4,-2,3,+,3060,3491,144,partial_target_gene,TRUE,TRUE,1813,6702,TRUE,TRUE,High (Expressible)
85587,Banshee-Sh-Ctrl,-1,2,-,5578,6423,282,spanning_target_gene,TRUE,TRUE,879,696,TRUE,TRUE,High (Expressible)
85667,pEGFP-YOD1-MutS2,-1,3,-,538,1494,319,spanning_target_gene,TRUE,TRUE,29,1064,TRUE,TRUE,High (Expressible)
85668,pEGFP-YOD1-MutS2-C160S,-1,2,-,538,1494,319,spanning_target_gene,TRUE,TRUE,29,1064,TRUE,TRUE,High (Expressible)
85672,pEGFP-p97-E578Q,-2,2,-,651,1175,175,partial_target_gene,TRUE,TRUE,694,2110,TRUE,TRUE,High (Expressible)
85710,pHA2,-1,3,-,8008,8787,260,spanning_target_gene,TRUE,TRUE,29,90,TRUE,TRUE,High (Expressible)
85670,pEGFP-p97,-2,2,-,651,1175,175,partial_target_gene,TRUE,TRUE,694,2110,TRUE,TRUE,High (Expressible)
85845,pDONOR-SNCAe2-WT,3,2,+,5984,6979,332,spanning_target_gene,TRUE,TRUE,6003,762,TRUE,TRUE,High (Expressible)
86051,CD8a-EGFP,3,2,+,1976,2821,282,spanning_target_gene,TRUE,TRUE,697,105,TRUE,TRUE,High (Expressible)
86052,CD8a-cNLS-EGFP,3,1,+,1978,2871,298,spanning_target_gene,TRUE,TRUE,697,105,TRUE,TRUE,High (Expressible)
86054,CD8a-hnRNP-M-EGFP,3,1,+,1984,2922,313,spanning_target_gene,TRUE,TRUE,697,105,TRUE,TRUE,High (Expressible)
86139,pMXs2-RAC1 G12V,-1,2,-,2226,3335,370,spanning_target_gene,TRUE,TRUE,1631,1889,TRUE,TRUE,High (Expressible)
86139,pMXs2-RAC1 G12V,-2,3,-,2198,2614,139,partial_target_gene,TRUE,TRUE,1603,2610,TRUE,TRUE,High (Expressible)
86157,pCAMBIA-FLS2prom::FLS2-3xmyc-GFP,-2,3,-,3231,3773,181,partial_target_gene,TRUE,TRUE,4295,7512,TRUE,TRUE,High (Expressible)
86455,pBac[3xP3-gTc'v;Tc'puP-Tc'H2Av_EGFP],-2,3,-,6183,6620,146,partial_target_gene,TRUE,TRUE,1863,704,TRUE,TRUE,High (Expressible)
86454,pBac[3xP3-gTc'v;Tc'rps3P-Tc'H2Av_EGFP],-2,2,-,5936,6373,146,partial_target_gene,TRUE,TRUE,1616,704,TRUE,TRUE,High (Expressible)
86464,UBXD1-GFP,-2,2,-,1059,1382,108,partial_target_gene,TRUE,TRUE,1130,798,TRUE,TRUE,High (Expressible)
86456,pBac[3xP3-gTc'v; Tc'aTub1P-loxP(mCherry)Sv40_Tc'H2Av_EGFP],-2,2,-,10430,10867,146,partial_target_gene,TRUE,TRUE,5796,704,TRUE,TRUE,High (Expressible)
86833,GFP-p38beta,-1,3,-,752,2671,640,spanning_target_gene,TRUE,TRUE,29,90,TRUE,TRUE,High (Expressible)
87338,pEGFP-C1X-Nup88,-2,3,-,3476,3877,134,partial_target_gene,TRUE,TRUE,694,2113,TRUE,TRUE,High (Expressible)
87337,pEGFP-C1X-Nup88-mut,-2,2,-,3503,3904,134,partial_target_gene,TRUE,TRUE,694,2072,TRUE,TRUE,High (Expressible)
87343,pEGFP-C1-6xHis,-1,2,-,1434,2261,276,spanning_target_gene,TRUE,TRUE,29,90,TRUE,TRUE,High (Expressible)
87828,pcDNA5-EGFP-NLS-P2AT2A-mCherry-PTS1,-2,3,-,651,956,102,partial_target_gene,TRUE,TRUE,836,692,TRUE,TRUE,High (Expressible)
87865,ires-eGFP(+HAs) donor-1,-1,2,-,1581,2405,275,spanning_target_gene,TRUE,TRUE,1497,31,TRUE,TRUE,High (Expressible)
87829,pcDNA5-MTS-TagBFP-P2AT2A-EGFP-NLS-P2AT2A-mCherry-PTS1,-2,2,-,1527,1832,102,partial_target_gene,TRUE,TRUE,1791,692,TRUE,TRUE,High (Expressible)
87871,pEGFP-hGABARAP,-1,2,-,234,1394,387,spanning_target_gene,TRUE,TRUE,29,90,TRUE,TRUE,High (Expressible)
87869,pEGFP-hAtg12,-2,3,-,899,1240,114,partial_target_gene,TRUE,TRUE,694,340,TRUE,TRUE,High (Expressible)
87872,pEGFP-hLC3,-1,2,-,234,1151,306,spanning_target_gene,TRUE,TRUE,29,357,TRUE,TRUE,High (Expressible)
87929,p-EGFP-C1-Flag-mFmr1(wt),-1,3,-,538,1464,309,spanning_target_gene,TRUE,TRUE,29,1855,TRUE,TRUE,High (Expressible)
87913,p-EGFP-C1-Flag-mFmr1(A),-1,3,-,538,1464,309,spanning_target_gene,TRUE,TRUE,29,1855,TRUE,TRUE,High (Expressible)
87914,p-EGFP-C1-Flag-mFmr1(D),-1,3,-,538,1464,309,spanning_target_gene,TRUE,TRUE,29,1855,TRUE,TRUE,High (Expressible)
87956,pEGFPN1-gamma-tubulin,2,3,+,786,1826,347,partial_target_gene,TRUE,TRUE,29,835,TRUE,TRUE,High (Expressible)
89370,E1b-GFP-Tol2-Gateway dre SE-irf2bpl A,3,3,+,4032,4937,302,spanning_target_gene,TRUE,TRUE,3851,12,TRUE,TRUE,High (Expressible)
89376,E1b-GFP-Tol2-Gateway mmu SE-Irf2bpl G,3,1,+,2911,3816,302,spanning_target_gene,TRUE,TRUE,4448,12,TRUE,TRUE,High (Expressible)
89371,E1b-GFP-Tol2-Gateway dre SE-irf2bpl B,3,3,+,3831,4736,302,spanning_target_gene,TRUE,TRUE,3650,12,TRUE,TRUE,High (Expressible)
89374,E1b-GFP-Tol2-Gateway mmu SE-Irf2bpl E,3,3,+,3774,4679,302,spanning_target_gene,TRUE,TRUE,3593,12,TRUE,TRUE,High (Expressible)
89372,E1b-GFP-Tol2-Gateway dre SE-irf2bpl C,3,1,+,3442,4347,302,spanning_target_gene,TRUE,TRUE,3261,12,TRUE,TRUE,High (Expressible)
89373,E1b-GFP-Tol2-Gateway dre SE-irf2bpl D,3,3,+,1980,2885,302,spanning_target_gene,TRUE,TRUE,3379,12,TRUE,TRUE,High (Expressible)
89380,E1b-GFP-Tol2-Gateway mmu SE-Irf2bpl K,3,2,+,4145,5050,302,spanning_target_gene,TRUE,TRUE,3964,12,TRUE,TRUE,High (Expressible)
89377,E1b-GFP-Tol2-Gateway mmu SE-Irf2bpl H,3,3,+,6300,7205,302,spanning_target_gene,TRUE,TRUE,6119,12,TRUE,TRUE,High (Expressible)
89378,E1b-GFP-Tol2-Gateway mmu SE-Irf2bpl I,3,2,+,3989,4894,302,spanning_target_gene,TRUE,TRUE,3808,12,TRUE,TRUE,High (Expressible)
89385,E1b-GFP-Tol2-Gateway dre SE-zic2a P,3,3,+,3924,4829,302,spanning_target_gene,TRUE,TRUE,3743,12,TRUE,TRUE,High (Expressible)
89383,E1b-GFP-Tol2-Gateway dre SE-zic2a N,3,3,+,2907,3812,302,spanning_target_gene,TRUE,TRUE,2726,12,TRUE,TRUE,High (Expressible)
89382,E1b-GFP-Tol2-Gateway dre SE-zic2a M,3,3,+,4068,4973,302,spanning_target_gene,TRUE,TRUE,3887,12,TRUE,TRUE,High (Expressible)
89387,E1b-GFP-Tol2-Gateway dre SE-zic2a R,3,3,+,4059,4964,302,spanning_target_gene,TRUE,TRUE,3878,12,TRUE,TRUE,High (Expressible)
89384,E1b-GFP-Tol2-Gateway dre SE-zic2a O,3,1,+,4402,5307,302,spanning_target_gene,TRUE,TRUE,5938,12,TRUE,TRUE,High (Expressible)
89386,E1b-GFP-Tol2-Gateway dre SE-zic2a Q,3,2,+,3035,3940,302,spanning_target_gene,TRUE,TRUE,2854,12,TRUE,TRUE,High (Expressible)
89469,pRFHUE-eGFP,2,2,+,197,682,162,partial_target_gene,TRUE,TRUE,422,4164,TRUE,TRUE,High (Expressible)
89770,pLenti-EGFP-hChibby1,-1,2,-,1127,2002,292,spanning_target_gene,TRUE,TRUE,895,1651,TRUE,TRUE,High (Expressible)
89834,pLPCX2-FLAG-Smad4,-1,3,-,2763,3731,323,spanning_target_gene,TRUE,TRUE,2173,1626,TRUE,TRUE,High (Expressible)
89941,pMRXIP-GFP-STX17ΔNTD,2,3,+,426,1253,276,partial_target_gene,TRUE,TRUE,1338,2532,TRUE,TRUE,High (Expressible)
90124,pMEcldn5bP1gfp,-1,3,-,1777,2634,286,spanning_target_gene,TRUE,TRUE,2863,2115,TRUE,TRUE,High (Expressible)
90123,pMEclecl14aP1gfp,-1,2,-,1950,2810,287,spanning_target_gene,TRUE,TRUE,3036,2115,TRUE,TRUE,High (Expressible)
89981,GFP-ataxin-3 C-t,-1,3,-,3938,4705,256,spanning_target_gene,TRUE,TRUE,29,654,TRUE,TRUE,High (Expressible)
90127,pMElmo2P1gfp,-1,1,-,1959,2828,290,spanning_target_gene,TRUE,TRUE,3040,2115,TRUE,TRUE,High (Expressible)
90129,pMEnrp1bP1gfp,-1,1,-,2149,3147,333,spanning_target_gene,TRUE,TRUE,3222,2115,TRUE,TRUE,High (Expressible)
90125,pMEdll4P1gfp,-1,3,-,1826,2821,332,spanning_target_gene,TRUE,TRUE,2904,2115,TRUE,TRUE,High (Expressible)
90131,pMEsnx5P1gfp,3,3,+,927,1748,274,spanning_target_gene,TRUE,TRUE,2666,2152,TRUE,TRUE,High (Expressible)
90131,pMEsnx5P1gfp,-1,1,-,688,1785,366,spanning_target_gene,TRUE,TRUE,2427,2115,TRUE,TRUE,High (Expressible)
90126,pMEdusp5P1gfp,-1,3,-,1896,2741,282,spanning_target_gene,TRUE,TRUE,2975,2115,TRUE,TRUE,High (Expressible)
90128,pMEmafbbP1gfp,-1,2,-,1778,2701,308,spanning_target_gene,TRUE,TRUE,2851,2115,TRUE,TRUE,High (Expressible)
90130,pMEsheP1gfp,2,3,+,1785,2090,102,partial_target_gene,TRUE,TRUE,2865,2939,TRUE,TRUE,High (Expressible)
90130,pMEsheP1gfp,-1,1,-,1964,2914,317,spanning_target_gene,TRUE,TRUE,3044,2115,TRUE,TRUE,High (Expressible)
90133,pMEyrkP1gfp,-1,2,-,1895,2857,321,spanning_target_gene,TRUE,TRUE,2980,2115,TRUE,TRUE,High (Expressible)
90134,pT2-cryR;nrp1bCE1-basEgfp,-1,1,-,1367,2197,277,spanning_target_gene,TRUE,TRUE,3420,90,TRUE,TRUE,High (Expressible)
90135,pT2-cryR;tmem88aCE1-basEgfp,-1,2,-,1312,2142,277,spanning_target_gene,TRUE,TRUE,3345,90,TRUE,TRUE,High (Expressible)
90137,pT2-cryR;mafbbCE1-basEgfp,-1,2,-,1284,2114,277,spanning_target_gene,TRUE,TRUE,3340,90,TRUE,TRUE,High (Expressible)
90142,pT2-cryR;yrkCE1-basEgfp,-1,3,-,1646,2476,277,spanning_target_gene,TRUE,TRUE,3694,90,TRUE,TRUE,High (Expressible)
90136,pT2-cryR;cldn5bCE1-basEgfp,-1,2,-,1094,1924,277,spanning_target_gene,TRUE,TRUE,3140,90,TRUE,TRUE,High (Expressible)
90141,pT2-cryR;lmo2CE1-basEgfp,-1,1,-,1246,2076,277,spanning_target_gene,TRUE,TRUE,3292,90,TRUE,TRUE,High (Expressible)
90138,pT2-cryR;snx5CE1-basEgfp,-1,2,-,1394,2224,277,spanning_target_gene,TRUE,TRUE,3425,90,TRUE,TRUE,High (Expressible)
90139,pT2-cryR;sheCE1-basEgfp,-1,2,-,1235,2065,277,spanning_target_gene,TRUE,TRUE,3272,90,TRUE,TRUE,High (Expressible)
90143,pT2-cryR;dll4CE1-basEgfp,-1,2,-,1448,2278,277,spanning_target_gene,TRUE,TRUE,3479,90,TRUE,TRUE,High (Expressible)
90140,pT2-cryR;clec14aCE1-basEgfp,-1,3,-,1299,2129,277,spanning_target_gene,TRUE,TRUE,3333,90,TRUE,TRUE,High (Expressible)
90145,pT2-cryR;dusp5CE1-basEgfp,-1,1,-,1550,2380,277,spanning_target_gene,TRUE,TRUE,3588,90,TRUE,TRUE,High (Expressible)
90144,pT2-cryR;dll4CE2-basEgfp,-1,1,-,1384,2214,277,spanning_target_gene,TRUE,TRUE,3418,90,TRUE,TRUE,High (Expressible)
90150,pT2-cryR;sheCE1-P1Egfp,2,1,+,1615,1920,102,partial_target_gene,TRUE,TRUE,3662,906,TRUE,TRUE,High (Expressible)
90152,pT2-cryR;snx5CE1-P1Egfp,3,2,+,1580,2401,274,spanning_target_gene,TRUE,TRUE,3616,119,TRUE,TRUE,High (Expressible)
90165,pT2-cryR;sheP1Egfp,2,3,+,489,794,102,partial_target_gene,TRUE,TRUE,481,906,TRUE,TRUE,High (Expressible)
90166,pT2-cryR;snx5P1Egfp,3,2,+,293,1114,274,spanning_target_gene,TRUE,TRUE,282,119,TRUE,TRUE,High (Expressible)
90169,pT2-cryR;basPEgfp,-1,3,-,83,913,277,spanning_target_gene,TRUE,TRUE,91,90,TRUE,TRUE,High (Expressible)
90174,LP344,-1,1,-,538,1500,321,spanning_target_gene,TRUE,TRUE,29,1050,TRUE,TRUE,High (Expressible)
90175,LP346,-1,1,-,538,1500,321,spanning_target_gene,TRUE,TRUE,29,2940,TRUE,TRUE,High (Expressible)
90176,LP399,-1,1,-,538,1500,321,spanning_target_gene,TRUE,TRUE,29,3807,TRUE,TRUE,High (Expressible)
90177,LP696,-1,1,-,538,1329,264,spanning_target_gene,TRUE,TRUE,29,1737,TRUE,TRUE,High (Expressible)
90179,LP698,-1,1,-,538,1329,264,spanning_target_gene,TRUE,TRUE,29,1365,TRUE,TRUE,High (Expressible)
90181,LP712,-1,1,-,538,1665,376,spanning_target_gene,TRUE,TRUE,29,2748,TRUE,TRUE,High (Expressible)
91789,pRRlsinPGK_CREGFP_WPRE,-1,3,+,8292,695,297,spanning_target_gene,TRUE,TRUE,754,6455,TRUE,TRUE,High (Expressible)
92196,pLenti-DsRed_IRES_MAPT:EGFP,-2,3,-,5125,5520,132,partial_target_gene,TRUE,TRUE,2388,2803,TRUE,TRUE,High (Expressible)
96896,EKARet-nuc,-2,2,-,1866,2402,179,partial_target_gene,TRUE,TRUE,813,727,TRUE,TRUE,High (Expressible)
92419,mEGFP-PI35P2,-1,1,-,598,1821,408,spanning_target_gene,TRUE,TRUE,29,90,TRUE,TRUE,High (Expressible)
92419,mEGFP-PI35P2,-2,2,-,1263,1580,106,partial_target_gene,TRUE,TRUE,694,331,TRUE,TRUE,High (Expressible)
96895,EKARet-cyto,-2,3,-,1849,2406,186,partial_target_gene,TRUE,TRUE,796,742,TRUE,TRUE,High (Expressible)
96897,AKARet-cyto,-2,1,-,2138,2617,160,partial_target_gene,TRUE,TRUE,1085,742,TRUE,TRUE,High (Expressible)
96941,pLenti_CamKIIa_GFP,3,3,+,3744,4664,307,spanning_target_gene,TRUE,TRUE,2728,1323,TRUE,TRUE,High (Expressible)
96930,XLone-GFP,-1,3,-,317,1171,285,spanning_target_gene,TRUE,TRUE,349,117,TRUE,TRUE,High (Expressible)
97040,pINDUCER-21-HOXA5,3,2,+,3905,4996,364,spanning_target_gene,TRUE,TRUE,1390,839,TRUE,TRUE,High (Expressible)
97038,pINDUCER-21-LCOR,3,2,+,4355,5446,364,spanning_target_gene,TRUE,TRUE,1374,839,TRUE,TRUE,High (Expressible)
97041,pINDUCER-21-HOXA9,3,3,+,4200,5291,364,spanning_target_gene,TRUE,TRUE,1376,839,TRUE,TRUE,High (Expressible)
97044,pINDUCER-21-LCOR-P2A-HOXA9-T2A-HOXA5,3,2,+,6227,7318,364,spanning_target_gene,TRUE,TRUE,1378,839,TRUE,TRUE,High (Expressible)
97045,pINDUCER-21-RUNX1-P2A-ERG,3,3,+,6348,7439,364,spanning_target_gene,TRUE,TRUE,1391,839,TRUE,TRUE,High (Expressible)
97193,[Bla][IRES][GFP],3,3,+,2193,2930,246,spanning_target_gene,TRUE,TRUE,1530,32,TRUE,TRUE,High (Expressible)
98037,pRVdGL-4EGFP,-1,3,-,4069,4845,259,spanning_target_gene,TRUE,TRUE,3363,257,TRUE,TRUE,High (Expressible)
98518,BB1_23_eGFP,3,3,+,120,890,257,spanning_target_gene,TRUE,TRUE,1625,124,TRUE,TRUE,High (Expressible)
99128,pAAV-mTH-GFP,3,2,+,3095,4171,359,spanning_target_gene,TRUE,TRUE,4125,574,TRUE,TRUE,High (Expressible)
